{
  "37a1": {
    "rank": 1, "conductor": 37, "weight": 2,
    "complex_zeros_imag": [
      "5.00317001400665869534627315571",
      "6.87039121695443194852465216240",
      "8.01433080787287922341889919693",
      "9.93309835360535171429552422483",
      "10.77513816254080044575148887495",
      "11.75732472284977634676677942867",
      "12.95838641388284594767331070614",
      "15.60385787320431886505786442681"
    ]
  },
  "389a1": {
    "rank": 2, "conductor": 389, "weight": 2,
    "complex_zeros_imag": [
      "2.87609907126046520176342609472",
      "4.41689608366525782922561294304",
      "5.79340263392836527147559896903",
      "6.98596665282868921801197833011",
      "7.47490749578543088938020099445",
      "8.63320524456332624160265056432",
      "9.63307880218491345472667008980",
      "10.35143331288149667136655977862"
    ]
  },
  "delta": {
    "weight": 12, "conductor": 1,
    "zeros_imag": [
      "9.22237939992110252224376719274",
      "13.90754986139213440644668132877",
      "17.44277697823447331355152513713",
      "19.65651314195496100012728175632",
      "22.33610363720986727568267445924",
      "25.27463654811236535674532419313",
      "26.80439115835040303257574923358",
      "28.83168262418687544502196191298"
    ]
  }
}
