{
  "37a1": {
    "rank": 1,
    "weight": 2,
    "conductor": 37,
    "L_sym2_at_k": 2.431423930619422,
    "petersson_norm_RS": 0.36267933086785864,
    "petersson_norm_pari": null,
    "petersson_norm": 0.36267933086785864,
    "ratio": 6.704059822767528
  },
  "389a1": {
    "rank": 2,
    "weight": 2,
    "conductor": 389,
    "L_sym2_at_k": 3.1681497161407948,
    "petersson_norm_RS": 4.96839015970029,
    "petersson_norm_pari": null,
    "petersson_norm": 4.96839015970029,
    "ratio": 0.6376612170755745
  },
  "Delta": {
    "rank": null,
    "weight": 12,
    "conductor": 1,
    "L_sym2_at_k": 0.6320429201621399,
    "petersson_norm_RS": null,
    "petersson_norm_pari": null,
    "petersson_norm": 1.0353620568694468e-06,
    "ratio": 610455.942410334
  }
}