p,a_p(37a1),a_p(11a1),a_p(389a1),reduction(37a1),reduction(11a1),reduction(389a1)
2,-2,-2,-2,good,good,good
3,-3,-1,-2,good,good,good
5,-2,1,-3,good,good,good
7,-1,-2,-5,good,good,good
11,-5,1,-4,good,bad,good
13,-2,4,-3,good,good,good
17,0,-2,-6,good,good,good
19,0,0,5,good,good,good
23,2,-1,-4,good,good,good
29,6,0,-6,good,good,good
31,-4,7,4,good,good,good
37,-1,3,-8,bad,good,good
41,-9,-8,-3,good,good,good
43,2,-6,12,good,good,good
47,-9,8,-2,good,good,good
53,1,-6,-6,good,good,good
59,8,5,3,good,good,good
61,-8,12,-8,good,good,good
67,8,-7,-5,good,good,good
71,9,-3,-10,good,good,good
73,-1,4,-7,good,good,good
79,4,-10,-13,good,good,good
83,-15,-6,-12,good,good,good
89,4,15,-8,good,good,good
97,4,-7,-9,good,good,good
101,3,2,-4,good,good,good
103,18,-16,-6,good,good,good
107,-12,18,0,good,good,good
109,-16,10,2,good,good,good
113,-18,9,9,good,good,good
127,1,8,11,good,good,good
131,-12,-18,2,good,good,good
137,-6,-7,-2,good,good,good
139,4,10,16,good,good,good
149,-5,-10,10,good,good,good
151,16,2,-10,good,good,good
157,23,-7,-6,good,good,good
163,-18,4,-20,good,good,good
167,-12,-12,8,good,good,good
173,9,-6,15,good,good,good
179,18,-15,-19,good,good,good
181,5,7,15,good,good,good
191,-4,17,-4,good,good,good
193,-26,4,-18,good,good,good
197,3,-2,8,good,good,good
199,2,0,-2,good,good,good
211,-13,12,7,good,good,good
223,-17,19,-5,good,good,good
227,-16,18,12,good,good,good
229,7,15,-8,good,good,good
233,6,24,-6,good,good,good
239,-6,-30,5,good,good,good
241,14,-8,-30,good,good,good
251,-2,-23,22,good,good,good
257,0,-2,8,good,good,good
263,19,14,-24,good,good,good
269,-6,10,3,good,good,good
271,-31,-28,-8,good,good,good
277,12,-2,17,good,good,good
281,12,-18,-12,good,good,good
283,4,4,-9,good,good,good
293,-2,24,-10,good,good,good
307,-17,8,26,good,good,good
311,0,12,-7,good,good,good
313,22,-1,19,good,good,good
317,22,13,-22,good,good,good
331,-2,7,4,good,good,good
337,-25,-22,-18,good,good,good
347,-10,28,9,good,good,good
349,6,30,-10,good,good,good
353,8,-21,14,good,good,good
359,-15,-20,-20,good,good,good
367,8,-17,2,good,good,good
373,-19,-26,-22,good,good,good
379,15,-5,4,good,good,good
383,20,-1,-7,good,good,good
389,4,-15,1,good,good,bad
397,-5,-2,24,good,good,good
401,18,2,-22,good,good,good
409,20,-30,-1,good,good,good
419,7,20,-35,good,good,good
421,-24,22,-16,good,good,good
431,-30,-18,11,good,good,good
433,9,-11,29,good,good,good
439,28,40,16,good,good,good
443,1,-11,35,good,good,good
449,36,35,-24,good,good,good
457,18,-12,-9,good,good,good
461,30,12,-14,good,good,good
463,-22,-11,-27,good,good,good
467,-2,-27,28,good,good,good
479,14,20,36,good,good,good
487,-24,23,20,good,good,good
491,-28,-8,-27,good,good,good
499,12,20,-36,good,good,good
503,16,-26,-9,good,good,good
509,-31,15,30,good,good,good
521,-33,-3,8,good,good,good
523,-22,-16,38,good,good,good
541,20,-8,-20,good,good,good
547,8,8,8,good,good,good
557,-18,-2,6,good,good,good
563,-30,4,-10,good,good,good
569,-24,0,-15,good,good,good
571,7,-28,12,good,good,good
577,0,33,-10,good,good,good
587,-32,28,-24,good,good,good
593,-5,44,44,good,good,good
599,1,40,0,good,good,good
601,-22,2,-40,good,good,good
607,-32,-22,7,good,good,good
613,15,-16,-12,good,good,good
617,17,18,-6,good,good,good
619,-1,-25,24,good,good,good
631,-28,7,-30,good,good,good
641,-1,-33,7,good,good,good
643,14,29,-48,good,good,good
647,-8,-7,10,good,good,good
653,-24,-41,30,good,good,good
659,-15,10,-27,good,good,good
661,-28,37,-17,good,good,good
673,27,14,2,good,good,good
677,-11,-42,22,good,good,good
683,18,-16,-21,good,good,good
691,-20,17,-17,good,good,good
701,-12,2,34,good,good,good
709,40,-25,-19,good,good,good
719,39,15,-19,good,good,good
727,16,3,-26,good,good,good
733,7,-36,-43,good,good,good
739,-9,50,22,good,good,good
743,21,4,15,good,good,good
751,25,-23,-38,good,good,good
757,-50,-22,-24,good,good,good
761,-35,12,-21,good,good,good
769,26,20,5,good,good,good
773,-9,-6,-27,good,good,good
787,-5,-32,32,good,good,good
797,52,53,-18,good,good,good
809,2,0,10,good,good,good
811,47,-38,16,good,good,good
821,-47,22,34,good,good,good
823,-16,39,32,good,good,good
827,22,-52,-52,good,good,good
829,-4,25,-2,good,good,good
839,44,-5,4,good,good,good
853,26,14,-14,good,good,good
857,-48,8,39,good,good,good
859,-20,-15,1,good,good,good
863,-24,24,13,good,good,good
877,50,-12,-23,good,good,good
881,-14,-43,-14,good,good,good
883,48,4,-50,good,good,good
887,25,-22,-20,good,good,good
907,52,-12,-16,good,good,good
911,26,12,-24,good,good,good
919,-58,10,47,good,good,good
929,18,-30,-30,good,good,good
937,37,8,9,good,good,good
941,-10,42,-6,good,good,good
947,12,-27,28,good,good,good
953,61,34,-9,good,good,good
967,-14,-32,8,good,good,good
971,-8,47,5,good,good,good
977,28,-27,-24,good,good,good
983,9,39,-25,good,good,good
991,-18,-8,-53,good,good,good
997,-42,38,-22,good,good,good
1009,-47,-10,62,good,good,good
1013,36,39,36,good,good,good
1019,46,-10,36,good,good,good
1021,-62,22,-54,good,good,good
1031,-4,32,12,good,good,good
1033,3,-16,40,good,good,good
1039,-59,5,24,good,good,good
1049,-4,-55,0,good,good,good
1051,-16,2,64,good,good,good
1061,-62,-13,54,good,good,good
1063,7,44,-14,good,good,good
1069,-30,-20,-18,good,good,good
1087,12,8,-61,good,good,good
1091,30,-58,-36,good,good,good
1093,-36,-51,-21,good,good,good
1097,36,-42,-52,good,good,good
1103,-8,-51,16,good,good,good
1109,-35,-30,-31,good,good,good
1117,33,48,-22,good,good,good
1123,-22,24,-48,good,good,good
1129,50,50,66,good,good,good
1151,-25,2,-36,good,good,good
1153,18,-31,6,good,good,good
1163,-36,34,43,good,good,good
1171,-22,-3,-3,good,good,good
1181,57,-18,-48,good,good,good
1187,-33,-12,3,good,good,good
1193,-11,-21,-30,good,good,good
1201,44,2,50,good,good,good
1213,-12,-41,1,good,good,good
1217,-41,-42,60,good,good,good
1223,30,14,26,good,good,good
1229,-48,60,-1,good,good,good
1231,-19,-18,20,good,good,good
1237,-42,18,-6,good,good,good
1249,-13,40,28,good,good,good
1259,8,-25,-14,good,good,good
1277,-24,-47,-52,good,good,good
1279,64,-15,28,good,good,good
1283,-36,-36,-4,good,good,good
1289,48,0,25,good,good,good
1291,35,-8,26,good,good,good
1297,-38,48,-38,good,good,good
1301,30,27,-44,good,good,good
1303,56,39,-18,good,good,good
1307,36,28,69,good,good,good
1319,-4,-30,6,good,good,good
1321,35,47,2,good,good,good
1327,-2,68,-12,good,good,good
1361,66,12,-2,good,good,good
1367,62,-72,-16,good,good,good
1373,-2,39,-1,good,good,good
1381,63,-68,17,good,good,good
1399,-25,60,-20,good,good,good
1409,-1,-15,6,good,good,good
1423,-34,29,73,good,good,good
1427,-31,-12,20,good,good,good
1429,-24,-70,-5,good,good,good
1433,-54,54,-26,good,good,good
1439,-53,0,-5,good,good,good
1447,-57,28,34,good,good,good
1451,22,52,-10,good,good,good
1453,47,-71,44,good,good,good
1459,-37,-20,31,good,good,good
1471,-1,22,-31,good,good,good
1481,13,32,-66,good,good,good
1483,-39,49,-52,good,good,good
1487,-3,58,-72,good,good,good
1489,-22,-15,-3,good,good,good
1493,6,-36,1,good,good,good
1499,-66,55,-36,good,good,good
1511,-30,37,-72,good,good,good
1523,-8,-41,32,good,good,good
1531,16,32,-68,good,good,good
1543,-1,-36,-5,good,good,good
1549,-14,-15,10,good,good,good
1553,14,-56,-36,good,good,good
1559,-42,-60,-34,good,good,good
1567,14,-52,47,good,good,good
1571,12,-28,-6,good,good,good
1579,31,-30,-44,good,good,good
1583,-44,34,6,good,good,good
1597,28,-32,-34,good,good,good
1601,-46,2,-75,good,good,good
1607,72,33,-32,good,good,good
1609,-4,-10,-48,good,good,good
1613,-54,-6,-4,good,good,good
1619,-33,-20,-35,good,good,good
1621,17,22,-26,good,good,good
1627,-44,78,-60,good,good,good
1637,53,33,-42,good,good,good
1657,-26,-2,-58,good,good,good
1663,8,4,62,good,good,good
1667,-52,48,19,good,good,good
1669,54,50,-22,good,good,good
1693,-62,-6,26,good,good,good
1697,72,-42,62,good,good,good
1699,65,40,35,good,good,good
1709,-3,-45,63,good,good,good
1721,-40,-3,54,good,good,good
1723,-5,-46,-36,good,good,good
1733,44,-6,-40,good,good,good
1741,68,17,24,good,good,good
1747,28,-57,-56,good,good,good
1753,10,34,-22,good,good,good
1759,22,-40,20,good,good,good
1777,-62,8,7,good,good,good
1783,36,59,-36,good,good,good
1787,-4,-57,-4,good,good,good
1789,-16,10,32,good,good,good
1801,3,52,-27,good,good,good
1811,34,12,42,good,good,good
1823,-9,-56,56,good,good,good
1831,-78,-43,7,good,good,good
1847,12,-52,40,good,good,good
1861,81,62,70,good,good,good
1867,2,28,-33,good,good,good
1871,-17,-3,45,good,good,good
1873,26,-6,10,good,good,good
1877,22,18,-69,good,good,good
1879,-70,-35,-11,good,good,good
1889,66,70,-6,good,good,good
1901,-60,77,14,good,good,good
1907,-58,-52,-60,good,good,good
1913,-3,-36,-30,good,good,good
1931,9,-18,30,good,good,good
1933,-47,54,74,good,good,good
1949,19,-40,31,good,good,good
1951,-43,-23,1,good,good,good
1973,-54,79,13,good,good,good
1979,62,30,18,good,good,good
1987,-65,-22,55,good,good,good
1993,26,-66,84,good,good,good
1997,77,-72,-15,good,good,good
1999,39,-20,40,good,good,good
2003,12,4,27,good,good,good
2011,-56,-13,-85,good,good,good
2017,-14,-17,-38,good,good,good
2027,-70,63,-72,good,good,good
2029,42,45,-80,good,good,good
2039,75,60,83,good,good,good
2053,-38,84,-18,good,good,good
2063,-71,24,68,good,good,good
2069,41,70,52,good,good,good
2081,-71,-18,18,good,good,good
2083,-9,89,56,good,good,good
2087,-12,48,-51,good,good,good
2089,36,-10,53,good,good,good
2099,-55,35,6,good,good,good
2111,8,-38,88,good,good,good
2113,-43,-86,-53,good,good,good
2129,-42,20,-81,good,good,good
2131,-68,-68,22,good,good,good
2137,63,73,-20,good,good,good
2141,26,-58,75,good,good,good
2143,-60,-91,-38,good,good,good
2153,-43,-26,29,good,good,good
2161,0,-13,74,good,good,good
2179,68,-45,50,good,good,good
2203,28,-1,64,good,good,good
2207,-42,48,27,good,good,good
2213,-6,4,-71,good,good,good
2221,29,22,-55,good,good,good
2237,-32,78,2,good,good,good
2239,38,-70,-81,good,good,good
2243,0,-56,-17,good,good,good
2251,52,-48,-52,good,good,good
2267,-52,93,-8,good,good,good
2269,-71,25,35,good,good,good
2273,-9,4,-36,good,good,good
2281,-40,7,14,good,good,good
2287,24,38,62,good,good,good
2293,-39,29,-51,good,good,good
2297,11,-57,36,good,good,good
2309,-42,60,70,good,good,good
2311,40,-13,-62,good,good,good
2333,-50,59,17,good,good,good
2339,90,10,36,good,good,good
2341,61,67,-1,good,good,good
2347,-11,-37,88,good,good,good
2351,36,-48,33,good,good,good
2357,47,-57,-64,good,good,good
2371,40,-28,4,good,good,good
2377,-29,3,-22,good,good,good
2381,-72,-18,14,good,good,good
2383,14,-36,9,good,good,good
2389,-70,-50,43,good,good,good
2393,-90,54,-27,good,good,good
2399,24,-75,-69,good,good,good
2411,-48,62,-5,good,good,good
2417,47,-22,78,good,good,good
2423,-46,-31,30,good,good,good
2437,-98,-82,-28,good,good,good
2441,-15,42,-48,good,good,good
2447,6,3,57,good,good,good
2459,-90,-50,-65,good,good,good
2467,59,3,-47,good,good,good
2473,34,-11,-66,good,good,good
2477,6,48,-18,good,good,good
2503,82,14,-96,good,good,good
2521,30,72,1,good,good,good
2531,82,57,72,good,good,good
2539,-14,0,75,good,good,good
2543,-8,34,57,good,good,good
2549,66,-20,-90,good,good,good
2551,-18,-98,4,good,good,good
2557,37,13,34,good,good,good
2579,-4,20,15,good,good,good
2591,39,-58,26,good,good,good
2593,-50,14,-32,good,good,good
2609,10,-30,-34,good,good,good
2617,-47,18,-5,good,good,good
2621,-84,22,77,good,good,good
2633,-44,39,-48,good,good,good
2647,-40,38,35,good,good,good
2657,62,38,-33,good,good,good
2659,76,40,17,good,good,good
2663,21,39,-82,good,good,good
2671,103,72,-40,good,good,good
2677,-30,-7,42,good,good,good
2683,-46,-16,52,good,good,good
2687,90,23,-39,good,good,good
2689,91,5,-38,good,good,good
2693,-26,-41,-30,good,good,good
2699,-42,-55,49,good,good,good
2707,-6,-17,-29,good,good,good
2711,21,87,50,good,good,good
2713,2,-56,-50,good,good,good
2719,68,-70,40,good,good,good
2729,57,30,-66,good,good,good
2731,-25,-68,-76,good,good,good
2741,-26,-58,-96,good,good,good
2749,-39,50,22,good,good,good
2753,-10,49,89,good,good,good
2767,68,48,41,good,good,good
2777,102,-42,-61,good,good,good
2789,50,-20,55,good,good,good
2791,11,42,-91,good,good,good
2797,2,-42,-103,good,good,good
2801,78,52,66,good,good,good
2803,52,44,56,good,good,good
2819,11,-25,76,good,good,good
2833,-21,-6,28,good,good,good
2837,-21,-62,87,good,good,good
2843,46,4,48,good,good,good
2851,28,2,-18,good,good,good
2857,-68,-82,22,good,good,good
2861,14,-63,-28,good,good,good
2879,-72,-40,-30,good,good,good
2887,61,-57,53,good,good,good
2897,-6,38,-72,good,good,good
2903,-104,54,-64,good,good,good
2909,64,-25,-66,good,good,good
2917,-42,88,2,good,good,good
2927,24,-72,70,good,good,good
2939,37,-50,-89,good,good,good
2953,-54,-86,-49,good,good,good
2957,-93,3,0,good,good,good
2963,4,-81,16,good,good,good
2969,33,70,-18,good,good,good
2971,-44,-53,-13,good,good,good
2999,42,-80,25,good,good,good
3001,43,27,-22,good,good,good
3011,-6,62,-44,good,good,good
3019,44,85,-83,good,good,good
3023,-89,39,-82,good,good,good
3037,55,13,10,good,good,good
3041,-39,42,-22,good,good,good
3049,-80,-40,54,good,good,good
3061,-73,37,88,good,good,good
3067,-71,13,-95,good,good,good
3079,70,-20,64,good,good,good
3083,-59,29,-94,good,good,good
3089,16,25,58,good,good,good
3109,65,80,-30,good,good,good
3119,-64,-90,57,good,good,good
3121,-50,22,35,good,good,good
3137,-60,8,97,good,good,good
3163,28,-26,-42,good,good,good
3167,22,18,24,good,good,good
3169,-24,45,82,good,good,good
3181,-10,32,-38,good,good,good
3187,-40,-2,-22,good,good,good
3191,-19,-8,-63,good,good,good
3203,-9,-6,71,good,good,good
3209,45,-10,75,good,good,good
3217,-32,23,-92,good,good,good
3221,48,-103,106,good,good,good
3229,-35,70,61,good,good,good
3251,-38,-48,-82,good,good,good
3253,5,74,-19,good,good,good
3257,-58,58,-16,good,good,good
3259,-4,-60,-40,good,good,good
3271,28,-3,88,good,good,good
3299,80,100,-69,good,good,good
3301,64,-73,-62,good,good,good
3307,-78,98,50,good,good,good
3313,88,4,100,good,good,good
3319,-91,0,38,good,good,good
3323,-39,-76,99,good,good,good
3329,13,-100,52,good,good,good
3331,-13,-43,34,good,good,good
3343,60,44,14,good,good,good
3347,-20,-17,-62,good,good,good
3359,40,-45,-93,good,good,good
3361,-42,-88,21,good,good,good
3371,56,-103,44,good,good,good
3373,92,4,36,good,good,good
3389,70,15,-75,good,good,good
3391,-8,92,70,good,good,good
3407,-41,18,3,good,good,good
3413,21,9,-12,good,good,good
3433,4,-66,13,good,good,good
3449,-106,40,-6,good,good,good
3457,-65,-57,2,good,good,good
3461,20,-38,30,good,good,good
3463,24,-96,82,good,good,good
3467,-39,38,-90,good,good,good
3469,31,-85,66,good,good,good
3491,72,17,60,good,good,good
3499,-37,100,100,good,good,good
3511,0,12,-32,good,good,good
3517,-24,-22,-59,good,good,good
3527,-77,18,-88,good,good,good
3529,16,-35,-34,good,good,good
3533,-102,24,-44,good,good,good
3539,-66,20,66,good,good,good
3541,-101,42,46,good,good,good
3547,-18,53,-73,good,good,good
3557,72,-27,-50,good,good,good
3559,55,0,-45,good,good,good
3571,-96,-28,98,good,good,good
3581,-32,32,63,good,good,good
3583,44,-96,-72,good,good,good
3593,25,-26,18,good,good,good
3607,66,58,-27,good,good,good
3613,-6,-26,7,good,good,good
3617,93,63,-78,good,good,good
3623,24,4,-40,good,good,good
3631,-86,32,22,good,good,good
3637,74,-72,-32,good,good,good
3643,72,34,-99,good,good,good
3659,-93,30,24,good,good,good
3671,18,-78,2,good,good,good
3673,101,-76,14,good,good,good
3677,18,-62,-65,good,good,good
3691,92,92,110,good,good,good
3697,-38,23,47,good,good,good
3701,-30,102,-92,good,good,good
3709,90,20,-71,good,good,good
3719,-28,-55,3,good,good,good
3727,112,23,94,good,good,good
3733,67,114,-61,good,good,good
3739,84,-60,40,good,good,good
3761,-36,-88,-49,good,good,good
3767,31,-27,48,good,good,good
3769,28,40,67,good,good,good
3779,12,-30,75,good,good,good
3793,12,34,5,good,good,good
3797,-108,-82,51,good,good,good
3803,-84,74,-48,good,good,good
3821,46,-3,30,good,good,good
3823,17,84,-48,good,good,good
3833,-32,19,12,good,good,good
3847,28,-42,-44,good,good,good
3851,-69,-73,74,good,good,good
3853,44,74,108,good,good,good
3863,-24,54,-34,good,good,good
3877,-8,58,97,good,good,good
3881,-27,7,35,good,good,good
3889,-15,-70,-35,good,good,good
3907,16,-22,27,good,good,good
3911,11,12,88,good,good,good
3917,-74,-57,16,good,good,good
3919,-71,0,76,good,good,good
3923,-9,54,48,good,good,good
3929,-43,-60,32,good,good,good
3931,71,107,-64,good,good,good
3943,11,-96,-34,good,good,good
3947,-111,-107,36,good,good,good
3967,-8,-92,-48,good,good,good
3989,1,-90,119,good,good,good
4001,-102,102,-55,good,good,good
4003,4,-46,-25,good,good,good
4007,17,-32,112,good,good,good
4013,88,54,-14,good,good,good
4019,84,15,-84,good,good,good
4021,-53,22,-64,good,good,good
4027,4,28,39,good,good,good
4049,11,25,-55,good,good,good
4051,-92,-123,-54,good,good,good
4057,-74,103,72,good,good,good
4073,97,-31,-29,good,good,good
4079,-29,-60,94,good,good,good
4091,-73,92,-12,good,good,good
4093,48,94,-68,good,good,good
4099,-58,20,116,good,good,good
4111,51,62,9,good,good,good
4127,-42,48,18,good,good,good
4129,-92,-25,-67,good,good,good
4133,-3,4,32,good,good,good
4139,42,20,41,good,good,good
4153,-14,-36,-84,good,good,good
4157,44,-42,-3,good,good,good
4159,70,85,71,good,good,good
4177,41,88,-50,good,good,good
4201,34,-98,5,good,good,good
4211,117,-63,115,good,good,good
4217,38,33,-81,good,good,good
4219,84,10,-28,good,good,good
4229,14,-55,-48,good,good,good
4231,-64,-68,-76,good,good,good
4241,30,92,-64,good,good,good
4243,35,64,4,good,good,good
4253,-66,-16,-30,good,good,good
4259,-4,70,97,good,good,good
4261,-50,-113,32,good,good,good
4271,4,-53,54,good,good,good
4273,10,-41,26,good,good,good
4283,77,39,61,good,good,good
4289,-55,-60,96,good,good,good
4297,2,-62,66,good,good,good
4327,88,-107,-44,good,good,good
4337,-62,-2,7,good,good,good
4339,-87,55,34,good,good,good
4349,-32,-30,-118,good,good,good
4357,37,-117,30,good,good,good
4363,-69,-6,-86,good,good,good
4373,-17,84,-106,good,good,good
4391,-33,42,25,good,good,good
4397,88,108,-36,good,good,good
4409,-78,-30,-30,good,good,good
4421,48,72,-29,good,good,good
4423,-84,49,83,good,good,good
4441,-122,42,-24,good,good,good
4447,-35,83,32,good,good,good
4451,25,102,-64,good,good,good
4457,56,78,-15,good,good,good
4463,-24,-66,-81,good,good,good
4481,-50,82,75,good,good,good
4483,64,-106,-70,good,good,good
4493,-87,29,111,good,good,good
4507,-105,-82,-64,good,good,good
4513,43,59,-38,good,good,good
4517,-25,8,66,good,good,good
4519,4,5,-28,good,good,good
4523,47,-36,-92,good,good,good
4547,47,-12,-113,good,good,good
4549,96,-10,-49,good,good,good
4561,-57,112,-98,good,good,good
4567,108,-112,24,good,good,good
4583,12,-36,-21,good,good,good
4591,-63,-8,-80,good,good,good
4597,-34,-52,48,good,good,good
4603,122,89,-37,good,good,good
4621,97,122,-82,good,good,good
4637,11,18,82,good,good,good
4639,84,20,14,good,good,good
4643,-44,-81,-119,good,good,good
4649,-56,-80,27,good,good,good
4651,52,-73,43,good,good,good
4657,50,73,-41,good,good,good
4663,-29,64,-23,good,good,good
4673,87,114,9,good,good,good
4679,38,25,-131,good,good,good
4691,60,17,90,good,good,good
4703,120,-36,-128,good,good,good
4721,60,22,-12,good,good,good
4723,-42,-96,-3,good,good,good
4729,-53,30,-80,good,good,good
4733,45,129,-29,good,good,good
4751,114,-48,-90,good,good,good
4759,88,30,61,good,good,good
4783,-39,-101,-44,good,good,good
4787,-78,8,-87,good,good,good
4789,-81,110,29,good,good,good
4793,-108,-36,-43,good,good,good
4799,-48,105,-20,good,good,good
4801,-85,77,-82,good,good,good
4813,-23,-76,-108,good,good,good
4817,55,-132,-104,good,good,good
4831,53,-68,10,good,good,good
4861,-86,-88,35,good,good,good
4871,30,72,34,good,good,good
4877,31,93,-59,good,good,good
4889,-116,5,-10,good,good,good
4903,-60,-126,-26,good,good,good
4909,46,115,-62,good,good,good
4919,-22,30,-58,good,good,good
4931,51,32,-30,good,good,good
4933,57,94,-64,good,good,good
4937,37,-42,9,good,good,good
4943,-50,-76,9,good,good,good
4951,49,-48,-95,good,good,good
4957,-62,98,-11,good,good,good
4967,-60,-52,24,good,good,good
4969,-103,100,-100,good,good,good
4973,54,-1,30,good,good,good
4987,82,28,12,good,good,good
4993,22,44,-2,good,good,good
4999,-64,40,60,good,good,good
5003,46,119,-37,good,good,good
5009,-66,-45,-18,good,good,good
5011,121,-38,-35,good,good,good
5021,-51,-3,-65,good,good,good
5023,-15,54,26,good,good,good
5039,-56,15,98,good,good,good
5051,40,-48,-109,good,good,good
5059,27,10,92,good,good,good
5077,-40,8,62,good,good,good
5081,86,132,37,good,good,good
5087,36,93,-48,good,good,good
5099,84,-10,-57,good,good,good
5101,-106,2,14,good,good,good
5107,85,-32,80,good,good,good
5113,-67,29,34,good,good,good
5119,-76,15,25,good,good,good
5147,60,48,-62,good,good,good
5153,101,-111,103,good,good,good
5167,-72,28,-92,good,good,good
5171,69,97,-3,good,good,good
5179,29,-60,-43,good,good,good
5189,18,-80,88,good,good,good
5197,-112,-97,-13,good,good,good
5209,30,-50,10,good,good,good
5227,-68,48,102,good,good,good
5231,136,-18,30,good,good,good
5233,49,-96,-139,good,good,good
5237,-66,63,87,good,good,good
5261,-91,87,26,good,good,good
5273,18,-21,110,good,good,good
5279,52,-70,-66,good,good,good
5281,70,57,-92,good,good,good
5297,-86,-22,6,good,good,good
5303,-80,79,-11,good,good,good
5309,-64,-20,-42,good,good,good
5323,88,-76,112,good,good,good
5333,126,-126,-42,good,good,good
5347,22,23,33,good,good,good
5351,16,77,-23,good,good,good
5381,-113,132,-87,good,good,good
5387,80,-2,-132,good,good,good
5393,53,-11,136,good,good,good
5399,-59,-15,-26,good,good,good
5407,74,138,4,good,good,good
5413,-113,14,-26,good,good,good
5417,-112,-2,12,good,good,good
5419,-66,-110,60,good,good,good
5431,-132,82,40,good,good,good
5437,-106,-2,-87,good,good,good
5441,34,-108,-105,good,good,good
5443,-68,109,-28,good,good,good
5449,15,-5,136,good,good,good
5471,120,-3,-45,good,good,good
5477,18,128,24,good,good,good
5479,135,-95,-8,good,good,good
5483,-47,44,-104,good,good,good
5501,18,27,-75,good,good,good
5503,48,-101,-34,good,good,good
5507,-102,48,68,good,good,good
5519,-130,0,-35,good,good,good
5521,-20,22,40,good,good,good
5527,122,8,88,good,good,good
5531,38,-93,-64,good,good,good
5557,-22,-122,139,good,good,good
5563,46,134,111,good,good,good
5569,96,-25,68,good,good,good
5573,86,104,71,good,good,good
5581,132,7,58,good,good,good
5591,-93,-33,-4,good,good,good
5623,75,64,32,good,good,good
5639,-136,60,-24,good,good,good
5641,-42,17,16,good,good,good
5647,-4,113,-64,good,good,good
5651,-11,-48,148,good,good,good
5653,-40,4,88,good,good,good
5657,-90,-57,58,good,good,good
5659,-106,-125,-21,good,good,good
5669,58,-110,-74,good,good,good
5683,64,114,-68,good,good,good
5689,25,50,54,good,good,good
5693,-6,-146,49,good,good,good
5701,-102,77,-38,good,good,good
5711,100,-138,84,good,good,good
5717,98,-72,-148,good,good,good
5737,-92,118,-40,good,good,good
5741,-30,-8,-81,good,good,good
5743,-30,19,-48,good,good,good
5749,80,-30,-85,good,good,good
5779,-101,25,-2,good,good,good
5783,-99,104,20,good,good,good
5791,-124,92,-89,good,good,good
5801,92,102,64,good,good,good
5807,-28,-92,-25,good,good,good
5813,-117,-1,-4,good,good,good
5821,-25,-78,-44,good,good,good
5827,28,-12,-68,good,good,good
5839,96,100,115,good,good,good
5843,-135,-66,-42,good,good,good
5849,61,80,-104,good,good,good
5851,62,2,44,good,good,good
5857,93,-137,-120,good,good,good
5861,-78,-38,20,good,good,good
5867,21,33,48,good,good,good
5869,-126,10,8,good,good,good
5879,121,-55,19,good,good,good
5881,148,-68,86,good,good,good
5897,-30,-27,-35,good,good,good
5903,112,-66,-8,good,good,good
5923,49,59,8,good,good,good
5927,-72,123,100,good,good,good
5939,108,40,10,good,good,good
5953,-109,94,-46,good,good,good
5981,58,-18,20,good,good,good
5987,43,73,4,good,good,good
6007,-154,8,-16,good,good,good
6011,-138,-63,-12,good,good,good
6029,54,105,134,good,good,good
6037,74,-117,7,good,good,good
6043,-93,-101,-65,good,good,good
6047,-48,-42,-52,good,good,good
6053,12,-26,-111,good,good,good
6067,-92,48,-93,good,good,good
6073,-64,-26,94,good,good,good
6079,67,100,46,good,good,good
6089,73,80,-126,good,good,good
6091,-106,-8,-105,good,good,good
6101,-106,-48,-146,good,good,good
6113,16,-16,-129,good,good,good
6121,2,97,-60,good,good,good
6131,-44,57,-45,good,good,good
6133,71,94,25,good,good,good
6143,45,4,-96,good,good,good
6151,120,52,-36,good,good,good
6163,100,59,-136,good,good,good
6173,-44,-86,-72,good,good,good
6197,-98,113,72,good,good,good
6199,-66,90,128,good,good,good
6203,-86,4,132,good,good,good
6211,-10,-38,-84,good,good,good
6217,14,-62,23,good,good,good
6221,120,-128,120,good,good,good
6229,20,-115,-47,good,good,good
6247,12,-102,18,good,good,good
6257,35,-47,42,good,good,good
6263,53,19,80,good,good,good
6269,-15,-30,-14,good,good,good
6271,-52,-53,-4,good,good,good
6277,-10,-132,34,good,good,good
6287,-4,-132,-24,good,good,good
6299,-57,-30,36,good,good,good
6301,98,-23,-119,good,good,good
6311,-71,12,-75,good,good,good
6317,2,-147,27,good,good,good
6323,81,89,-5,good,good,good
6329,-108,50,6,good,good,good
6337,-82,38,79,good,good,good
6343,-21,-76,25,good,good,good
6353,93,-86,27,good,good,good
6359,-56,60,-26,good,good,good
6361,97,-138,42,good,good,good
6367,47,-12,75,good,good,good
6373,-5,-146,152,good,good,good
6379,-50,130,8,good,good,good
6389,42,-75,-6,good,good,good
6397,65,-22,50,good,good,good
6421,50,-28,104,good,good,good
6427,113,-37,100,good,good,good
6449,15,105,10,good,good,good
6451,-26,52,-134,good,good,good
6469,26,-55,26,good,good,good
6473,14,-91,-26,good,good,good
6481,-32,-18,-42,good,good,good
6491,83,117,-129,good,good,good
6521,87,-3,-122,good,good,good
6529,-58,-80,92,good,good,good
6547,84,68,17,good,good,good
6551,-52,-98,57,good,good,good
6553,2,74,144,good,good,good
6563,108,-56,64,good,good,good
6569,74,130,-63,good,good,good
6571,-118,-28,-121,good,good,good
6577,102,-72,23,good,good,good
6581,90,-93,-16,good,good,good
6599,-28,-50,-106,good,good,good
6607,-72,48,115,good,good,good
6619,-65,-50,-3,good,good,good
6637,80,-122,147,good,good,good
6653,-57,69,-120,good,good,good
6659,60,-95,100,good,good,good
6661,-93,-38,0,good,good,good
6673,-36,4,2,good,good,good
6679,-8,40,41,good,good,good
6689,-50,15,119,good,good,good
6691,56,-83,12,good,good,good
6701,-157,102,-30,good,good,good
6703,-74,-91,16,good,good,good
6709,83,60,-7,good,good,good
6719,14,-120,109,good,good,good
6733,127,-91,17,good,good,good
6737,87,118,-74,good,good,good
6761,-57,-88,-148,good,good,good
6763,-122,29,-121,good,good,good
6779,24,60,108,good,good,good
6781,-94,7,-23,good,good,good
6791,-80,117,-117,good,good,good
6793,-114,104,62,good,good,good
6803,-78,-11,54,good,good,good
6823,-154,-56,73,good,good,good
6827,-30,-132,41,good,good,good
6829,-153,65,-10,good,good,good
6833,37,24,-59,good,good,good
6841,-83,-108,-162,good,good,good
6857,63,-127,-102,good,good,good
6863,144,64,34,good,good,good
6869,8,85,114,good,good,good
6871,-56,122,-122,good,good,good
6883,52,-96,24,good,good,good
6899,100,-90,30,good,good,good
6907,85,108,52,good,good,good
6911,-64,-88,-40,good,good,good
6917,82,38,-57,good,good,good
6947,-48,-72,-99,good,good,good
6949,14,130,-74,good,good,good
6959,-55,30,-40,good,good,good
6961,-144,62,-78,good,good,good
6967,-143,8,52,good,good,good
6971,-98,-128,132,good,good,good
6977,134,-37,-99,good,good,good
6983,117,-101,27,good,good,good
6991,164,142,105,good,good,good
6997,-89,23,-103,good,good,good
7001,60,-98,78,good,good,good
7013,-60,-126,-62,good,good,good
7019,-116,120,-96,good,good,good
7027,100,23,-72,good,good,good
7039,-73,-60,-146,good,good,good
7043,-80,164,-17,good,good,good
7057,-13,-62,-93,good,good,good
7069,-154,-60,-18,good,good,good
7079,87,120,145,good,good,good
7103,-91,24,-84,good,good,good
7109,-24,15,-108,good,good,good
7121,-66,-3,11,good,good,good
7127,166,-72,-57,good,good,good
7129,-59,-145,75,good,good,good
7151,-108,-73,124,good,good,good
7159,20,-105,-88,good,good,good
7177,-99,-142,-22,good,good,good
7187,-32,153,28,good,good,good
7193,-126,-6,-48,good,good,good
7207,146,78,32,good,good,good
7211,-73,162,-161,good,good,good
7213,-120,-66,-75,good,good,good
7219,37,25,94,good,good,good
7229,-64,-110,12,good,good,good
7237,68,38,106,good,good,good
7243,-100,-21,-134,good,good,good
7247,-118,-57,95,good,good,good
7253,31,59,132,good,good,good
7283,-122,-141,130,good,good,good
7297,-86,138,-102,good,good,good
7307,-160,-7,52,good,good,good
7309,166,-25,34,good,good,good
7321,24,72,88,good,good,good
7331,58,-68,30,good,good,good
7333,118,-36,-155,good,good,good
7349,-2,-150,-95,good,good,good
7351,-27,-48,130,good,good,good
7369,12,-80,-18,good,good,good
7393,-61,69,-154,good,good,good
7411,20,-88,148,good,good,good
7417,112,103,82,good,good,good
7433,130,54,-38,good,good,good
7451,-4,-148,138,good,good,good
7457,-108,-142,43,good,good,good
7459,112,135,-116,good,good,good
7477,149,138,115,good,good,good
7481,26,-43,84,good,good,good
7487,-24,78,31,good,good,good
7489,108,25,-104,good,good,good
7499,-68,30,-32,good,good,good
7507,47,-87,-80,good,good,good
7517,44,-42,-98,good,good,good
7523,15,24,-166,good,good,good
7529,14,145,-138,good,good,good
7537,-125,-92,-134,good,good,good
7541,94,142,17,good,good,good
7547,103,123,-144,good,good,good
7549,157,-45,32,good,good,good
7559,-155,-30,-19,good,good,good
7561,-32,-138,-16,good,good,good
7573,-31,109,104,good,good,good
7577,12,-2,152,good,good,good
7583,66,64,144,good,good,good
7589,75,40,2,good,good,good
7591,-136,-33,-92,good,good,good
7603,50,-56,-34,good,good,good
7607,-74,38,-163,good,good,good
7621,47,22,145,good,good,good
7639,-20,-95,-29,good,good,good
7643,-141,159,-75,good,good,good
7649,150,-130,-36,good,good,good
7669,-93,-70,101,good,good,good
7673,114,84,4,good,good,good
7681,-72,107,49,good,good,good
7687,-91,-17,-24,good,good,good
7691,40,42,-100,good,good,good
7699,-37,50,100,good,good,good
7703,-5,-51,-112,good,good,good
7717,-63,48,-31,good,good,good
7723,25,-151,-30,good,good,good
7727,-62,33,-12,good,good,good
7741,40,92,58,good,good,good
7753,52,19,164,good,good,good
7757,108,28,126,good,good,good
7759,131,55,60,good,good,good
7789,-20,90,-30,good,good,good
7793,6,-21,6,good,good,good
7817,83,58,90,good,good,good
7823,161,14,-66,good,good,good
7829,-6,60,-59,good,good,good
7841,-6,17,-30,good,good,good
7853,-142,-96,-2,good,good,good
7867,-2,88,73,good,good,good
7873,-32,-6,-29,good,good,good
7877,74,-122,-109,good,good,good
7879,114,-165,149,good,good,good
7883,-114,-36,-134,good,good,good
7901,-96,127,-27,good,good,good
7907,-3,-147,-9,good,good,good
7919,15,20,4,good,good,good
7927,7,-132,-46,good,good,good
7933,-94,74,38,good,good,good
7937,62,18,-46,good,good,good
7949,-8,-30,-85,good,good,good
7951,0,-48,-52,good,good,good
7963,-82,-136,93,good,good,good
7993,-69,-26,34,good,good,good
8009,122,85,12,good,good,good
8011,-94,137,100,good,good,good
8017,-133,-62,36,good,good,good
8039,-49,-75,108,good,good,good
8053,16,-46,74,good,good,good
8059,4,130,46,good,good,good
8069,174,-40,-21,good,good,good
8081,126,-18,-140,good,good,good
8087,24,-42,-70,good,good,good
8089,118,135,-30,good,good,good
8093,-23,-86,51,good,good,good
8101,128,77,-135,good,good,good
8111,-24,112,-87,good,good,good
8117,-108,168,-9,good,good,good
8123,-58,84,-12,good,good,good
8147,44,-112,-108,good,good,good
8161,-163,-38,-38,good,good,good
8167,33,123,-38,good,good,good
8171,66,-28,108,good,good,good
8179,-100,-130,-10,good,good,good
8191,-102,92,14,good,good,good
8209,-112,-35,64,good,good,good
8219,54,-120,-66,good,good,good
8221,83,-3,93,good,good,good
8231,-22,107,64,good,good,good
8233,104,169,15,good,good,good
8237,90,-17,42,good,good,good
8243,84,99,-36,good,good,good
8263,85,-46,0,good,good,good
8269,-70,-100,134,good,good,good
8273,-50,-26,100,good,good,good
8287,37,-72,72,good,good,good
8291,156,-108,-89,good,good,good
8293,22,-6,-120,good,good,good
8297,-9,-117,96,good,good,good
8311,18,-38,-48,good,good,good
8317,-152,18,-132,good,good,good
8329,71,-110,-108,good,good,good
8353,61,59,82,good,good,good
8363,-49,84,-48,good,good,good
8369,73,130,-84,good,good,good
8377,-44,-92,113,good,good,good
8387,17,168,-108,good,good,good
8389,-94,110,-65,good,good,good
8419,36,-60,-86,good,good,good
8423,90,-156,82,good,good,good
8429,93,-15,-86,good,good,good
8431,-80,107,101,good,good,good
8443,-103,54,-142,good,good,good
8447,-111,-152,108,good,good,good
8461,22,12,-93,good,good,good
8467,38,-122,156,good,good,good
8501,-86,-23,108,good,good,good
8513,77,-36,-27,good,good,good
8521,-89,72,-52,good,good,good
8527,-32,148,-126,good,good,good
8537,-149,13,-12,good,good,good
8539,70,145,113,good,good,good
8543,-8,-126,-18,good,good,good
8563,129,-76,-29,good,good,good
8573,-18,-146,-126,good,good,good
8581,77,-93,118,good,good,good
8597,-86,78,58,good,good,good
8599,-38,80,-64,good,good,good
8609,-82,130,98,good,good,good
8623,44,74,-137,good,good,good
8627,150,-137,36,good,good,good
8629,-112,145,44,good,good,good
8641,-42,-108,-10,good,good,good
8647,96,-127,-24,good,good,good
8663,-40,124,114,good,good,good
8669,139,-130,-30,good,good,good
8677,104,98,37,good,good,good
8681,-110,132,-40,good,good,good
8689,-134,90,-6,good,good,good
8693,46,-86,-130,good,good,good
8699,15,135,-87,good,good,good
8707,65,88,28,good,good,good
8713,134,-61,74,good,good,good
8719,42,40,132,good,good,good
8731,-117,82,-35,good,good,good
8737,-80,-2,-2,good,good,good
8741,139,-108,-39,good,good,good
8747,42,-32,-94,good,good,good
8753,86,24,116,good,good,good
8761,-70,-13,52,good,good,good
8779,85,55,-85,good,good,good
8783,26,69,9,good,good,good
8803,-101,124,-51,good,good,good
8807,-151,48,-75,good,good,good
8819,6,50,-114,good,good,good
8821,74,-78,14,good,good,good
8831,65,157,-150,good,good,good
8837,86,3,58,good,good,good
8839,-187,-70,-116,good,good,good
8849,162,90,138,good,good,good
8861,120,12,135,good,good,good
8863,74,-116,64,good,good,good
8867,-48,-57,-8,good,good,good
8887,77,-62,-138,good,good,good
8893,106,-46,123,good,good,good
8923,24,-36,-45,good,good,good
8929,126,-40,-146,good,good,good
8933,75,109,76,good,good,good
8941,-2,-133,26,good,good,good
8951,83,52,-165,good,good,good
8963,-144,129,-144,good,good,good
8969,92,15,-112,good,good,good
8971,-30,-128,124,good,good,good
8999,30,25,51,good,good,good
9001,106,-23,-15,good,good,good
9007,-81,153,-88,good,good,good
9011,-42,-38,-81,good,good,good
9013,-6,119,70,good,good,good
9029,-149,115,16,good,good,good
9041,-130,42,-57,good,good,good
9043,88,144,140,good,good,good
9049,97,-130,90,good,good,good
9059,174,100,25,good,good,good
9067,98,-147,39,good,good,good
9091,-83,67,-65,good,good,good
9103,-176,14,104,good,good,good
9109,109,85,40,good,good,good
9127,28,-12,-120,good,good,good
9133,-36,79,-96,good,good,good
9137,84,78,-76,good,good,good
9151,-33,102,134,good,good,good
9157,6,63,43,good,good,good
9161,32,-138,-169,good,good,good
9173,-181,24,144,good,good,good
9181,88,82,96,good,good,good
9187,-129,58,130,good,good,good
9199,-102,80,-125,good,good,good
9203,-103,-166,-111,good,good,good
9209,-102,120,9,good,good,good
9221,-24,-103,28,good,good,good
9227,150,-52,146,good,good,good
9239,-95,-60,3,good,good,good
9241,-135,-133,22,good,good,good
9257,39,88,143,good,good,good
9277,-114,43,-71,good,good,good
9281,-114,132,-25,good,good,good
9283,156,-166,4,good,good,good
9293,-12,-66,48,good,good,good
9311,-84,-13,-96,good,good,good
9319,-150,-20,-64,good,good,good
9323,-69,134,116,good,good,good
9337,4,-67,103,good,good,good
9341,-32,42,45,good,good,good
9343,-94,-151,-96,good,good,good
9349,19,-100,15,good,good,good
9371,-29,-78,135,good,good,good
9377,-159,-142,-19,good,good,good
9391,-172,142,53,good,good,good
9397,90,83,0,good,good,good
9403,-80,119,-17,good,good,good
9413,-12,-166,3,good,good,good
9419,57,0,-38,good,good,good
9421,34,-78,-61,good,good,good
9431,-64,32,-109,good,good,good
9433,-132,94,74,good,good,good
9437,56,38,174,good,good,good
9439,-161,65,-80,good,good,good
9461,155,62,158,good,good,good
9463,64,184,-51,good,good,good
9467,150,8,14,good,good,good
9473,-45,114,41,good,good,good
9479,24,60,-105,good,good,good
9491,24,-108,-20,good,good,good
9497,-27,-87,16,good,good,good
9511,-164,-38,141,good,good,good
9521,27,-78,-120,good,good,good
9533,66,-36,-58,good,good,good
9539,131,0,80,good,good,good
9547,36,-2,57,good,good,good
9551,-72,27,0,good,good,good
9587,-108,18,30,good,good,good
9601,50,-173,4,good,good,good
9613,25,64,19,good,good,good
9619,-113,-140,-5,good,good,good
9623,-24,-61,33,good,good,good
9629,55,25,-107,good,good,good
9631,148,-118,35,good,good,good
9643,176,24,34,good,good,good
9649,-128,-90,-99,good,good,good
9661,-9,-13,-190,good,good,good
9677,-6,138,-174,good,good,good
9679,48,30,-143,good,good,good
9689,4,-175,26,good,good,good
9697,-123,178,-183,good,good,good
9719,43,110,123,good,good,good
9721,103,-178,-26,good,good,good
9733,32,49,124,good,good,good
9739,-58,-115,58,good,good,good
9743,173,164,44,good,good,good
9749,-138,-170,-170,good,good,good
9767,165,18,-72,good,good,good
9769,-23,-5,-130,good,good,good
9781,140,-18,-172,good,good,good
9787,-50,-2,-169,good,good,good
9791,-66,-108,-144,good,good,good
9803,30,144,131,good,good,good
9811,-170,62,-123,good,good,good
9817,-93,-102,-8,good,good,good
9829,-88,-80,-88,good,good,good
9833,53,134,-152,good,good,good
9839,27,-45,40,good,good,good
9851,-40,-48,-78,good,good,good
9857,-78,-117,-144,good,good,good
9859,158,-85,-122,good,good,good
9871,-70,-128,50,good,good,good
9883,12,-81,-16,good,good,good
9887,-10,-117,162,good,good,good
9901,118,102,133,good,good,good
9907,101,148,166,good,good,good
9923,-180,49,-134,good,good,good
9929,-54,0,-60,good,good,good
9931,26,57,-133,good,good,good
9941,105,42,-138,good,good,good
9949,-65,-10,14,good,good,good
9967,2,43,80,good,good,good
9973,154,4,25,good,good,good
10007,66,18,82,good,good,good
10009,152,-190,150,good,good,good
10037,-51,-182,125,good,good,good
10039,-96,60,-90,good,good,good
10061,131,162,38,good,good,good
10067,-23,-12,80,good,good,good
10069,78,-10,-151,good,good,good
10079,52,135,-144,good,good,good
10091,-33,167,146,good,good,good
10093,104,54,122,good,good,good
10099,66,-100,142,good,good,good
10103,76,39,-184,good,good,good
10111,-13,-38,4,good,good,good
10133,-134,24,3,good,good,good
10139,-180,-130,32,good,good,good
10141,-65,92,116,good,good,good
10151,-48,152,174,good,good,good
10159,-53,150,-61,good,good,good
10163,-161,-136,-51,good,good,good
10169,-172,135,163,good,good,good
10177,-116,198,-179,good,good,good
10181,52,-18,-27,good,good,good
10193,112,-76,-126,good,good,good
10211,-129,87,-84,good,good,good
10223,-153,179,-12,good,good,good
10243,-154,-66,169,good,good,good
10247,42,-72,83,good,good,good
10253,-101,-21,-14,good,good,good
10259,159,30,-138,good,good,good
10267,94,-67,96,good,good,good
10271,-46,72,-12,good,good,good
10273,28,74,87,good,good,good
10289,-111,85,50,good,good,good
10301,-150,127,81,good,good,good
10303,128,-166,-66,good,good,good
10313,141,24,64,good,good,good
10321,56,-3,52,good,good,good
10331,-102,82,72,good,good,good
10333,-23,89,132,good,good,good
10337,22,198,13,good,good,good
10343,-128,-111,-128,good,good,good
10357,98,38,-98,good,good,good
10369,38,-110,152,good,good,good
10391,86,-158,143,good,good,good
10399,0,-5,54,good,good,good
10427,-75,-122,-28,good,good,good
10429,24,130,-147,good,good,good
10433,-22,119,-96,good,good,good
10453,158,-26,192,good,good,good
10457,-36,-52,87,good,good,good
10459,-64,-155,-11,good,good,good
10463,54,-146,144,good,good,good
10477,98,-67,124,good,good,good
10487,117,-47,-123,good,good,good
10499,40,115,107,good,good,good
10501,57,152,38,good,good,good
10513,-170,84,-22,good,good,good
10529,51,-110,-46,good,good,good
10531,-20,-143,-60,good,good,good
10559,46,10,-48,good,good,good
10567,158,58,135,good,good,good
10589,-22,-190,-159,good,good,good
10597,-42,38,-102,good,good,good
10601,94,-148,-100,good,good,good
10607,7,68,82,good,good,good
10613,12,-21,-52,good,good,good
10627,98,128,118,good,good,good
10631,-3,57,100,good,good,good
10639,-114,50,190,good,good,good
10651,28,-173,2,good,good,good
10657,182,3,18,good,good,good
10663,-80,69,80,good,good,good
10667,-159,-122,-181,good,good,good
10687,-22,-182,-127,good,good,good
10691,88,-58,-82,good,good,good
10709,-90,-150,19,good,good,good
10711,44,-88,5,good,good,good
10723,-93,-36,-111,good,good,good
10729,-66,25,14,good,good,good
10733,129,4,93,good,good,good
10739,-156,-105,-101,good,good,good
10753,-128,14,-154,good,good,good
10771,-55,72,-73,good,good,good
10781,-176,-143,-34,good,good,good
10789,-4,-150,104,good,good,good
10799,-66,130,111,good,good,good
10831,24,-68,-80,good,good,good
10837,41,-92,91,good,good,good
10847,126,73,28,good,good,good
10853,-147,-16,116,good,good,good
10859,158,170,122,good,good,good
10861,-64,-38,-60,good,good,good
10867,23,118,115,good,good,good
10883,174,39,81,good,good,good
10889,75,-110,-18,good,good,good
10891,110,-108,128,good,good,good
10903,152,144,37,good,good,good
10909,-110,40,-101,good,good,good
10937,-78,73,138,good,good,good
10939,162,-20,-166,good,good,good
10949,-75,-30,120,good,good,good
10957,-38,-67,3,good,good,good
10973,150,-66,-99,good,good,good
10979,180,5,20,good,good,good
10987,146,-67,-147,good,good,good
10993,49,-26,22,good,good,good
11003,-106,-176,-44,good,good,good
11027,-52,108,8,good,good,good
11047,141,133,-32,good,good,good
11057,48,-72,8,good,good,good
11059,-151,155,-46,good,good,good
11069,-10,50,130,good,good,good
11071,-14,47,76,good,good,good
11083,94,-56,-134,good,good,good
11087,96,138,-54,good,good,good
11093,-169,-21,106,good,good,good
11113,-46,-91,-111,good,good,good
11117,-132,108,123,good,good,good
11119,-56,5,-50,good,good,good
11131,136,132,135,good,good,good
11149,5,90,-8,good,good,good
11159,-110,-175,-63,good,good,good
11161,42,162,86,good,good,good
11171,60,-128,-72,good,good,good
11173,25,-6,34,good,good,good
11177,127,53,178,good,good,good
11197,200,-152,10,good,good,good
11213,118,19,-66,good,good,good
11239,-128,20,49,good,good,good
11243,-198,-31,90,good,good,good
11251,-113,-48,143,good,good,good
11257,-109,123,-98,good,good,good
11261,0,12,45,good,good,good
11273,87,-86,2,good,good,good
11279,6,0,-64,good,good,good
11287,-110,163,17,good,good,good
11299,124,-40,20,good,good,good
11311,105,-88,-175,good,good,good
11317,122,113,154,good,good,good
11321,-206,-78,102,good,good,good
11329,153,-70,-6,good,good,good
11351,138,102,180,good,good,good
11353,186,79,-58,good,good,good
11369,49,110,-162,good,good,good
11383,-178,24,8,good,good,good
11393,94,-136,-10,good,good,good
11399,-40,105,-80,good,good,good
11411,-58,187,-60,good,good,good
11423,193,-41,-183,good,good,good
11437,-110,98,110,good,good,good
11443,-44,-61,180,good,good,good
11447,-86,88,-39,good,good,good
11467,71,-27,-56,good,good,good
11471,-120,72,56,good,good,good
11483,-54,134,-12,good,good,good
11489,-12,30,-3,good,good,good
11491,-121,-58,-1,good,good,good
11497,69,-32,-67,good,good,good
11503,-11,-76,-6,good,good,good
11519,-135,-70,66,good,good,good
11527,-34,178,11,good,good,good
11549,186,0,50,good,good,good
11551,-60,-173,181,good,good,good
11579,0,50,-13,good,good,good
11587,104,53,-130,good,good,good
11593,-174,-56,37,good,good,good
11597,90,-17,97,good,good,good
11617,-107,43,-164,good,good,good
11621,117,-3,-163,good,good,good
11633,-70,-106,-114,good,good,good
11657,-24,68,-121,good,good,good
11677,-174,8,-123,good,good,good
11681,-129,82,30,good,good,good
11689,-183,110,163,good,good,good
11699,60,-60,140,good,good,good
11701,121,52,-90,good,good,good
11717,99,-12,48,good,good,good
11719,-205,-135,211,good,good,good
11731,14,-93,68,good,good,good
11743,-10,4,179,good,good,good
11777,-71,168,-56,good,good,good
11779,-154,-85,-100,good,good,good
11783,-4,-126,84,good,good,good
11789,-190,170,78,good,good,good
11801,28,177,-38,good,good,good
11807,-68,-77,165,good,good,good
11813,33,-86,19,good,good,good
11821,-86,122,22,good,good,good
11827,-152,198,47,good,good,good
11831,115,-18,-198,good,good,good
11833,-10,-46,-184,good,good,good
11839,4,95,44,good,good,good
11863,-80,-176,165,good,good,good
11867,-84,-12,2,good,good,good
11887,80,-72,144,good,good,good
11897,144,-72,-64,good,good,good
11903,184,104,-152,good,good,good
11909,156,130,58,good,good,good
11923,-63,-126,116,good,good,good
11927,48,113,-120,good,good,good
11933,-144,99,186,good,good,good
11939,-60,60,-103,good,good,good
11941,109,-8,128,good,good,good
11953,-172,-116,190,good,good,good
11959,-16,-130,136,good,good,good
11969,-186,-130,-80,good,good,good
11971,-104,-103,188,good,good,good
11981,-23,-18,-97,good,good,good
11987,108,-202,-140,good,good,good
12007,-190,-62,147,good,good,good
12011,110,12,-104,good,good,good
12037,-118,73,-90,good,good,good
12041,67,-8,36,good,good,good
12043,-120,84,39,good,good,good
12049,-34,-55,128,good,good,good
12071,128,-128,-80,good,good,good
12073,82,-116,-122,good,good,good
12097,-182,-42,-26,good,good,good
12101,-78,27,30,good,good,good
12107,116,-2,-52,good,good,good
12109,131,170,134,good,good,good
12113,-166,-46,-85,good,good,good
12119,64,50,184,good,good,good
12143,3,144,86,good,good,good
12149,-60,15,-82,good,good,good
12157,89,-22,140,good,good,good
12161,99,-138,91,good,good,good
12163,-31,134,-174,good,good,good
12197,-174,-82,82,good,good,good
12203,87,84,-43,good,good,good
12211,-120,137,174,good,good,good
12227,108,-42,183,good,good,good
12239,144,60,-25,good,good,good
12241,-6,17,208,good,good,good
12251,57,2,-218,good,good,good
12253,36,154,38,good,good,good
12263,141,-96,12,good,good,good
12269,-80,15,49,good,good,good
12277,-23,178,107,good,good,good
12281,-117,-43,-86,good,good,good
12289,52,200,-13,good,good,good
12301,62,-98,-122,good,good,good
12323,90,-81,-32,good,good,good
12329,-100,-135,-171,good,good,good
12343,-84,219,-164,good,good,good
12347,-203,53,52,good,good,good
12373,-32,39,192,good,good,good
12377,-14,-102,-22,good,good,good
12379,4,-100,93,good,good,good
12391,127,117,-70,good,good,good
12401,-166,-123,120,good,good,good
12409,80,85,-180,good,good,good
12413,76,199,-183,good,good,good
12421,113,-28,-16,good,good,good
12433,-175,179,26,good,good,good
12437,-90,-22,-71,good,good,good
12451,76,152,196,good,good,good
12457,110,-187,-69,good,good,good
12473,154,-176,38,good,good,good
12479,-179,-155,48,good,good,good
12487,-108,158,112,good,good,good
12491,-78,-108,-114,good,good,good
12497,-135,-102,-29,good,good,good
12503,145,-16,107,good,good,good
12511,30,137,113,good,good,good
12517,26,-32,49,good,good,good
12527,159,73,-49,good,good,good
12539,117,-10,132,good,good,good
12541,-86,-133,-9,good,good,good
12547,-57,-12,-7,good,good,good
12553,-109,-56,178,good,good,good
12569,-81,140,-3,good,good,good
12577,-71,-82,-73,good,good,good
12583,96,84,-52,good,good,good
12589,-31,30,-179,good,good,good
12601,131,-148,61,good,good,good
12611,72,-113,96,good,good,good
12613,-13,-56,4,good,good,good
12619,114,30,105,good,good,good
12637,122,-17,-108,good,good,good
12641,-170,-58,-86,good,good,good
12647,-201,58,64,good,good,good
12653,159,-151,-95,good,good,good
12659,72,-5,108,good,good,good
12671,128,-78,-99,good,good,good
12689,-70,130,56,good,good,good
12697,-120,133,1,good,good,good
12703,-157,-31,68,good,good,good
12713,72,-116,-82,good,good,good
12721,74,197,-140,good,good,good
12739,191,-185,-70,good,good,good
12743,176,-121,104,good,good,good
12757,80,-82,-85,good,good,good
12763,-140,-116,-220,good,good,good
12781,90,32,-112,good,good,good
12791,-40,-133,-115,good,good,good
12799,39,90,-196,good,good,good
12809,213,-225,-6,good,good,good
12821,-118,-28,-91,good,good,good
12823,-73,44,-86,good,good,good
12829,-98,135,-106,good,good,good
12841,130,-33,-14,good,good,good
12853,66,139,31,good,good,good
12889,188,-30,37,good,good,good
12893,-168,94,154,good,good,good
12899,-168,-80,160,good,good,good
12907,198,23,42,good,good,good
12911,222,-88,88,good,good,good
12917,-163,3,49,good,good,good
12919,-44,160,40,good,good,good
12923,113,-11,51,good,good,good
12941,-62,142,66,good,good,good
12953,-14,-36,144,good,good,good
12959,56,160,201,good,good,good
12967,-32,163,114,good,good,good
12973,-124,-46,16,good,good,good
12979,-188,-120,76,good,good,good
12983,20,-21,-12,good,good,good
13001,-96,2,-73,good,good,good
13003,19,4,-101,good,good,good
13007,-100,-12,-82,good,good,good
13009,112,30,72,good,good,good
13033,2,-26,-67,good,good,good
13037,40,8,-18,good,good,good
13043,-88,-186,-104,good,good,good
13049,-90,-170,-10,good,good,good
13063,-4,-226,70,good,good,good
13093,-108,-161,38,good,good,good
13099,-37,-65,99,good,good,good
13103,44,44,84,good,good,good
13109,65,-160,165,good,good,good
13121,-84,47,52,good,good,good
13127,168,-7,-13,good,good,good
13147,96,-32,143,good,good,good
13151,157,-148,-198,good,good,good
13159,182,65,-72,good,good,good
13163,-21,144,76,good,good,good
13171,73,47,-149,good,good,good
13177,-166,178,-87,good,good,good
13183,19,119,-116,good,good,good
13187,-2,108,-12,good,good,good
13217,-132,148,-195,good,good,good
13219,-35,100,-211,good,good,good
13229,212,0,98,good,good,good
13241,222,-108,-22,good,good,good
13249,-191,115,142,good,good,good
13259,-60,-145,-148,good,good,good
13267,40,-57,-17,good,good,good
13291,-186,92,-139,good,good,good
13297,118,-107,-182,good,good,good
13309,190,60,-50,good,good,good
13313,203,-91,93,good,good,good
13327,-133,108,-152,good,good,good
13331,-87,-18,48,good,good,good
13337,96,-57,-113,good,good,good
13339,182,10,-196,good,good,good
13367,49,88,117,good,good,good
13381,-128,-118,194,good,good,good
13397,18,198,82,good,good,good
13399,-42,-125,-104,good,good,good
13411,-158,-88,-20,good,good,good
13417,26,-22,104,good,good,good
13421,-18,-78,10,good,good,good
13441,70,142,22,good,good,good
13451,-42,27,-125,good,good,good
13457,-83,123,-148,good,good,good
13463,-210,-36,146,good,good,good
13469,-51,-65,-136,good,good,good
13477,57,-202,-22,good,good,good
13487,-40,-112,18,good,good,good
13499,-40,210,74,good,good,good
13513,204,-51,39,good,good,good
13523,-54,-96,180,good,good,good
13537,188,128,-2,good,good,good
13553,-173,129,-130,good,good,good
13567,19,133,-172,good,good,good
13577,12,213,84,good,good,good
13591,40,-208,121,good,good,good
13597,68,-127,-154,good,good,good
13613,-10,74,174,good,good,good
13619,-23,-180,4,good,good,good
13627,-217,-77,-124,good,good,good
13633,-116,89,68,good,good,good
13649,-135,35,-30,good,good,good
13669,-85,-10,85,good,good,good
13679,-161,20,-79,good,good,good
13681,131,-168,-1,good,good,good
13687,73,-152,142,good,good,good
13691,93,-108,5,good,good,good
13693,26,-41,-86,good,good,good
13697,-113,18,-118,good,good,good
13709,-30,115,-221,good,good,good
13711,-120,112,-179,good,good,good
13721,-180,97,59,good,good,good
13723,143,-166,128,good,good,good
13729,46,55,-77,good,good,good
13751,10,-23,4,good,good,good
13757,79,-102,-18,good,good,good
13759,-36,-5,67,good,good,good
13763,103,-96,-40,good,good,good
13781,-56,-93,-5,good,good,good
13789,82,30,44,good,good,good
13799,-100,-160,-133,good,good,good
13807,-2,-72,-208,good,good,good
13829,-45,-210,-154,good,good,good
13831,-80,-143,-19,good,good,good
13841,182,-158,-50,good,good,good
13859,159,-140,-32,good,good,good
13873,56,14,94,good,good,good
13877,206,8,98,good,good,good
13879,140,-90,-127,good,good,good
13883,162,-41,180,good,good,good
13901,-69,152,8,good,good,good
13903,120,104,124,good,good,good
13907,80,43,-84,good,good,good
13913,21,-221,38,good,good,good
13921,-175,172,-10,good,good,good
13931,108,132,123,good,good,good
13933,174,-186,-194,good,good,good
13963,-58,69,212,good,good,good
13967,152,78,-130,good,good,good
13997,47,78,-5,good,good,good
13999,-56,-80,-103,good,good,good
14009,68,-50,-1,good,good,good
14011,-33,162,204,good,good,good
14029,-144,-75,91,good,good,good
14033,-51,54,-120,good,good,good
14051,-3,-48,12,good,good,good
14057,145,-42,2,good,good,good
14071,72,-28,-107,good,good,good
14081,63,-43,105,good,good,good
14083,212,129,51,good,good,good
14087,-88,28,-24,good,good,good
14107,67,-137,-8,good,good,good
14143,187,64,-52,good,good,good
14149,-84,-95,160,good,good,good
14153,-92,234,-154,good,good,good
14159,-85,-230,102,good,good,good
14173,-156,34,-34,good,good,good
14177,12,-27,-42,good,good,good
14197,103,-62,5,good,good,good
14207,-165,-62,-172,good,good,good
14221,108,-203,-172,good,good,good
14243,-64,159,180,good,good,good
14249,-19,170,-106,good,good,good
14251,138,202,-60,good,good,good
14281,125,182,218,good,good,good
14293,58,-201,-62,good,good,good
14303,-215,99,28,good,good,good
14321,-62,72,-84,good,good,good
14323,-205,99,4,good,good,good
14327,-48,108,123,good,good,good
14341,50,-8,-141,good,good,good
14347,47,-92,133,good,good,good
14369,174,75,147,good,good,good
14387,50,-12,192,good,good,good
14389,2,90,177,good,good,good
14401,30,52,-132,good,good,good
14407,-68,68,98,good,good,good
14411,-120,12,-64,good,good,good
14419,65,180,-58,good,good,good
14423,164,64,73,good,good,good
14431,-55,-68,38,good,good,good
14437,-151,-207,174,good,good,good
14447,-154,-137,-139,good,good,good
14449,22,190,34,good,good,good
14461,40,112,2,good,good,good
14479,28,-40,95,good,good,good
14489,206,0,-239,good,good,good
14503,89,39,-102,good,good,good
14519,-90,-130,38,good,good,good
14533,132,224,-55,good,good,good
14537,42,118,51,good,good,good
14543,24,-81,19,good,good,good
14549,126,220,54,good,good,good
14551,156,127,106,good,good,good
14557,-133,98,50,good,good,good
14561,-194,162,93,good,good,good
14563,82,214,-148,good,good,good
14591,-126,67,-32,good,good,good
14593,-112,-176,-80,good,good,good
14621,126,-128,204,good,good,good
14627,51,-162,62,good,good,good
14629,-130,-70,67,good,good,good
14633,4,-21,0,good,good,good
14639,-144,25,-69,good,good,good
14653,-95,-121,223,good,good,good
14657,-168,213,219,good,good,good
14669,-130,-40,-138,good,good,good
14683,94,124,176,good,good,good
14699,99,5,-132,good,good,good
14713,70,-226,49,good,good,good
14717,74,168,87,good,good,good
14723,27,-141,-25,good,good,good
14731,134,-118,76,good,good,good
14737,-31,148,193,good,good,good
14741,100,142,117,good,good,good
14747,-77,-112,-95,good,good,good
14753,-27,-206,-178,good,good,good
14759,-43,190,154,good,good,good
14767,-33,-27,-118,good,good,good
14771,-220,-28,197,good,good,good
14779,-92,70,-10,good,good,good
14783,-64,184,21,good,good,good
14797,-146,118,-58,good,good,good
14813,164,-6,114,good,good,good
14821,26,47,-232,good,good,good
14827,89,-222,-113,good,good,good
14831,-20,57,7,good,good,good
14843,154,-76,168,good,good,good
14851,24,-148,95,good,good,good
14867,92,98,-117,good,good,good
14869,128,-100,11,good,good,good
14879,58,200,51,good,good,good
14887,-4,203,-18,good,good,good
14891,-144,-158,-210,good,good,good
14897,-22,-67,102,good,good,good
14923,-3,-196,124,good,good,good
14929,-70,-110,-238,good,good,good
14939,159,140,84,good,good,good
14947,-235,143,32,good,good,good
14951,96,-98,-137,good,good,good
14957,-87,68,-207,good,good,good
14969,105,-45,-234,good,good,good
14983,-160,-16,40,good,good,good
15013,-163,154,-160,good,good,good
15017,-18,88,146,good,good,good
15031,-203,-193,77,good,good,good
15053,78,139,102,good,good,good
15061,52,112,198,good,good,good
15073,214,-81,-150,good,good,good
15077,-210,-32,-126,good,good,good
15083,132,74,72,good,good,good
15091,-124,-58,36,good,good,good
15101,-150,177,0,good,good,good
15107,-55,123,-41,good,good,good
15121,-142,122,76,good,good,good
15131,-88,32,144,good,good,good
15137,33,-162,88,good,good,good
15139,-40,45,-46,good,good,good
15149,23,-90,-16,good,good,good
15161,186,-13,-180,good,good,good
15173,9,54,-210,good,good,good
15187,-12,-172,83,good,good,good
15193,42,-16,-122,good,good,good
15199,30,180,97,good,good,good
15217,202,58,-18,good,good,good
15227,-4,113,80,good,good,good
15233,19,-26,62,good,good,good
15241,6,92,-232,good,good,good
15259,42,-230,100,good,good,good
15263,-108,224,24,good,good,good
15269,99,-55,-120,good,good,good
15271,125,-103,-104,good,good,good
15277,-37,-27,-45,good,good,good
15287,226,-52,92,good,good,good
15289,-44,-10,24,good,good,good
15299,-46,-165,186,good,good,good
15307,-28,-62,-50,good,good,good
15313,-4,-61,-113,good,good,good
15319,128,-10,-38,good,good,good
15329,-54,120,108,good,good,good
15331,0,-118,172,good,good,good
15349,158,95,-210,good,good,good
15359,-105,15,90,good,good,good
15361,4,62,-118,good,good,good
15373,72,234,-11,good,good,good
15377,38,28,-127,good,good,good
15383,-152,-56,-10,good,good,good
15391,80,142,-47,good,good,good
15401,39,-73,-53,good,good,good
15413,-57,204,176,good,good,good
15427,-182,133,-47,good,good,good
15439,179,-220,-9,good,good,good
15443,68,144,-109,good,good,good
15451,-90,152,76,good,good,good
15461,64,112,-186,good,good,good
15467,169,-107,-188,good,good,good
15473,-214,-196,-87,good,good,good
15493,169,-121,-199,good,good,good
15497,72,-207,-61,good,good,good
15511,34,-163,79,good,good,good
15527,98,-92,42,good,good,good
15541,46,117,-183,good,good,good
15551,28,52,75,good,good,good
15559,110,-25,-144,good,good,good
15569,-78,-135,207,good,good,good
15581,150,7,130,good,good,good
15583,130,114,146,good,good,good
15601,-42,77,-2,good,good,good
15607,-47,-97,-112,good,good,good
15619,-168,70,13,good,good,good
15629,84,-185,121,good,good,good
15641,-122,-108,215,good,good,good
15643,-134,-31,242,good,good,good
15647,59,-97,23,good,good,good
15649,8,70,-138,good,good,good
15661,49,-188,-12,good,good,good
15667,-221,228,42,good,good,good
15671,98,222,35,good,good,good
15679,-3,125,115,good,good,good
15683,-208,4,44,good,good,good
15727,104,38,-48,good,good,good
15731,-144,132,-61,good,good,good
15733,228,29,-191,good,good,good
15737,18,-222,6,good,good,good
15739,-166,175,104,good,good,good
15749,164,30,48,good,good,good
15761,-83,237,222,good,good,good
15767,56,33,-36,good,good,good
15773,-99,24,39,good,good,good
15787,233,8,-90,good,good,good
15791,-72,42,214,good,good,good
15797,-164,-27,-216,good,good,good
15803,-35,-66,54,good,good,good
15809,-142,-130,105,good,good,good
15817,122,-82,-130,good,good,good
15823,-144,-16,140,good,good,good
15859,-64,-110,-60,good,good,good
15877,-89,-57,-84,good,good,good
15881,60,-18,-241,good,good,good
15887,-12,-152,80,good,good,good
15889,-149,5,-48,good,good,good
15901,46,2,84,good,good,good
15907,-171,-117,59,good,good,good
15913,-77,-6,35,good,good,good
15919,-127,180,67,good,good,good
15923,24,-116,-58,good,good,good
15937,-190,58,72,good,good,good
15959,-183,120,204,good,good,good
15971,-134,222,186,good,good,good
15973,-14,49,173,good,good,good
15991,49,142,217,good,good,good
16001,154,-198,-66,good,good,good
16007,28,78,-63,good,good,good
16033,67,-6,216,good,good,good
16057,50,-232,-20,good,good,good
16061,90,-163,182,good,good,good
16063,8,-91,64,good,good,good
16067,-69,-92,194,good,good,good
16069,-90,-45,-161,good,good,good
16073,224,-36,60,good,good,good
16087,-144,-32,-188,good,good,good
16091,-95,92,99,good,good,good
16097,-140,63,-84,good,good,good
16103,-116,-146,-164,good,good,good
16111,-191,-138,-218,good,good,good
16127,116,-97,-41,good,good,good
16139,112,150,86,good,good,good
16141,73,-58,-70,good,good,good
16183,158,224,182,good,good,good
16187,-32,-182,-138,good,good,good
16189,188,70,-162,good,good,good
16193,136,-106,-216,good,good,good
16217,98,53,239,good,good,good
16223,-226,64,-54,good,good,good
16229,226,150,204,good,good,good
16231,-43,232,128,good,good,good
16249,74,210,52,good,good,good
16253,-202,-136,-155,good,good,good
16267,150,-212,134,good,good,good
16273,-41,29,-151,good,good,good
16301,-70,-198,146,good,good,good
16319,18,210,-203,good,good,good
16333,85,174,137,good,good,good
16339,-62,-115,211,good,good,good
16349,158,130,-155,good,good,good
16361,158,137,-150,good,good,good
16363,196,124,-189,good,good,good
16369,216,-55,126,good,good,good
16381,-141,82,-124,good,good,good
16411,122,12,61,good,good,good
16417,53,73,-29,good,good,good
16421,-69,-153,108,good,good,good
16427,-68,-57,60,good,good,good
16433,18,-216,57,good,good,good
16447,-142,-132,72,good,good,good
16451,-118,-48,-135,good,good,good
16453,-241,74,36,good,good,good
16477,-165,28,194,good,good,good
16481,155,157,-37,good,good,good
16487,-32,33,-218,good,good,good
16493,18,149,36,good,good,good
16519,110,-50,-104,good,good,good
16529,-130,-250,4,good,good,good
16547,-118,-117,237,good,good,good
16553,174,-231,74,good,good,good
16561,8,12,170,good,good,good
16567,-20,-107,-34,good,good,good
16573,86,154,-36,good,good,good
16603,184,-116,4,good,good,good
16607,-130,168,88,good,good,good
16619,-38,5,-126,good,good,good
16631,-2,132,-168,good,good,good
16633,-162,-191,189,good,good,good
16649,149,90,-39,good,good,good
16651,-87,-98,-155,good,good,good
16657,130,-82,82,good,good,good
16661,125,-88,-237,good,good,good
16673,56,194,131,good,good,good
16691,-97,-233,79,good,good,good
16693,50,-196,28,good,good,good
16699,65,-25,216,good,good,good
16703,-41,-161,-24,good,good,good
16729,-32,-35,-70,good,good,good
16741,-152,-58,-58,good,good,good
16747,-252,-172,55,good,good,good
16759,240,-100,156,good,good,good
16763,76,114,-153,good,good,good
16787,-21,213,-208,good,good,good
16811,40,87,20,good,good,good
16823,4,204,-1,good,good,good
16829,-98,180,-5,good,good,good
16831,-195,232,-8,good,good,good
16843,-104,34,158,good,good,good
16871,-105,172,-101,good,good,good
16879,-205,-80,-82,good,good,good
16883,87,99,60,good,good,good
16889,194,210,12,good,good,good
16901,-236,177,-210,good,good,good
16903,130,184,-120,good,good,good
16921,-79,197,28,good,good,good
16927,82,-152,78,good,good,good
16931,6,132,90,good,good,good
16937,191,-102,75,good,good,good
16943,3,-111,21,good,good,good
16963,116,189,-209,good,good,good
16979,-113,120,109,good,good,good
16981,-26,-68,-136,good,good,good
16987,-41,148,113,good,good,good
16993,153,-41,232,good,good,good
17011,115,-213,-238,good,good,good
17021,-131,-103,63,good,good,good
17027,35,228,12,good,good,good
17029,3,55,107,good,good,good
17033,-126,-231,-220,good,good,good
17041,-102,-8,102,good,good,good
17047,223,-142,-227,good,good,good
17053,-189,-51,126,good,good,good
17077,60,-17,186,good,good,good
17093,-49,-206,34,good,good,good
17099,120,-35,47,good,good,good
17107,-86,-172,173,good,good,good
17117,-150,-207,-117,good,good,good
17123,96,-96,177,good,good,good
17137,-32,-62,-82,good,good,good
17159,11,10,102,good,good,good
17167,156,-92,88,good,good,good
17183,168,-41,-249,good,good,good
17189,-30,60,-159,good,good,good
17191,100,-33,-114,good,good,good
17203,36,104,-120,good,good,good
17207,-42,168,-240,good,good,good
17209,193,-50,154,good,good,good
17231,-20,-93,110,good,good,good
17239,-69,0,-210,good,good,good
17257,186,253,-99,good,good,good
17291,92,42,36,good,good,good
17293,14,-81,72,good,good,good
17299,10,-130,-125,good,good,good
17317,-9,203,14,good,good,good
17321,242,22,163,good,good,good
17327,-168,-52,104,good,good,good
17333,-36,-146,120,good,good,good
17341,23,117,62,good,good,good
17351,16,152,92,good,good,good
17359,138,-240,-70,good,good,good
17377,82,138,-208,good,good,good
17383,39,179,57,good,good,good
17387,-12,-22,116,good,good,good
17389,141,-25,-112,good,good,good
17393,-231,84,-171,good,good,good
17401,-95,-148,188,good,good,good
17417,99,-117,-162,good,good,good
17419,-74,110,193,good,good,good
17431,261,-168,-80,good,good,good
17443,48,214,-145,good,good,good
17449,-262,-245,-162,good,good,good
17467,-172,-82,4,good,good,good
17471,-45,197,-4,good,good,good
17477,-78,-2,107,good,good,good
17483,-256,-36,62,good,good,good
17489,227,-210,63,good,good,good
17491,68,-33,112,good,good,good
17497,182,188,-68,good,good,good
17509,-12,190,-218,good,good,good
17519,-224,190,136,good,good,good
17539,144,-95,-146,good,good,good
17551,200,-98,127,good,good,good
17569,-256,-170,-245,good,good,good
17573,-194,34,-99,good,good,good
17579,179,80,-105,good,good,good
17581,-80,107,253,good,good,good
17597,-46,-42,2,good,good,good
17599,156,200,51,good,good,good
17609,-29,-30,92,good,good,good
17623,-256,224,-196,good,good,good
17627,42,-192,65,good,good,good
17657,-120,78,-174,good,good,good
17659,13,205,-170,good,good,good
17669,-88,-225,6,good,good,good
17681,46,-18,-221,good,good,good
17683,76,94,185,good,good,good
17707,-124,-32,-4,good,good,good
17713,-229,34,62,good,good,good
17729,-126,-40,-6,good,good,good
17737,-38,-182,-187,good,good,good
17747,-48,-87,206,good,good,good
17749,-179,-110,134,good,good,good
17761,-71,12,-185,good,good,good
17783,212,14,189,good,good,good
17789,-126,-250,204,good,good,good
17791,-182,-8,-28,good,good,good
17807,-15,-147,-219,good,good,good
17827,-92,218,109,good,good,good
17837,38,168,-92,good,good,good
17839,70,-80,193,good,good,good
17851,-58,52,-130,good,good,good
17863,164,14,-182,good,good,good
17881,65,-18,71,good,good,good
17891,-12,117,28,good,good,good
17903,242,114,-216,good,good,good
17909,18,110,-72,good,good,good
17911,-135,-113,63,good,good,good
17921,88,72,-234,good,good,good
17923,-94,-221,-166,good,good,good
17929,-125,80,130,good,good,good
17939,222,225,-188,good,good,good
17957,27,113,67,good,good,good
17959,-104,-20,-128,good,good,good
17971,-32,22,212,good,good,good
17977,-22,-62,-78,good,good,good
17981,15,-118,-193,good,good,good
17987,46,-142,-141,good,good,good
17989,34,185,207,good,good,good
18013,236,-76,254,good,good,good
18041,-154,-58,-102,good,good,good
18043,4,139,-56,good,good,good
18047,81,138,-12,good,good,good
18049,169,35,80,good,good,good
18059,-63,40,-256,good,good,good
18061,-8,112,-98,good,good,good
18077,102,-107,-213,good,good,good
18089,213,230,48,good,good,good
18097,2,118,-206,good,good,good
18119,192,-170,-201,good,good,good
18121,-22,197,-8,good,good,good
18127,-53,-72,-144,good,good,good
18131,79,57,-40,good,good,good
18133,246,19,87,good,good,good
18143,-30,-51,41,good,good,good
18149,-134,0,-222,good,good,good
18169,222,50,138,good,good,good
18181,-244,-218,227,good,good,good
18191,124,192,-54,good,good,good
18199,-64,115,-268,good,good,good
18211,-5,-88,86,good,good,good
18217,-222,218,2,good,good,good
18223,78,-196,-14,good,good,good
18229,170,140,-153,good,good,good
18233,64,-106,-62,good,good,good
18251,255,2,-138,good,good,good
18253,-74,-191,111,good,good,good
18257,-127,218,-18,good,good,good
18269,-135,30,-126,good,good,good
18287,24,-207,-240,good,good,good
18289,-66,-90,-254,good,good,good
18301,-176,152,150,good,good,good
18307,136,-32,-73,good,good,good
18311,123,12,11,good,good,good
18313,10,-21,187,good,good,good
18329,-42,-190,-27,good,good,good
18341,59,242,-115,good,good,good
18353,185,39,238,good,good,good
18367,-60,78,-232,good,good,good
18371,-224,-28,-106,good,good,good
18379,-169,40,191,good,good,good
18397,-2,153,242,good,good,good
18401,45,-198,204,good,good,good
18413,108,-36,-176,good,good,good
18427,-129,98,185,good,good,good
18433,25,-196,-31,good,good,good
18439,-30,-55,180,good,good,good
18443,-88,24,-220,good,good,good
18451,-148,-73,-76,good,good,good
18457,20,-92,204,good,good,good
18461,36,62,-21,good,good,good
18481,180,-18,62,good,good,good
18493,-179,134,-182,good,good,good
18503,-216,-171,39,good,good,good
18517,-8,-217,-140,good,good,good
18521,-135,-78,120,good,good,good
18523,-236,24,16,good,good,good
18539,200,-140,155,good,good,good
18541,31,192,-36,good,good,good
18553,31,-66,-187,good,good,good
18583,-219,139,8,good,good,good
18587,44,-102,-12,good,good,good
18593,180,239,-109,good,good,good
18617,-114,-27,-15,good,good,good
18637,-210,-127,-23,good,good,good
18661,170,187,-262,good,good,good
18671,148,72,-100,good,good,good
18679,26,-145,-36,good,good,good
18691,-208,-58,-4,good,good,good
18701,191,-73,-26,good,good,good
18713,-153,-46,134,good,good,good
18719,-109,-50,-6,good,good,good
18731,-45,7,-39,good,good,good
18743,-17,194,-210,good,good,good
18749,-111,165,18,good,good,good
18757,30,78,182,good,good,good
18773,174,154,46,good,good,good
18787,-247,88,72,good,good,good
18793,-11,79,239,good,good,good
18797,161,18,-101,good,good,good
18803,-27,-41,-42,good,good,good
18839,-24,-90,-16,good,good,good
18859,125,200,23,good,good,good
18869,-219,-135,-12,good,good,good
18899,50,-225,86,good,good,good
18911,-84,212,-145,good,good,good
18913,-164,-231,148,good,good,good
18917,-57,-172,-134,good,good,good
18919,19,120,216,good,good,good
18947,19,-47,35,good,good,good
18959,258,0,31,good,good,good
18973,178,-211,250,good,good,good
18979,134,75,178,good,good,good
19001,88,77,110,good,good,good
19009,97,-15,101,good,good,good
19013,-236,-126,228,good,good,good
19031,-82,257,-45,good,good,good
19037,210,-272,175,good,good,good
19051,-179,-198,-250,good,good,good
19069,116,-40,-12,good,good,good
19073,106,-76,-192,good,good,good
19079,172,-105,-146,good,good,good
19081,-106,132,3,good,good,good
19087,-218,8,94,good,good,good
19121,-112,-78,256,good,good,good
19139,212,-10,165,good,good,good
19141,102,17,-145,good,good,good
19157,-21,-62,42,good,good,good
19163,113,-11,-117,good,good,good
19181,132,-118,90,good,good,good
19183,196,-216,185,good,good,good
19207,168,-67,140,good,good,good
19211,-38,-63,-184,good,good,good
19213,131,-206,54,good,good,good
19219,-19,-220,-130,good,good,good
19231,224,232,14,good,good,good
19237,-3,33,46,good,good,good
19249,-2,100,-130,good,good,good
19259,50,-105,-34,good,good,good
19267,-20,-202,119,good,good,good
19273,79,-26,-58,good,good,good
19289,-198,-20,134,good,good,good
19301,58,-198,-222,good,good,good
19309,48,30,253,good,good,good
19319,-150,0,216,good,good,good
19333,202,-6,-245,good,good,good
19373,276,164,-207,good,good,good
19379,99,-190,-34,good,good,good
19381,-105,-18,-113,good,good,good
19387,-52,68,-173,good,good,good
19391,-128,-8,133,good,good,good
19403,-222,-96,96,good,good,good
19417,72,-12,140,good,good,good
19421,101,172,-240,good,good,good
19423,224,-56,178,good,good,good
19427,-172,3,-198,good,good,good
19429,-10,110,128,good,good,good
19433,90,64,-173,good,good,good
19441,-215,17,130,good,good,good
19447,82,-152,10,good,good,good
19457,-198,-22,-185,good,good,good
19463,240,-31,-5,good,good,good
19469,-125,120,-150,good,good,good
19471,-155,-253,-214,good,good,good
19477,250,68,-90,good,good,good
19483,-111,124,-154,good,good,good
19489,-163,270,-80,good,good,good
19501,-200,-73,152,good,good,good
19507,142,223,112,good,good,good
19531,90,232,-165,good,good,good
19541,198,-83,58,good,good,good
19543,105,-126,-69,good,good,good
19553,78,114,-66,good,good,good
19559,-120,160,-154,good,good,good
19571,-150,22,-268,good,good,good
19577,138,-212,227,good,good,good
19583,64,-96,179,good,good,good
19597,8,128,122,good,good,good
19603,65,-121,-172,good,good,good
19609,-145,30,2,good,good,good
19661,-22,-13,229,good,good,good
19681,146,-68,-242,good,good,good
19687,253,248,6,good,good,good
19697,12,138,-102,good,good,good
19699,-48,-140,265,good,good,good
19709,-30,-60,162,good,good,good
19717,-7,198,-91,good,good,good
19727,42,-107,239,good,good,good
19739,4,255,-125,good,good,good
19751,-183,2,60,good,good,good
19753,-168,-176,42,good,good,good
19759,39,215,165,good,good,good
19763,-20,-6,165,good,good,good
19777,164,-22,-149,good,good,good
19793,144,49,67,good,good,good
19801,194,-23,-172,good,good,good
19813,-86,-146,258,good,good,good
19819,196,200,-41,good,good,good
19841,63,-158,-226,good,good,good
19843,-43,-256,-196,good,good,good
19853,235,-206,-240,good,good,good
19861,-76,62,-26,good,good,good
19867,192,68,-97,good,good,good
19889,34,15,258,good,good,good
19891,-106,-133,29,good,good,good
19913,3,-66,-125,good,good,good
19919,-36,105,99,good,good,good
19927,-113,58,-162,good,good,good
19937,-62,-157,-168,good,good,good
19949,-86,40,-106,good,good,good
19961,4,112,-278,good,good,good
19963,208,-71,62,good,good,good
19973,138,44,-54,good,good,good
19979,-105,85,143,good,good,good
19991,232,-33,144,good,good,good
19993,216,4,124,good,good,good
19997,42,48,62,good,good,good
20011,-214,-138,176,good,good,good
20021,-103,147,40,good,good,good
20023,26,-81,213,good,good,good
20029,-97,-10,146,good,good,good
20047,185,203,159,good,good,good
20051,251,177,150,good,good,good
20063,184,-36,-30,good,good,good
20071,-196,-128,-8,good,good,good
20089,-32,45,-104,good,good,good
20101,151,202,-159,good,good,good
20107,32,158,128,good,good,good
20113,-82,49,86,good,good,good
20117,-182,-87,147,good,good,good
20123,270,29,182,good,good,good
20129,6,-70,109,good,good,good
20143,88,-16,-240,good,good,good
20147,140,-22,71,good,good,good
20149,-181,30,-50,good,good,good
20161,69,187,-161,good,good,good
20173,-40,-26,-2,good,good,good
20177,-22,63,-176,good,good,good
20183,96,-151,-112,good,good,good
20201,-197,102,210,good,good,good
20219,78,-180,101,good,good,good
20231,240,-218,-120,good,good,good
20233,90,-261,-26,good,good,good
20249,-134,-165,-192,good,good,good
20261,-114,12,202,good,good,good
20269,-87,-160,169,good,good,good
20287,23,23,-193,good,good,good
20297,-89,-132,107,good,good,good
20323,13,34,-160,good,good,good
20327,198,128,219,good,good,good
20333,-196,-181,156,good,good,good
20341,153,142,54,good,good,good
20347,-83,108,-188,good,good,good
20353,95,-26,147,good,good,good
20357,6,-252,93,good,good,good
20359,248,-155,-174,good,good,good
20369,88,-50,-98,good,good,good
20389,122,280,-58,good,good,good
20393,-74,194,186,good,good,good
20399,-51,165,85,good,good,good
20407,2,-122,-56,good,good,good
20411,-280,12,140,good,good,good
20431,113,132,176,good,good,good
20441,-210,117,-35,good,good,good
20443,46,4,222,good,good,good
20477,-245,-192,-70,good,good,good
20479,-176,160,-36,good,good,good
20483,216,-216,-206,good,good,good
20507,-227,193,42,good,good,good
20509,65,-150,254,good,good,good
20521,254,-28,-199,good,good,good
20533,-44,14,-178,good,good,good
20543,-114,-96,8,good,good,good
20549,16,25,-147,good,good,good
20551,-192,27,128,good,good,good
20563,173,44,84,good,good,good
20593,-134,169,-239,good,good,good
20599,-87,-280,90,good,good,good
20611,-182,-188,-69,good,good,good
20627,-58,-152,-122,good,good,good
20639,-185,45,-122,good,good,good
20641,140,-133,17,good,good,good
20663,-54,224,184,good,good,good
20681,-16,57,19,good,good,good
20693,154,234,-34,good,good,good
20707,-98,-187,62,good,good,good
20717,-137,283,-1,good,good,good
20719,160,-190,-155,good,good,good
20731,-133,-218,129,good,good,good
20743,-100,214,-26,good,good,good
20747,-96,148,172,good,good,good
20749,100,155,-100,good,good,good
20753,-151,234,96,good,good,good
20759,24,-80,-15,good,good,good
20771,208,-3,-76,good,good,good
20773,-170,-166,-114,good,good,good
20789,22,-210,-162,good,good,good
20807,102,138,-38,good,good,good
20809,-112,90,-94,good,good,good
20849,246,170,107,good,good,good
20857,97,33,144,good,good,good
20873,-260,-216,63,good,good,good
20879,-41,255,-272,good,good,good
20887,198,-67,60,good,good,good
20897,164,208,-252,good,good,good
20899,44,50,128,good,good,good
20903,-84,24,90,good,good,good
20921,-42,-78,171,good,good,good
20929,-134,-150,-14,good,good,good
20939,31,-220,-40,good,good,good
20947,102,133,-23,good,good,good
20959,146,-95,24,good,good,good
20963,-145,-16,-172,good,good,good
20981,-138,-218,273,good,good,good
20983,-184,44,-12,good,good,good
21001,-46,-248,90,good,good,good
21011,120,12,229,good,good,good
21013,63,-91,-199,good,good,good
21017,134,-242,-243,good,good,good
21019,145,105,224,good,good,good
21023,24,-186,-147,good,good,good
21031,0,132,-253,good,good,good
21059,178,175,-18,good,good,good
21061,-78,-38,-2,good,good,good
21067,220,188,46,good,good,good
21089,239,-100,-78,good,good,good
21101,-78,-123,221,good,good,good
21107,246,3,-72,good,good,good
21121,194,147,-80,good,good,good
21139,-247,-130,-40,good,good,good
21143,-64,144,221,good,good,good
21149,90,-80,185,good,good,good
21157,-266,123,92,good,good,good
21163,-220,-36,-109,good,good,good
21169,-100,35,32,good,good,good
21179,156,25,-153,good,good,good
21187,-272,-87,-29,good,good,good
21191,120,-83,-126,good,good,good
21193,22,-26,89,good,good,good
21211,-212,-263,-148,good,good,good
21221,22,-228,72,good,good,good
21227,129,-12,43,good,good,good
21247,-188,228,-52,good,good,good
21269,200,-140,48,good,good,good
21277,-196,-237,88,good,good,good
21283,26,199,-129,good,good,good
21313,-85,274,-98,good,good,good
21317,-12,118,281,good,good,good
21319,-16,-255,37,good,good,good
21323,141,209,-212,good,good,good
21341,250,-33,-46,good,good,good
21347,78,-12,-82,good,good,good
21377,-225,-82,142,good,good,good
21379,-133,-230,169,good,good,good
21383,-180,-216,258,good,good,good
21391,-190,-58,164,good,good,good
21397,217,68,98,good,good,good
21401,-178,102,-27,good,good,good
21407,51,208,42,good,good,good
21419,100,280,-25,good,good,good
21433,139,119,248,good,good,good
21467,27,-102,-252,good,good,good
21481,145,282,-230,good,good,good
21487,-5,-47,236,good,good,good
21491,284,-58,132,good,good,good
21493,85,144,206,good,good,good
21499,-190,-185,4,good,good,good
21503,102,69,-84,good,good,good
21517,-226,143,-253,good,good,good
21521,34,-78,-72,good,good,good
21523,-161,4,-184,good,good,good
21529,-196,-110,-130,good,good,good
21557,38,-182,210,good,good,good
21559,-167,-140,-216,good,good,good
21563,-188,-241,-141,good,good,good
21569,-170,130,-150,good,good,good
21577,84,58,-98,good,good,good
21587,-12,-107,-60,good,good,good
21589,128,60,-106,good,good,good
21599,163,-10,-4,good,good,good
21601,-47,-48,-155,good,good,good
21611,-51,162,211,good,good,good
21613,116,-46,-181,good,good,good
21617,-162,138,168,good,good,good
21647,-242,248,-232,good,good,good
21649,67,-125,134,good,good,good
21661,-79,262,228,good,good,good
21673,277,-31,-9,good,good,good
21683,55,24,-198,good,good,good
21701,168,-223,238,good,good,good
21713,-182,-86,-12,good,good,good
21727,-178,-152,-70,good,good,good
21737,36,-262,-216,good,good,good
21739,-112,-205,-164,good,good,good
21751,148,-48,80,good,good,good
21757,-102,-92,18,good,good,good
21767,-56,-87,119,good,good,good
21773,204,229,199,good,good,good
21787,74,228,-136,good,good,good
21799,126,-270,116,good,good,good
21803,141,-21,-27,good,good,good
21817,90,-17,-42,good,good,good
21821,-165,-78,250,good,good,good
21839,-21,85,-195,good,good,good
21841,145,142,-48,good,good,good
21851,136,127,165,good,good,good
21859,-196,170,134,good,good,good
21863,-249,24,-165,good,good,good
21871,137,-3,200,good,good,good
21881,-20,232,61,good,good,good
21893,227,89,258,good,good,good
21911,295,12,8,good,good,good
21929,-93,-30,88,good,good,good
21937,-33,-227,138,good,good,good
21943,10,-116,-221,good,good,good
21961,202,-38,-290,good,good,good
21977,-121,178,-271,good,good,good
21991,0,-158,-28,good,good,good
21997,-116,-192,175,good,good,good
22003,193,-76,98,good,good,good
22013,156,54,186,good,good,good
22027,-65,183,-32,good,good,good
22031,-48,-93,24,good,good,good
22037,-210,78,202,good,good,good
22039,-236,-20,-190,good,good,good
22051,-27,2,-164,good,good,good
22063,-33,-16,42,good,good,good
22067,-200,168,177,good,good,good
22073,-250,54,49,good,good,good
22079,-249,140,-176,good,good,good
22091,-10,-108,-22,good,good,good
22093,19,279,-146,good,good,good
22109,-90,60,30,good,good,good
22111,264,-263,80,good,good,good
22123,-236,214,26,good,good,good
22129,-73,-90,127,good,good,good
22133,11,259,286,good,good,good
22147,-159,13,-138,good,good,good
22153,89,-96,-259,good,good,good
22157,-8,-207,-66,good,good,good
22159,173,-125,-144,good,good,good
22171,290,-128,-38,good,good,good
22189,-201,-250,50,good,good,good
22193,-153,-96,146,good,good,good
22229,-112,115,-90,good,good,good
22247,-168,-72,109,good,good,good
22259,162,100,152,good,good,good
22271,-147,22,72,good,good,good
22273,114,139,115,good,good,good
22277,139,-252,-282,good,good,good
22279,184,0,-77,good,good,good
22283,-193,-196,-112,good,good,good
22291,-206,92,-30,good,good,good
22303,64,-286,-204,good,good,good
22307,-171,-142,78,good,good,good
22343,216,-166,138,good,good,good
22349,90,230,185,good,good,good
22367,-6,33,-52,good,good,good
22369,50,10,177,good,good,good
22381,-125,-68,-63,good,good,good
22391,150,-208,216,good,good,good
22397,23,23,-202,good,good,good
22409,-204,70,162,good,good,good
22433,-153,-261,185,good,good,good
22441,28,67,-253,good,good,good
22447,132,138,-36,good,good,good
22453,206,-206,-22,good,good,good
22469,-33,90,46,good,good,good
22481,222,132,-259,good,good,good
22483,-184,-66,-109,good,good,good
22501,46,152,250,good,good,good
22511,-60,-288,-132,good,good,good
22531,-30,-68,28,good,good,good
22541,52,92,42,good,good,good
22543,149,-101,97,good,good,good
22549,238,50,129,good,good,good
22567,193,198,-100,good,good,good
22571,-185,72,-227,good,good,good
22573,-53,99,181,good,good,good
22613,-32,84,-268,good,good,good
22619,81,25,170,good,good,good
22621,-118,-3,75,good,good,good
22637,-21,-212,4,good,good,good
22639,284,140,-81,good,good,good
22643,189,104,-201,good,good,good
22651,-220,152,56,good,good,good
22669,189,30,-160,good,good,good
22679,-46,210,-80,good,good,good
22691,-284,-108,-147,good,good,good
22697,-101,-162,-44,good,good,good
22699,-182,190,56,good,good,good
22709,-33,50,18,good,good,good
22717,223,38,116,good,good,good
22721,-187,-128,29,good,good,good
22727,-31,103,70,good,good,good
22739,49,150,12,good,good,good
22741,-22,-83,-245,good,good,good
22751,-227,-48,-258,good,good,good
22769,-94,20,74,good,good,good
22777,-50,-132,-26,good,good,good
22783,-77,-26,-168,good,good,good
22787,-70,168,-220,good,good,good
22807,-66,-152,-113,good,good,good
22811,-176,262,181,good,good,good
22817,138,-122,32,good,good,good
22853,-36,64,156,good,good,good
22859,-195,135,260,good,good,good
22861,-122,187,34,good,good,good
22871,-126,272,280,good,good,good
22877,-282,188,-166,good,good,good
22901,-200,152,-24,good,good,good
22907,-141,-87,53,good,good,good
22921,60,272,54,good,good,good
22937,197,108,6,good,good,good
22943,181,64,160,good,good,good
22961,75,-113,216,good,good,good
22963,140,24,220,good,good,good
22973,-231,-241,-16,good,good,good
22993,194,89,-137,good,good,good
23003,-115,-6,192,good,good,good
23011,65,-238,-96,good,good,good
23017,70,223,218,good,good,good
23021,-45,-53,-12,good,good,good
23027,90,243,-47,good,good,good
23029,260,-80,-49,good,good,good
23039,-129,-120,-114,good,good,good
23041,-197,-158,266,good,good,good
23053,-44,-26,181,good,good,good
23057,110,33,-110,good,good,good
23059,-4,-260,-58,good,good,good
23063,-283,-6,-108,good,good,good
23071,58,-153,64,good,good,good
23081,61,-143,118,good,good,good
23087,119,283,-84,good,good,good
23099,-196,-300,230,good,good,good
23117,-96,-252,143,good,good,good
23131,122,-68,52,good,good,good
23143,-214,144,-158,good,good,good
23159,123,280,209,good,good,good
23167,-178,43,-203,good,good,good
23173,-161,-146,-84,good,good,good
23189,191,-35,-96,good,good,good
23197,-118,118,-89,good,good,good
23201,56,-298,198,good,good,good
23203,44,284,159,good,good,good
23209,-154,60,-114,good,good,good
23227,249,8,17,good,good,good
23251,282,152,78,good,good,good
23269,1,15,148,good,good,good
23279,78,135,26,good,good,good
23291,-118,-283,-127,good,good,good
23293,-222,-96,200,good,good,good
23297,196,98,46,good,good,good
23311,-177,112,44,good,good,good
23321,39,-278,266,good,good,good
23327,42,-132,-80,good,good,good
23333,-126,-276,-87,good,good,good
23339,282,-130,-107,good,good,good
23357,257,-202,-41,good,good,good
23369,0,-165,18,good,good,good
23371,26,272,170,good,good,good
23399,-144,60,-280,good,good,good
23417,-95,163,-87,good,good,good
23431,-13,132,256,good,good,good
23447,103,-22,64,good,good,good
23459,129,280,-161,good,good,good
23473,10,74,-230,good,good,good
23497,-92,-202,-59,good,good,good
23509,164,170,286,good,good,good
23531,192,-168,-196,good,good,good
23537,-112,-102,-118,good,good,good
23539,-165,190,-62,good,good,good
23549,250,210,-15,good,good,good
23557,-75,138,-50,good,good,good
23561,132,112,75,good,good,good
23563,104,139,-92,good,good,good
23567,0,48,-106,good,good,good
23581,251,232,-208,good,good,good
23593,-210,-91,60,good,good,good
23599,121,-155,-202,good,good,good
23603,69,74,274,good,good,good
23609,86,-85,-291,good,good,good
23623,232,84,-161,good,good,good
23627,-13,228,67,good,good,good
23629,-136,-70,-41,good,good,good
23633,-127,69,-21,good,good,good
23663,54,-196,-279,good,good,good
23669,-279,150,122,good,good,good
23671,16,122,-160,good,good,good
23677,-267,-17,-143,good,good,good
23687,267,-97,148,good,good,good
23689,-119,280,-8,good,good,good
23719,-170,100,190,good,good,good
23741,126,242,-24,good,good,good
23743,173,-21,22,good,good,good
23747,-76,-57,-38,good,good,good
23753,-45,-66,-154,good,good,good
23761,-267,37,222,good,good,good
23767,-210,8,-120,good,good,good
23773,50,-136,59,good,good,good
23789,-58,260,-24,good,good,good
23801,225,-148,212,good,good,good
23813,-126,-171,-54,good,good,good
23819,-141,65,140,good,good,good
23827,-141,-147,158,good,good,good
23831,71,32,112,good,good,good
23833,12,164,-2,good,good,good
23857,-264,53,14,good,good,good
23869,-67,-130,193,good,good,good
23873,186,219,-150,good,good,good
23879,-176,-60,-183,good,good,good
23887,-218,68,-282,good,good,good
23893,-6,-206,-183,good,good,good
23899,-92,70,-212,good,good,good
23909,-6,250,-165,good,good,good
23911,5,62,-84,good,good,good
23917,62,53,140,good,good,good
23929,79,-25,-56,good,good,good
23957,134,158,128,good,good,good
23971,-216,272,-42,good,good,good
23977,-253,-162,193,good,good,good
23981,-94,107,-249,good,good,good
23993,-40,-66,-186,good,good,good
24001,5,-48,205,good,good,good
24007,168,-237,45,good,good,good
24019,176,10,-245,good,good,good
24023,-176,24,129,good,good,good
24029,221,-255,198,good,good,good
24043,-83,-86,-18,good,good,good
24049,115,205,-207,good,good,good
24061,-14,62,-34,good,good,good
24071,141,197,-88,good,good,good
24077,114,98,53,good,good,good
24083,-71,89,-171,good,good,good
24091,-75,167,8,good,good,good
24097,-97,238,-146,good,good,good
24103,-112,-106,304,good,good,good
24107,148,138,27,good,good,good
24109,-278,-160,163,good,good,good
24113,-206,114,234,good,good,good
24121,-245,297,240,good,good,good
24133,-70,-266,8,good,good,good
24137,198,123,259,good,good,good
24151,-227,-148,86,good,good,good
24169,36,80,-76,good,good,good
24179,-202,-195,26,good,good,good
24181,90,207,206,good,good,good
24197,-33,-192,58,good,good,good
24203,-128,-201,44,good,good,good
24223,-184,-101,-82,good,good,good
24229,198,-50,-46,good,good,good
24239,216,-70,-281,good,good,good
24247,16,-17,93,good,good,good
24251,11,52,-276,good,good,good
24281,289,-18,210,good,good,good
24317,-294,-42,42,good,good,good
24329,174,210,-105,good,good,good
24337,-199,-7,82,good,good,good
24359,-236,0,-122,good,good,good
24371,-156,172,-226,good,good,good
24373,-81,44,-200,good,good,good
24379,148,60,136,good,good,good
24391,280,192,-270,good,good,good
24407,-210,-197,216,good,good,good
24413,182,-81,30,good,good,good
24419,81,120,-40,good,good,good
24421,-195,-78,146,good,good,good
24439,146,-180,233,good,good,good
24443,-30,-156,87,good,good,good
24469,103,-115,236,good,good,good
24473,-222,139,186,good,good,good
24481,-148,32,160,good,good,good
24499,94,110,120,good,good,good
24509,-54,10,-208,good,good,good
24517,-224,-137,88,good,good,good
24527,80,-112,141,good,good,good
24533,36,-146,-6,good,good,good
24547,232,-172,-86,good,good,good
24551,-174,252,151,good,good,good
24571,-260,172,23,good,good,good
24593,-290,-36,-193,good,good,good
24611,-288,12,-24,good,good,good
24623,206,284,-102,good,good,good
24631,-272,-168,42,good,good,good
24659,-34,190,-80,good,good,good
24671,-234,-53,84,good,good,good
24677,-64,-57,-22,good,good,good
24683,-101,84,-121,good,good,good
24691,-185,-208,-209,good,good,good
24697,-70,-82,-194,good,good,good
24709,207,-285,-247,good,good,good
24733,90,-206,-194,good,good,good
24749,-26,-150,274,good,good,good
24763,-165,-96,-220,good,good,good
24767,102,-202,-75,good,good,good
24781,58,157,176,good,good,good
24793,125,-6,-16,good,good,good
24799,200,-35,-11,good,good,good
24809,-30,-245,5,good,good,good
24821,96,-3,-30,good,good,good
24841,276,-183,27,good,good,good
24847,-38,43,-92,good,good,good
24851,-142,102,99,good,good,good
24859,-18,10,36,good,good,good
24877,46,-42,238,good,good,good
24889,43,110,-247,good,good,good
24907,8,293,108,good,good,good
24917,270,188,-18,good,good,good
24919,170,40,-284,good,good,good
24923,-128,144,-204,good,good,good
24943,14,-196,-14,good,good,good
24953,-84,214,-200,good,good,good
24967,162,178,-58,good,good,good
24971,49,172,48,good,good,good
24977,74,168,-17,good,good,good
24979,79,140,-118,good,good,good
24989,140,-30,158,good,good,good
25013,195,-36,198,good,good,good
25031,-18,82,-228,good,good,good
25033,182,54,143,good,good,good
25037,-50,138,-190,good,good,good
25057,-216,8,-92,good,good,good
25073,-94,229,132,good,good,good
25087,-233,-22,-280,good,good,good
25097,13,28,250,good,good,good
25111,79,-213,-110,good,good,good
25117,260,133,2,good,good,good
25121,180,222,225,good,good,good
25127,13,288,-226,good,good,good
25147,208,-277,-206,good,good,good
25153,-34,-166,96,good,good,good
25163,-199,-26,209,good,good,good
25169,-77,-30,104,good,good,good
25171,105,-3,89,good,good,good
25183,-90,-61,-79,good,good,good
25189,168,-260,67,good,good,good
25219,54,-110,-227,good,good,good
25229,84,270,-266,good,good,good
25237,-218,23,120,good,good,good
25243,-300,-141,141,good,good,good
25247,-20,-132,-158,good,good,good
25253,-66,24,-114,good,good,good
25261,-46,-263,-275,good,good,good
25301,-70,-198,-37,good,good,good
25303,-164,-1,94,good,good,good
25307,-57,-152,-80,good,good,good
25309,-253,-155,53,good,good,good
25321,166,-78,-145,good,good,good
25339,-248,-70,-129,good,good,good
25343,-276,-256,-73,good,good,good
25349,10,65,-59,good,good,good
25357,99,228,-98,good,good,good
25367,-268,-207,-150,good,good,good
25373,230,54,246,good,good,good
25391,111,-83,240,good,good,good
25409,-114,10,-8,good,good,good
25411,-234,-88,198,good,good,good
25423,53,114,64,good,good,good
25439,-312,10,-144,good,good,good
25447,43,-237,-160,good,good,good
25453,-241,-46,289,good,good,good
25457,-259,-82,10,good,good,good
25463,-275,104,36,good,good,good
25469,-132,-285,127,good,good,good
25471,-132,-28,-68,good,good,good
25523,12,-156,192,good,good,good
25537,203,-232,211,good,good,good
25541,-18,292,-50,good,good,good
25561,242,-88,-155,good,good,good
25577,-19,248,-209,good,good,good
25579,57,100,-163,good,good,good
25583,-119,204,-72,good,good,good
25589,-200,-205,-81,good,good,good
25601,294,-173,-57,good,good,good
25603,5,14,-314,good,good,good
25609,-90,-90,161,good,good,good
25621,38,-128,-190,good,good,good
25633,96,154,-194,good,good,good
25639,56,-200,-157,good,good,good
25643,12,-216,-252,good,good,good
25657,217,238,-7,good,good,good
25667,240,8,87,good,good,good
25673,80,-276,142,good,good,good
25679,-209,120,-161,good,good,good
25693,-290,-86,-167,good,good,good
25703,-69,-266,280,good,good,good
25717,-196,218,-22,good,good,good
25733,-264,89,10,good,good,good
25741,183,267,-110,good,good,good
25747,-172,288,-99,good,good,good
25759,-240,-110,-155,good,good,good
25763,125,189,6,good,good,good
25771,-20,297,-276,good,good,good
25793,151,9,71,good,good,good
25799,264,195,-135,good,good,good
25801,-53,152,39,good,good,good
25819,167,30,80,good,good,good
25841,-12,192,-192,good,good,good
25847,8,-92,-11,good,good,good
25849,-82,50,-125,good,good,good
25867,71,-2,20,good,good,good
25873,-101,174,-186,good,good,good
25889,45,-170,82,good,good,good
25903,-148,-156,8,good,good,good
25913,-82,-66,141,good,good,good
25919,238,-300,168,good,good,good
25931,-146,57,50,good,good,good
25933,118,194,-224,good,good,good
25939,146,65,116,good,good,good
25943,-204,29,-85,good,good,good
25951,162,52,307,good,good,good
25969,110,30,-70,good,good,good
25981,-265,182,96,good,good,good
25997,80,63,-259,good,good,good
25999,245,-60,-113,good,good,good
26003,-82,54,210,good,good,good
26017,-76,-312,-173,good,good,good
26021,-81,222,150,good,good,good
26029,-308,110,-240,good,good,good
26041,-185,167,-136,good,good,good
26053,-168,-11,260,good,good,good
26083,-218,-176,-236,good,good,good
26099,144,70,-81,good,good,good
26107,-28,73,-163,good,good,good
26111,-113,62,30,good,good,good
26113,113,214,-166,good,good,good
26119,160,160,162,good,good,good
26141,30,117,-105,good,good,good
26153,174,314,218,good,good,good
26161,-6,37,26,good,good,good
26171,200,-278,-146,good,good,good
26177,160,-312,71,good,good,good
26183,-22,-121,117,good,good,good
26189,50,-175,-2,good,good,good
26203,172,-121,199,good,good,good
26209,-168,80,8,good,good,good
26227,286,-37,-209,good,good,good
26237,30,208,154,good,good,good
26249,126,30,96,good,good,good
26251,94,-223,-188,good,good,good
26261,-121,-213,-72,good,good,good
26263,-184,-176,112,good,good,good
26267,-205,-82,-226,good,good,good
26293,28,-186,-103,good,good,good
26297,22,-212,-8,good,good,good
26309,-178,190,-297,good,good,good
26317,38,298,48,good,good,good
26321,236,-253,-174,good,good,good
26339,-138,5,276,good,good,good
26347,-9,-82,-68,good,good,good
26357,162,-117,157,good,good,good
26371,183,-228,-95,good,good,good
26387,108,-67,-37,good,good,good
26393,-261,-26,113,good,good,good
26399,164,-150,196,good,good,good
26407,56,148,52,good,good,good
26417,39,-102,145,good,good,good
26423,256,-276,-200,good,good,good
26431,-176,57,-244,good,good,good
26437,-132,253,4,good,good,good
26449,146,-85,48,good,good,good
26459,-204,255,-4,good,good,good
26479,146,90,200,good,good,good
26489,-42,15,-190,good,good,good
26497,-88,-257,-269,good,good,good
26501,175,2,-45,good,good,good
26513,-179,159,-204,good,good,good
26539,99,160,177,good,good,good
26557,142,143,-304,good,good,good
26561,-132,262,34,good,good,good
26573,138,-56,10,good,good,good
26591,167,-208,222,good,good,good
26597,138,248,-318,good,good,good
26627,-282,-282,252,good,good,good
26633,258,74,78,good,good,good
26641,-293,-158,110,good,good,good
26647,-163,-197,-128,good,good,good
26669,224,-165,40,good,good,good
26681,145,-18,246,good,good,good
26683,164,-196,-256,good,good,good
26687,-277,213,102,good,good,good
26693,198,-76,-88,good,good,good
26699,326,-140,53,good,good,good
26701,168,77,275,good,good,good
26711,-3,-213,-240,good,good,good
26713,230,-226,-56,good,good,good
26717,-266,-137,46,good,good,good
26723,-121,-96,230,good,good,good
26729,10,-220,-194,good,good,good
26731,-130,-268,42,good,good,good
26737,-52,228,-246,good,good,good
26759,-258,30,276,good,good,good
26777,18,163,-146,good,good,good
26783,136,24,69,good,good,good
26801,-30,-273,-168,good,good,good
26813,-33,-176,-11,good,good,good
26821,-82,-3,1,good,good,good
26833,-8,-161,-208,good,good,good
26839,184,-110,-310,good,good,good
26849,-280,110,320,good,good,good
26861,285,-38,177,good,good,good
26863,28,-236,104,good,good,good
26879,-140,-30,322,good,good,good
26881,62,-118,-100,good,good,good
26891,-110,292,36,good,good,good
26893,-14,109,-121,good,good,good
26903,111,324,99,good,good,good
26921,-28,122,83,good,good,good
26927,-212,-22,73,good,good,good
26947,-12,58,-191,good,good,good
26951,88,-73,180,good,good,good
26953,-76,199,57,good,good,good
26959,-38,195,-116,good,good,good
26981,-234,207,-47,good,good,good
26987,-286,-172,-102,good,good,good
26993,174,94,34,good,good,good
27011,81,162,-28,good,good,good
27017,11,-7,-119,good,good,good
27031,-227,-143,174,good,good,good
27043,-135,179,-191,good,good,good
27059,120,-190,-87,good,good,good
27061,-198,62,251,good,good,good
27067,-182,58,-48,good,good,good
27073,53,-186,-201,good,good,good
27077,-46,258,-206,good,good,good
27091,-25,117,122,good,good,good
27103,-154,104,-111,good,good,good
27107,-18,193,-228,good,good,good
27109,-303,175,13,good,good,good
27127,-308,3,-164,good,good,good
27143,42,54,107,good,good,good
27179,189,215,-186,good,good,good
27191,-177,92,16,good,good,good
27197,10,203,-2,good,good,good
27211,-165,-88,169,good,good,good
27239,-267,-205,185,good,good,good
27241,-217,-283,83,good,good,good
27253,-71,-36,280,good,good,good
27259,-91,235,-190,good,good,good
27271,202,222,285,good,good,good
27277,258,188,-54,good,good,good
27281,-155,-143,8,good,good,good
27283,-52,29,224,good,good,good
27299,-260,280,231,good,good,good
27329,300,-155,31,good,good,good
27337,-266,-192,132,good,good,good
27361,296,-38,260,good,good,good
27367,-118,-132,-208,good,good,good
27397,188,-62,74,good,good,good
27407,263,-312,20,good,good,good
27409,110,-210,-121,good,good,good
27427,-97,-157,-52,good,good,good
27431,-328,82,80,good,good,good
27437,-198,-102,-80,good,good,good
27449,106,-105,248,good,good,good
27457,142,-67,64,good,good,good
27479,189,5,-297,good,good,good
27481,103,-118,-82,good,good,good
27487,296,-217,300,good,good,good
27509,-24,-30,-186,good,good,good
27527,-123,-117,140,good,good,good
27529,190,0,-48,good,good,good
27539,243,-170,199,good,good,good
27541,-136,-108,190,good,good,good
27551,90,2,237,good,good,good
27581,-135,-218,176,good,good,good
27583,-230,-56,21,good,good,good
27611,-21,12,-12,good,good,good
27617,-220,58,158,good,good,good
27631,292,-168,80,good,good,good
27647,164,263,117,good,good,good
27653,-8,-96,44,good,good,good
27673,326,194,-158,good,good,good
27689,34,100,24,good,good,good
27691,136,167,-60,good,good,good
27697,13,-302,282,good,good,good
27701,185,27,-26,good,good,good
27733,-86,224,-259,good,good,good
27737,168,168,212,good,good,good
27739,-225,-280,244,good,good,good
27743,-259,19,-244,good,good,good
27749,-154,-180,290,good,good,good
27751,237,52,-200,good,good,good
27763,82,214,49,good,good,good
27767,-228,3,68,good,good,good
27773,-120,-211,-44,good,good,good
27779,36,-275,254,good,good,good
27791,-123,267,-18,good,good,good
27793,314,-26,116,good,good,good
27799,-179,60,-109,good,good,good
27803,-312,264,-192,good,good,good
27809,-172,10,138,good,good,good
27817,-79,-137,82,good,good,good
27823,-104,-71,-36,good,good,good
27827,123,88,-267,good,good,good
27847,28,-222,70,good,good,good
27851,-181,-148,17,good,good,good
27883,-134,-51,7,good,good,good
27893,150,64,224,good,good,good
27901,-190,-123,314,good,good,good
27917,108,-182,42,good,good,good
27919,112,95,-150,good,good,good
27941,102,42,-211,good,good,good
27943,36,-111,71,good,good,good
27947,248,-262,32,good,good,good
27953,156,-6,-286,good,good,good
27961,-35,-38,210,good,good,good
27967,214,-152,-27,good,good,good
27983,45,-216,96,good,good,good
27997,-153,268,286,good,good,good
28001,-178,102,258,good,good,good
28019,16,-120,-195,good,good,good
28027,254,178,184,good,good,good
28031,120,57,-124,good,good,good
28051,90,-148,262,good,good,good
28057,-253,-202,-187,good,good,good
28069,266,200,192,good,good,good
28081,88,157,-162,good,good,good
28087,280,-47,104,good,good,good
28097,234,58,254,good,good,good
28099,43,115,-153,good,good,good
28109,-21,-95,250,good,good,good
28111,37,212,-94,good,good,good
28123,29,-196,130,good,good,good
28151,202,252,200,good,good,good
28163,-96,9,-190,good,good,good
28181,30,82,-226,good,good,good
28183,-159,-16,-268,good,good,good
28201,14,-298,-145,good,good,good
28211,142,-138,-120,good,good,good
28219,81,115,-65,good,good,good
28229,-52,-90,-255,good,good,good
28277,-33,168,213,good,good,good
28279,-144,65,-62,good,good,good
28283,-254,-26,-252,good,good,good
28289,-27,-130,284,good,good,good
28297,-42,53,215,good,good,good
28307,-186,-52,46,good,good,good
28309,123,100,-188,good,good,good
28319,182,160,-249,good,good,good
28349,-310,-190,-142,good,good,good
28351,188,-173,105,good,good,good
28387,-4,-222,-24,good,good,good
28393,-206,184,-153,good,good,good
28403,-300,129,72,good,good,good
28409,175,180,-18,good,good,good
28411,92,137,162,good,good,good
28429,-206,-30,-220,good,good,good
28433,-90,99,-315,good,good,good
28439,26,60,221,good,good,good
28447,196,248,60,good,good,good
28463,-264,174,-84,good,good,good
28477,258,123,-191,good,good,good
28493,-203,-61,-291,good,good,good
28499,267,160,21,good,good,good
28513,-214,139,-224,good,good,good
28517,-26,123,27,good,good,good
28537,251,98,273,good,good,good
28541,-112,-108,-57,good,good,good
28547,-132,-132,-219,good,good,good
28549,282,-155,-216,good,good,good
28559,-36,-285,-276,good,good,good
28571,131,-153,-4,good,good,good
28573,-23,-166,-34,good,good,good
28579,-14,155,-174,good,good,good
28591,157,-58,0,good,good,good
28597,-242,8,-296,good,good,good
28603,-48,-151,-265,good,good,good
28607,-118,-102,83,good,good,good
28619,248,-200,126,good,good,good
28621,14,-128,-48,good,good,good
28627,212,-292,223,good,good,good
28631,148,-43,216,good,good,good
28643,178,-106,201,good,good,good
28649,-22,265,17,good,good,good
28657,-178,78,261,good,good,good
28661,210,-138,183,good,good,good
28663,61,34,-144,good,good,good
28669,-126,-250,-89,good,good,good
28687,-32,88,17,good,good,good
28697,-132,193,210,good,good,good
28703,211,259,318,good,good,good
28711,-191,-88,44,good,good,good
28723,-88,164,129,good,good,good
28729,188,60,-68,good,good,good
28751,-150,-98,-21,good,good,good
28753,-149,104,-150,good,good,good
28759,136,25,-318,good,good,good
28771,62,-228,-202,good,good,good
28789,-1,0,-152,good,good,good
28793,39,-96,243,good,good,good
28807,67,-172,-140,good,good,good
28813,-46,294,-64,good,good,good
28817,-160,-72,-208,good,good,good
28837,-88,218,82,good,good,good
28843,-58,-131,-188,good,good,good
28859,-120,250,27,good,good,good
28867,213,228,-28,good,good,good
28871,140,122,117,good,good,good
28879,-66,-100,-92,good,good,good
28901,111,202,-100,good,good,good
28909,-95,85,-34,good,good,good
28921,106,22,12,good,good,good
28927,-16,38,-3,good,good,good
28933,121,79,-184,good,good,good
28949,118,180,148,good,good,good
28961,58,187,258,good,good,good
28979,96,-55,169,good,good,good
29009,246,-30,-30,good,good,good
29017,99,318,122,good,good,good
29021,-214,322,-318,good,good,good
29023,-104,209,158,good,good,good
29027,232,223,92,good,good,good
29033,-239,289,-54,good,good,good
29059,170,-210,70,good,good,good
29063,-60,-311,-181,good,good,good
29077,156,-307,82,good,good,good
29101,-170,-248,-189,good,good,good
29123,-255,34,-92,good,good,good
29129,-314,-195,11,good,good,good
29131,1,107,-240,good,good,good
29137,-102,158,-86,good,good,good
29147,11,58,63,good,good,good
29153,63,-1,174,good,good,good
29167,-7,248,-242,good,good,good
29173,66,-301,172,good,good,good
29179,-38,50,27,good,good,good
29191,-136,-158,-37,good,good,good
29201,-24,-98,300,good,good,good
29207,204,-172,306,good,good,good
29209,-150,-45,96,good,good,good
29221,262,122,226,good,good,good
29231,-243,157,-272,good,good,good
29243,-130,-321,292,good,good,good
29251,-20,52,-55,good,good,good
29269,130,305,87,good,good,good
29287,194,68,277,good,good,good
29297,117,213,14,good,good,good
29303,-309,-146,200,good,good,good
29311,128,62,-194,good,good,good
29327,-158,128,78,good,good,good
29333,224,264,316,good,good,good
29339,-264,150,84,good,good,good
29347,-254,-202,-260,good,good,good
29363,-64,-231,10,good,good,good
29383,232,124,299,good,good,good
29387,-7,218,150,good,good,good
29389,109,-130,-221,good,good,good
29399,100,-130,108,good,good,good
29401,-278,-123,178,good,good,good
29411,-63,-238,-93,good,good,good
29423,-12,-336,-32,good,good,good
29429,66,-25,-26,good,good,good
29437,-74,-137,-322,good,good,good
29443,-157,-226,-8,good,good,good
29453,287,-186,-273,good,good,good
29473,-138,-146,302,good,good,good
29483,24,204,7,good,good,good
29501,159,102,198,good,good,good
29527,215,-187,170,good,good,good
29531,-288,-168,-138,good,good,good
29537,-115,-92,-158,good,good,good
29567,-107,318,-208,good,good,good
29569,-58,170,-125,good,good,good
29573,13,34,-294,good,good,good
29581,-38,-168,-70,good,good,good
29587,98,-302,-218,good,good,good
29599,-269,135,-64,good,good,good
29611,-157,162,-8,good,good,good
29629,-92,20,-177,good,good,good
29633,291,-166,-1,good,good,good
29641,-234,92,-274,good,good,good
29663,-265,-106,-325,good,good,good
29669,96,-120,-70,good,good,good
29671,-188,72,-230,good,good,good
29683,109,-56,115,good,good,good
29717,258,-102,82,good,good,good
29723,189,249,-140,good,good,good
29741,71,142,90,good,good,good
29753,-114,294,66,good,good,good
29759,205,255,-188,good,good,good
29761,170,-188,-28,good,good,good
29789,-282,115,297,good,good,good
29803,152,159,215,good,good,good
29819,156,-245,264,good,good,good
29833,-111,-266,-6,good,good,good
29837,132,-82,-48,good,good,good
29851,134,152,31,good,good,good
29863,-319,179,266,good,good,good
29867,126,-312,-187,good,good,good
29873,138,-6,-115,good,good,good
29879,34,-15,7,good,good,good
29881,292,182,112,good,good,good
29917,-310,-122,38,good,good,good
29921,185,222,10,good,good,good
29927,122,-132,-6,good,good,good
29947,58,103,-125,good,good,good
29959,192,200,-160,good,good,good
29983,134,-46,89,good,good,good
29989,-246,-55,-26,good,good,good
30011,149,212,84,good,good,good
30013,46,-226,38,good,good,good
30029,150,-170,-71,good,good,good
30047,273,228,-303,good,good,good
30059,168,-120,25,good,good,good
30071,-81,-128,16,good,good,good
30089,-330,-165,92,good,good,good
30091,-84,142,-114,good,good,good
30097,-309,73,-245,good,good,good
30103,86,284,53,good,good,good
30109,115,320,20,good,good,good
30113,46,24,46,good,good,good
30119,-180,295,-96,good,good,good
30133,-34,-286,-1,good,good,good
30137,-66,148,225,good,good,good
30139,-115,40,36,good,good,good
30161,-174,212,274,good,good,good
30169,-118,240,50,good,good,good
30181,9,282,-52,good,good,good
30187,-232,-52,52,good,good,good
30197,186,-82,-168,good,good,good
30203,153,-126,-94,good,good,good
30211,84,-188,-46,good,good,good
30223,14,-216,336,good,good,good
30241,-259,-308,244,good,good,good
30253,76,99,158,good,good,good
30259,37,-55,316,good,good,good
30269,53,-250,-210,good,good,good
30271,122,122,328,good,good,good
30293,-134,-306,343,good,good,good
30307,7,-22,-3,good,good,good
30313,121,84,178,good,good,good
30319,0,-325,190,good,good,good
30323,-128,54,-296,good,good,good
30341,-273,42,183,good,good,good
30347,299,-7,-153,good,good,good
30367,-217,208,-227,good,good,good
30389,-327,210,134,good,good,good
30391,120,-283,19,good,good,good
30403,-287,304,116,good,good,good
30427,288,253,12,good,good,good
30431,244,-43,20,good,good,good
30449,82,225,-90,good,good,good
30467,-189,228,-143,good,good,good
30469,-64,-230,251,good,good,good
30491,-276,92,-70,good,good,good
30493,-220,169,-62,good,good,good
30497,-333,-297,268,good,good,good
30509,-101,-50,94,good,good,good
30517,-100,253,138,good,good,good
30529,1,125,71,good,good,good
30539,-72,45,-162,good,good,good
30553,-209,164,202,good,good,good
30557,-36,-192,128,good,good,good
30559,53,185,-28,good,good,good
30577,64,-12,96,good,good,good
30593,270,34,76,good,good,good
30631,-26,82,167,good,good,good
30637,163,-92,215,good,good,good
30643,180,-186,60,good,good,good
30649,-154,-245,-226,good,good,good
30661,-43,-13,-30,good,good,good
30671,40,-3,0,good,good,good
30677,10,123,-277,good,good,good
30689,210,190,-138,good,good,good
30697,-180,-212,-296,good,good,good
30703,239,-206,-157,good,good,good
30707,-143,188,41,good,good,good
30713,-125,-11,122,good,good,good
30727,-148,68,-203,good,good,good
30757,271,-117,162,good,good,good
30763,311,-106,30,good,good,good
30773,-134,-216,267,good,good,good
30781,-39,-193,-144,good,good,good
30803,-124,99,46,good,good,good
30809,-13,-55,115,good,good,good
30817,97,148,227,good,good,good
30829,90,100,-88,good,good,good
30839,-216,-170,84,good,good,good
30841,-326,-208,-62,good,good,good
30851,-188,202,132,good,good,good
30853,-84,94,41,good,good,good
30859,76,-245,96,good,good,good
30869,-29,-225,0,good,good,good
30871,242,-103,-7,good,good,good
30881,-100,207,270,good,good,good
30893,30,129,346,good,good,good
30911,3,287,112,good,good,good
30931,-109,-68,212,good,good,good
30937,78,-257,59,good,good,good
30941,-9,42,-85,good,good,good
30949,248,90,-110,good,good,good
30971,-206,-78,-182,good,good,good
30977,106,103,245,good,good,good
30983,64,-136,-251,good,good,good
31013,117,-6,178,good,good,good
31019,280,-30,166,good,good,good
31033,-230,-226,199,good,good,good
31039,299,20,240,good,good,good
31051,-58,77,-59,good,good,good
31063,70,214,250,good,good,good
31069,25,185,-70,good,good,good
31079,-43,-75,240,good,good,good
31081,190,-18,-68,good,good,good
31091,-20,-33,326,good,good,good
31121,198,-278,165,good,good,good
31123,-120,4,-238,good,good,good
31139,178,325,-249,good,good,good
31147,-325,128,-168,good,good,good
31151,273,-298,90,good,good,good
31153,-178,-221,130,good,good,good
31159,82,230,40,good,good,good
31177,58,-137,118,good,good,good
31181,-178,132,-178,good,good,good
31183,-38,-1,216,good,good,good
31189,100,85,131,good,good,good
31193,102,-36,-270,good,good,good
31219,-255,345,331,good,good,good
31223,90,84,-322,good,good,good
31231,-52,232,-33,good,good,good
31237,302,-52,-119,good,good,good
31247,-156,138,233,good,good,good
31249,-207,-15,-11,good,good,good
31253,-298,144,-286,good,good,good
31259,82,-260,-190,good,good,good
31267,96,173,80,good,good,good
31271,-256,-53,-192,good,good,good
31277,51,93,150,good,good,good
31307,84,108,113,good,good,good
31319,-238,30,174,good,good,good
31321,296,197,-260,good,good,good
31327,-292,-172,298,good,good,good
31333,256,69,-5,good,good,good
31337,-126,83,114,good,good,good
31357,-140,248,172,good,good,good
31379,77,250,220,good,good,good
31387,167,-147,-143,good,good,good
31391,-72,-208,-104,good,good,good
31393,132,-6,-136,good,good,good
31397,-181,-42,-75,good,good,good
31469,6,30,-210,good,good,good
31477,229,-292,-172,good,good,good
31481,0,-218,171,good,good,good
31489,240,-290,-266,good,good,good
31511,294,162,-226,good,good,good
31513,251,154,-298,good,good,good
31517,135,-112,340,good,good,good
31531,-188,57,-68,good,good,good
31541,192,17,126,good,good,good
31543,34,154,-104,good,good,good
31547,280,-252,-22,good,good,good
31567,-208,28,277,good,good,good
31573,47,269,-302,good,good,good
31583,12,-26,-321,good,good,good
31601,-165,-273,-70,good,good,good
31607,179,148,-20,good,good,good
31627,-62,298,-50,good,good,good
31643,22,174,-132,good,good,good
31649,32,-90,61,good,good,good
31657,-334,8,196,good,good,good
31663,-183,-251,256,good,good,good
31667,306,-187,-268,good,good,good
31687,-332,-72,49,good,good,good
31699,-5,80,-264,good,good,good
31721,-254,122,198,good,good,good
31723,-156,-26,84,good,good,good
31727,-56,-87,-353,good,good,good
31729,112,-155,-11,good,good,good
31741,-10,92,173,good,good,good
31751,106,152,-262,good,good,good
31769,150,-130,71,good,good,good
31771,53,-53,-204,good,good,good
31793,9,239,-54,good,good,good
31799,-15,160,0,good,good,good
31817,-165,-77,321,good,good,good
31847,-53,318,-86,good,good,good
31849,208,145,253,good,good,good
31859,-122,115,66,good,good,good
31873,65,-166,-134,good,good,good
31883,-23,19,-236,good,good,good
31891,-177,92,-220,good,good,good
31907,-228,-52,-107,good,good,good
31957,-46,-72,322,good,good,good
31963,122,-166,151,good,good,good
31973,220,204,-184,good,good,good
31981,40,-293,28,good,good,good
31991,-176,-233,-264,good,good,good
32003,-176,84,-184,good,good,good
32009,-285,-90,5,good,good,good
32027,138,158,-187,good,good,good
32029,256,-240,202,good,good,good
32051,-255,52,5,good,good,good
32057,182,118,-78,good,good,good
32059,-356,100,-14,good,good,good
32063,33,104,-132,good,good,good
32069,-51,315,-171,good,good,good
32077,-254,278,93,good,good,good
32083,104,114,-122,good,good,good
32089,-163,-150,280,good,good,good
32099,-152,-75,-106,good,good,good
32117,-187,-72,138,good,good,good
32119,-175,70,-345,good,good,good
32141,-201,-208,192,good,good,good
32143,-181,-356,-205,good,good,good
32159,-6,50,-230,good,good,good
32173,-74,14,255,good,good,good
32183,187,-146,66,good,good,good
32189,-63,95,-246,good,good,good
32191,-11,-183,-72,good,good,good
32203,-96,-36,74,good,good,good
32213,-24,249,-229,good,good,good
32233,-96,-146,239,good,good,good
32237,51,228,-174,good,good,good
32251,280,202,308,good,good,good
32257,217,-62,54,good,good,good
32261,279,-138,-270,good,good,good
32297,-81,173,-264,good,good,good
32299,34,-45,48,good,good,good
32303,178,-66,108,good,good,good
32309,-62,120,-156,good,good,good
32321,-30,-178,44,good,good,good
32323,-10,159,185,good,good,good
32327,248,23,-218,good,good,good
32341,-17,167,-295,good,good,good
32353,138,144,49,good,good,good
32359,179,40,244,good,good,good
32363,196,189,-68,good,good,good
32369,-184,-60,-24,good,good,good
32371,-13,247,88,good,good,good
32377,70,-7,-38,good,good,good
32381,-60,-168,75,good,good,good
32401,-190,-148,227,good,good,good
32411,-28,-288,166,good,good,good
32413,133,94,194,good,good,good
32423,267,-316,314,good,good,good
32429,-288,230,102,good,good,good
32441,-158,192,-60,good,good,good
32443,-334,199,-206,good,good,good
32467,-96,-102,167,good,good,good
32479,8,100,234,good,good,good
32491,-192,242,294,good,good,good
32497,27,-17,53,good,good,good
32503,176,169,-24,good,good,good
32507,304,-72,-25,good,good,good
32531,194,107,-114,good,good,good
32533,26,94,-17,good,good,good
32537,-146,88,332,good,good,good
32561,62,87,224,good,good,good
32563,92,209,-124,good,good,good
32569,-187,130,118,good,good,good
32573,296,264,-186,good,good,good
32579,-150,60,21,good,good,good
32587,-17,193,98,good,good,good
32603,-100,104,-79,good,good,good
32609,170,-175,-210,good,good,good
32611,42,-188,-103,good,good,good
32621,-162,122,-333,good,good,good
32633,-239,114,264,good,good,good
32647,292,198,176,good,good,good
32653,304,-61,276,good,good,good
32687,357,-182,-216,good,good,good
32693,-42,-81,-162,good,good,good
32707,-173,248,-164,good,good,good
32713,262,164,160,good,good,good
32717,-298,-222,-129,good,good,good
32719,209,-115,-328,good,good,good
32749,274,60,67,good,good,good
32771,28,-78,203,good,good,good
32779,-133,-70,-146,good,good,good
32783,60,-171,98,good,good,good
32789,269,-75,149,good,good,good
32797,178,78,-265,good,good,good
32801,196,2,-177,good,good,good
32803,-273,79,-204,good,good,good
32831,273,-118,-132,good,good,good
32833,-260,149,-95,good,good,good
32839,-188,-265,322,good,good,good
32843,24,-336,130,good,good,good
32869,22,-55,-171,good,good,good
32887,-58,148,109,good,good,good
32909,111,-210,-192,good,good,good
32911,166,-338,134,good,good,good
32917,-112,298,282,good,good,good
32933,293,184,-336,good,good,good
32939,-284,180,-72,good,good,good
32941,317,-308,308,good,good,good
32957,339,183,258,good,good,good
32969,-188,130,-138,good,good,good
32971,-8,-103,-120,good,good,good
32983,-1,344,-116,good,good,good
32987,-48,-267,-331,good,good,good
32993,2,74,-58,good,good,good
32999,54,0,-271,good,good,good
33013,131,254,-241,good,good,good
33023,-84,-1,108,good,good,good
33029,243,0,-294,good,good,good
33037,355,78,-287,good,good,good
33049,200,-85,15,good,good,good
33053,213,219,-120,good,good,good
33071,-117,-128,17,good,good,good
33073,4,-46,-292,good,good,good
33083,290,94,240,good,good,good
33091,122,92,272,good,good,good
33107,144,68,28,good,good,good
33113,126,59,106,good,good,good
33119,101,-320,-69,good,good,good
33149,-98,-60,-138,good,good,good
33151,135,-98,53,good,good,good
33161,2,162,57,good,good,good
33179,-84,-65,144,good,good,good
33181,-244,-293,-122,good,good,good
33191,146,-233,-42,good,good,good
33199,143,-125,-12,good,good,good
33203,184,-336,-142,good,good,good
33211,-252,-188,-20,good,good,good
33223,293,344,288,good,good,good
33247,43,153,182,good,good,good
33287,102,-37,294,good,good,good
33289,125,45,-20,good,good,good
33301,311,-198,-115,good,good,good
33311,-168,112,-159,good,good,good
33317,18,-137,66,good,good,good
33329,-24,-120,345,good,good,good
33331,24,157,300,good,good,good
33343,290,-16,-84,good,good,good
33347,-3,-72,-50,good,good,good
33349,-209,-120,138,good,good,good
33353,-66,129,-18,good,good,good
33359,10,-320,-47,good,good,good
33377,-250,163,294,good,good,good
33391,-218,292,-81,good,good,good
33403,-238,-116,-282,good,good,good
33409,-150,-80,-18,good,good,good
33413,-312,174,178,good,good,good
33427,239,323,358,good,good,good
33457,349,-212,-230,good,good,good
33461,48,212,-66,good,good,good
33469,-119,140,-340,good,good,good
33479,-150,-230,-121,good,good,good
33487,250,73,-72,good,good,good
33493,-106,34,34,good,good,good
33503,-292,174,288,good,good,good
33521,263,47,-218,good,good,good
33529,121,105,-2,good,good,good
33533,53,-306,-35,good,good,good
33547,-308,-242,193,good,good,good
33563,117,104,-134,good,good,good
33569,102,200,-244,good,good,good
33577,-246,-42,-182,good,good,good
33581,-216,-93,-2,good,good,good
33587,-349,-72,168,good,good,good
33589,-135,-70,314,good,good,good
33599,-199,240,-168,good,good,good
33601,-196,102,40,good,good,good
33613,-22,-16,-126,good,good,good
33617,-101,-82,-150,good,good,good
33619,108,300,32,good,good,good
33623,-45,154,157,good,good,good
33629,-45,90,219,good,good,good
33637,122,88,-69,good,good,good
33641,-24,-258,-170,good,good,good
33647,142,243,-47,good,good,good
33679,-209,-90,-203,good,good,good
33703,-219,154,295,good,good,good
33713,-18,-146,106,good,good,good
33721,314,172,-71,good,good,good
33739,-34,-200,236,good,good,good
33749,172,125,51,good,good,good
33751,97,352,-34,good,good,good
33757,-16,-222,59,good,good,good
33767,-180,28,261,good,good,good
33769,-107,-80,361,good,good,good
33773,-350,-281,60,good,good,good
33791,-72,192,15,good,good,good
33797,-243,103,-54,good,good,good
33809,-1,300,326,good,good,good
33811,343,262,328,good,good,good
33827,-87,-252,192,good,good,good
33829,121,175,58,good,good,good
33851,-79,52,-60,good,good,good
33857,252,58,178,good,good,good
33863,246,99,219,good,good,good
33871,273,-178,-77,good,good,good
33889,271,-125,-73,good,good,good
33893,174,-316,-60,good,good,good
33911,-312,237,149,good,good,good
33923,30,174,-32,good,good,good
33931,-264,-218,-38,good,good,good
33937,82,-242,317,good,good,good
33941,333,42,202,good,good,good
33961,-258,237,-354,good,good,good
33967,5,18,108,good,good,good
33997,84,38,-134,good,good,good
34019,179,240,-297,good,good,good
34031,-145,-218,302,good,good,good
34033,203,334,82,good,good,good
34039,-19,-245,-153,good,good,good
34057,278,183,66,good,good,good
34061,283,-138,-18,good,good,good
34123,76,-51,90,good,good,good
34127,162,-167,-192,good,good,good
34129,-18,-100,-290,good,good,good
34141,281,-8,-151,good,good,good
34147,-61,-217,-179,good,good,good
34157,-124,-122,-48,good,good,good
34159,-56,-320,-149,good,good,good
34171,-44,97,10,good,good,good
34183,-298,44,-121,good,good,good
34211,200,12,232,good,good,good
34213,151,-91,-79,good,good,good
34217,242,-192,108,good,good,good
34231,154,232,7,good,good,good
34253,135,-246,-288,good,good,good
34259,5,300,280,good,good,good
34261,-122,262,-74,good,good,good
34267,-284,-312,-120,good,good,good
34273,182,344,-9,good,good,good
34283,89,364,-102,good,good,good
34297,-84,-52,-5,good,good,good
34301,32,202,-2,good,good,good
34303,-227,-111,248,good,good,good
34313,28,19,351,good,good,good
34319,-210,-30,120,good,good,good
34327,-27,18,-89,good,good,good
34337,-45,168,156,good,good,good
34351,68,-73,277,good,good,good
34361,99,-138,-22,good,good,good
34367,-312,228,108,good,good,good
34369,93,110,-110,good,good,good
34381,132,-18,72,good,good,good
34403,-207,-186,223,good,good,good
34421,-115,-278,88,good,good,good
34429,-86,230,-214,good,good,good
34439,74,275,294,good,good,good
34457,-359,63,19,good,good,good
34469,162,-40,284,good,good,good
34471,-270,-178,-160,good,good,good
34483,67,-101,-298,good,good,good
34487,159,8,-32,good,good,good
34499,-340,280,105,good,good,good
34501,-114,-223,-1,good,good,good
34511,205,112,-138,good,good,good
34513,222,-176,-204,good,good,good
34519,262,-155,-208,good,good,good
34537,-293,-202,-188,good,good,good
34543,-70,-11,-15,good,good,good
34549,-151,-290,-244,good,good,good
34583,-269,84,248,good,good,good
34589,-82,30,246,good,good,good
34591,-133,242,-201,good,good,good
34603,228,-226,-170,good,good,good
34607,267,-192,-28,good,good,good
34613,-14,-156,-90,good,good,good
34631,-195,-143,228,good,good,good
34649,42,50,154,good,good,good
34651,-64,-223,65,good,good,good
34667,-24,298,204,good,good,good
34673,323,74,205,good,good,good
34679,-267,300,105,good,good,good
34687,-308,128,17,good,good,good
34693,-304,-6,132,good,good,good
34703,-141,344,-58,good,good,good
34721,298,-78,65,good,good,good
34729,144,90,254,good,good,good
34739,201,-260,-58,good,good,good
34747,187,-132,-170,good,good,good
34757,156,18,92,good,good,good
34759,-100,-140,76,good,good,good
34763,366,-141,-204,good,good,good
34781,-30,282,0,good,good,good
34807,-8,293,296,good,good,good
34819,-170,340,-216,good,good,good
34841,-270,167,-21,good,good,good
34843,247,-96,204,good,good,good
34847,-27,48,-90,good,good,good
34849,202,25,26,good,good,good
34871,-18,-128,-138,good,good,good
34877,112,-232,211,good,good,good
34883,-276,274,-241,good,good,good
34897,-188,-122,75,good,good,good
34913,54,-36,-290,good,good,good
34919,273,135,216,good,good,good
34939,116,45,-282,good,good,good
34949,-126,160,136,good,good,good
34961,322,37,163,good,good,good
34963,164,249,176,good,good,good
34981,-26,107,260,good,good,good
35023,-28,-26,-219,good,good,good
35027,-167,-87,-49,good,good,good
35051,-300,-173,-73,good,good,good
35053,26,-216,-368,good,good,good
35059,-326,-80,-265,good,good,good
35069,134,-30,-17,good,good,good
35081,74,-168,-330,good,good,good
35083,309,-236,151,good,good,good
35089,270,290,189,good,good,good
35099,-114,160,66,good,good,good
35107,-6,-162,37,good,good,good
35111,252,12,14,good,good,good
35117,365,-327,268,good,good,good
35129,-210,-30,74,good,good,good
35141,57,-208,-364,good,good,good
35149,-226,-5,-158,good,good,good
35153,155,-76,-174,good,good,good
35159,-57,365,-164,good,good,good
35171,-233,-203,-170,good,good,good
35201,54,327,-300,good,good,good
35221,170,-128,-35,good,good,good
35227,-7,108,158,good,good,good
35251,317,352,8,good,good,good
35257,-237,78,-34,good,good,good
35267,-120,-57,66,good,good,good
35279,348,90,241,good,good,good
35281,-2,82,128,good,good,good
35291,171,-183,-178,good,good,good
35311,258,137,-226,good,good,good
35317,-72,158,-206,good,good,good
35323,255,64,156,good,good,good
35327,198,-42,-324,good,good,good
35339,-60,260,118,good,good,good
35353,70,104,85,good,good,good
35363,-252,-21,39,good,good,good
35381,-95,107,218,good,good,good
35393,-342,-246,-99,good,good,good
35401,136,-123,42,good,good,good
35407,-352,303,34,good,good,good
35419,76,-130,260,good,good,good
35423,-246,-81,-123,good,good,good
35437,-113,68,-198,good,good,good
35447,144,-297,-12,good,good,good
35449,-5,-30,280,good,good,good
35461,-150,-38,89,good,good,good
35491,-332,67,-118,good,good,good
35507,-214,-242,224,good,good,good
35509,83,-165,-200,good,good,good
35521,206,-28,-145,good,good,good
35527,-32,-262,-22,good,good,good
35531,-28,57,292,good,good,good
35533,-4,54,-24,good,good,good
35537,232,328,342,good,good,good
35543,234,-66,-201,good,good,good
35569,38,260,76,good,good,good
35573,106,324,-268,good,good,good
35591,-187,192,48,good,good,good
35593,-85,-236,-126,good,good,good
35597,-274,98,24,good,good,good
35603,29,-216,-206,good,good,good
35617,174,-332,-65,good,good,good
35671,-253,-153,-193,good,good,good
35677,-39,193,-223,good,good,good
35729,-308,230,255,good,good,good
35731,147,-268,88,good,good,good
35747,-244,108,-185,good,good,good
35753,159,-251,225,good,good,good
35759,-208,-255,-180,good,good,good
35771,114,22,-236,good,good,good
35797,-272,-42,361,good,good,good
35801,-146,152,-262,good,good,good
35803,134,-156,-84,good,good,good
35809,-170,-170,118,good,good,good
35831,48,107,-68,good,good,good
35837,-325,138,283,good,good,good
35839,-130,40,-94,good,good,good
35851,-242,52,160,good,good,good
35863,164,-241,278,good,good,good
35869,14,-195,293,good,good,good
35879,-153,-240,24,good,good,good
35897,-162,-62,228,good,good,good
35899,241,-310,7,good,good,good
35911,136,-338,-298,good,good,good
35923,-137,-56,320,good,good,good
35933,56,-186,44,good,good,good
35951,210,177,-226,good,good,good
35963,-324,-56,-208,good,good,good
35969,104,70,-14,good,good,good
35977,148,18,-32,good,good,good
35983,-114,-326,208,good,good,good
35993,-28,-31,-118,good,good,good
35999,-300,-330,323,good,good,good
36007,164,248,-330,good,good,good
36011,-11,312,-287,good,good,good
36013,50,314,293,good,good,good
36017,18,-122,312,good,good,good
36037,25,-237,-62,good,good,good
36061,10,137,218,good,good,good
36067,-208,-187,-128,good,good,good
36073,-10,-271,-276,good,good,good
36083,200,4,68,good,good,good
36097,262,28,335,good,good,good
36107,274,-37,-306,good,good,good
36109,334,-20,-233,good,good,good
36131,-18,82,-228,good,good,good
36137,247,-192,6,good,good,good
36151,20,127,-106,good,good,good
36161,-79,-213,-189,good,good,good
36187,-45,-152,226,good,good,good
36191,40,-8,-62,good,good,good
36209,-168,-360,60,good,good,good
36217,-110,-227,-258,good,good,good
36229,110,220,38,good,good,good
36241,-116,-108,151,good,good,good
36251,-297,-348,-145,good,good,good
36263,319,-6,0,good,good,good
36269,-143,330,-316,good,good,good
36277,-152,-122,45,good,good,good
36293,321,149,-206,good,good,good
36299,-294,-150,-160,good,good,good
36307,-203,-202,-248,good,good,good
36313,-297,304,-126,good,good,good
36319,200,-150,-11,good,good,good
36341,237,-58,69,good,good,good
36343,-305,-206,-259,good,good,good
36353,-320,-231,-15,good,good,good
36373,206,-146,-2,good,good,good
36383,-229,44,-161,good,good,good
36389,210,-85,258,good,good,good
36433,187,109,25,good,good,good
36451,214,302,-70,good,good,good
36457,241,118,-154,good,good,good
36467,270,138,257,good,good,good
36469,20,-310,218,good,good,good
36473,367,-6,97,good,good,good
36479,-280,-15,355,good,good,good
36493,294,-46,-251,good,good,good
36497,222,348,-231,good,good,good
36523,157,244,-196,good,good,good
36527,294,218,162,good,good,good
36529,-67,265,-166,good,good,good
36541,-198,-358,53,good,good,good
36551,-294,-123,182,good,good,good
36559,-277,0,281,good,good,good
36563,84,214,2,good,good,good
36571,138,-78,145,good,good,good
36583,-4,-46,-192,good,good,good
36587,-142,-87,170,good,good,good
36599,-22,-40,100,good,good,good
36607,-128,208,-224,good,good,good
36629,154,-120,207,good,good,good
36637,-209,278,82,good,good,good
36643,-340,84,4,good,good,good
36653,228,-146,-79,good,good,good
36671,-329,-228,80,good,good,good
36677,258,238,185,good,good,good
36683,-275,-251,-229,good,good,good
36691,188,-108,116,good,good,good
36697,198,273,-376,good,good,good
36709,290,320,-171,good,good,good
36713,289,-376,-54,good,good,good
36721,-92,47,-380,good,good,good
36739,-106,40,348,good,good,good
36749,262,-65,33,good,good,good
36761,-52,-238,-196,good,good,good
36767,185,273,-190,good,good,good
36779,-327,-30,17,good,good,good
36781,281,-168,-298,good,good,good
36787,-52,-327,-52,good,good,good
36791,110,42,144,good,good,good
36793,104,134,-26,good,good,good
36809,140,-185,310,good,good,good
36821,242,22,86,good,good,good
36833,82,-31,30,good,good,good
36847,82,58,272,good,good,good
36857,382,-152,108,good,good,good
36871,172,372,-22,good,good,good
36877,-193,-242,233,good,good,good
36887,-156,-147,-348,good,good,good
36899,-213,-135,54,good,good,good
36901,-307,-48,-295,good,good,good
36913,-92,-266,298,good,good,good
36919,-127,100,-357,good,good,good
36923,3,204,178,good,good,good
36929,-294,40,114,good,good,good
36931,-152,357,72,good,good,good
36943,-172,-196,14,good,good,good
36947,249,143,68,good,good,good
36973,213,-286,264,good,good,good
36979,-197,-190,316,good,good,good
36997,269,13,47,good,good,good
37003,-44,254,134,good,good,good
37013,238,354,175,good,good,good
37019,-318,-285,33,good,good,good
37021,-163,72,-179,good,good,good
37039,122,50,-292,good,good,good
37049,281,-275,249,good,good,good
37057,24,178,-294,good,good,good
37061,-192,12,-243,good,good,good
37087,332,218,-328,good,good,good
37097,290,278,-49,good,good,good
37117,166,-222,-216,good,good,good
37123,241,-111,-271,good,good,good
37139,36,20,225,good,good,good
37159,-24,-40,-188,good,good,good
37171,86,122,364,good,good,good
37181,-189,-143,140,good,good,good
37189,-279,25,-154,good,good,good
37199,-150,-120,108,good,good,good
37201,-59,-98,-50,good,good,good
37217,-184,283,182,good,good,good
37223,169,324,163,good,good,good
37243,365,-336,218,good,good,good
37253,-108,234,134,good,good,good
37273,-90,109,-104,good,good,good
37277,42,123,161,good,good,good
37307,197,138,-58,good,good,good
37309,-194,190,47,good,good,good
37313,-346,14,-276,good,good,good
37321,295,-103,200,good,good,good
37337,21,-27,141,good,good,good
37339,268,-120,72,good,good,good
37357,-110,-67,-299,good,good,good
37361,-67,187,-171,good,good,good
37363,327,94,-259,good,good,good
37369,146,230,-173,good,good,good
37379,-124,105,24,good,good,good
37397,-143,158,10,good,good,good
37409,112,45,338,good,good,good
37423,101,349,221,good,good,good
37441,-129,192,57,good,good,good
37447,72,-192,-188,good,good,good
37463,316,-366,-39,good,good,good
37483,-232,-56,276,good,good,good
37489,-220,-135,-80,good,good,good
37493,117,154,-132,good,good,good
37501,240,-98,-17,good,good,good
37507,68,-82,-38,good,good,good
37511,-157,-213,84,good,good,good
37517,339,258,-142,good,good,good
37529,-25,60,40,good,good,good
37537,10,43,111,good,good,good
37547,-140,263,-42,good,good,good
37549,56,-110,37,good,good,good
37561,-358,-88,-114,good,good,good
37567,25,-162,-253,good,good,good
37571,81,72,-358,good,good,good
37573,-82,-106,260,good,good,good
37579,84,-140,240,good,good,good
37589,182,150,-383,good,good,good
37591,280,-283,-251,good,good,good
37607,-314,-197,222,good,good,good
37619,-156,-130,-260,good,good,good
37633,-258,74,346,good,good,good
37643,-124,-81,16,good,good,good
37649,192,-130,250,good,good,good
37657,-266,-277,-133,good,good,good
37663,-296,-136,-56,good,good,good
37691,219,-183,-19,good,good,good
37693,195,124,-264,good,good,good
37699,-63,160,92,good,good,good
37717,-252,-87,311,good,good,good
37747,177,228,-46,good,good,good
37781,-90,132,172,good,good,good
37783,160,149,196,good,good,good
37799,-6,205,-264,good,good,good
37811,5,-188,-180,good,good,good
37813,289,274,175,good,good,good
37831,50,-118,-38,good,good,good
37847,328,-112,-91,good,good,good
37853,214,-106,182,good,good,good
37861,238,62,-314,good,good,good
37871,170,-303,-70,good,good,good
37879,240,320,142,good,good,good
37889,383,-170,360,good,good,good
37897,206,-82,-109,good,good,good
37907,-228,-317,168,good,good,good
37951,91,-173,368,good,good,good
37957,264,98,-266,good,good,good
37963,-15,54,-323,good,good,good
37967,-182,-152,52,good,good,good
37987,171,-97,34,good,good,good
37991,-240,-258,-288,good,good,good
37993,-226,-356,121,good,good,good
37997,102,-242,-53,good,good,good
38011,44,362,-45,good,good,good
38039,141,-285,-214,good,good,good
38047,-8,-32,56,good,good,good
38053,-32,-41,35,good,good,good
38069,-55,-70,150,good,good,good
38083,252,359,-58,good,good,good
38113,-183,254,-49,good,good,good
38119,-183,215,284,good,good,good
38149,-38,-25,-130,good,good,good
38153,-116,-261,-172,good,good,good
38167,0,-322,113,good,good,good
38177,-254,-132,238,good,good,good
38183,-255,-76,-36,good,good,good
38189,98,220,-179,good,good,good
38197,10,153,140,good,good,good
38201,-276,102,-65,good,good,good
38219,234,-340,-236,good,good,good
38231,29,282,250,good,good,good
38237,-305,-137,-248,good,good,good
38239,-316,-80,-108,good,good,good
38261,138,-213,54,good,good,good
38273,-282,329,-322,good,good,good
38281,-342,182,74,good,good,good
38287,-370,178,-316,good,good,good
38299,-20,-70,-284,good,good,good
38303,-336,129,256,good,good,good
38317,268,-142,82,good,good,good
38321,58,122,56,good,good,good
38327,42,-312,8,good,good,good
38329,-85,-155,-34,good,good,good
38333,-299,-51,138,good,good,good
38351,-88,27,132,good,good,good
38371,360,47,-16,good,good,good
38377,292,298,252,good,good,good
38393,-62,14,-142,good,good,good
38431,205,-68,-19,good,good,good
38447,63,318,124,good,good,good
38449,-160,-205,-163,good,good,good
38453,174,274,299,good,good,good
38459,-75,40,84,good,good,good
38461,-68,262,52,good,good,good
38501,135,327,248,good,good,good
38543,-44,94,-8,good,good,good
38557,-111,-272,-75,good,good,good
38561,378,262,-50,good,good,good
38567,-196,168,-342,good,good,good
38569,-266,-350,-274,good,good,good
38593,-188,179,76,good,good,good
38603,109,-291,-60,good,good,good
38609,-246,260,114,good,good,good
38611,-240,12,-236,good,good,good
38629,-153,110,-102,good,good,good
38639,-65,210,-340,good,good,good
38651,-108,252,3,good,good,good
38653,-285,-346,74,good,good,good
38669,225,115,-82,good,good,good
38671,-58,-28,40,good,good,good
38677,73,353,-278,good,good,good
38693,-106,54,-310,good,good,good
38699,-212,300,-180,good,good,good
38707,-210,28,199,good,good,good
38711,-285,12,-194,good,good,good
38713,-238,119,307,good,good,good
38723,-324,-356,-252,good,good,good
38729,-207,-210,121,good,good,good
38737,-136,218,56,good,good,good
38747,108,53,1,good,good,good
38749,125,-180,-178,good,good,good
38767,7,253,-324,good,good,good
38783,-89,54,323,good,good,good
38791,-322,-133,-346,good,good,good
38803,308,214,304,good,good,good
38821,28,-278,-122,good,good,good
38833,-208,-46,-26,good,good,good
38839,283,275,-52,good,good,good
38851,211,-148,-348,good,good,good
38861,-145,37,-188,good,good,good
38867,112,108,-252,good,good,good
38873,-122,-226,176,good,good,good
38891,-327,-258,-316,good,good,good
38903,41,-366,94,good,good,good
38917,-73,118,-102,good,good,good
38921,-59,197,292,good,good,good
38923,157,-41,74,good,good,good
38933,291,289,230,good,good,good
38953,320,244,-84,good,good,good
38959,-166,190,289,good,good,good
38971,-121,-103,210,good,good,good
38977,-353,-307,153,good,good,good
38993,-40,-91,-59,good,good,good
39019,65,-220,47,good,good,good
39023,-136,-166,122,good,good,good
39041,166,342,-25,good,good,good
39043,2,99,64,good,good,good
39047,15,-142,84,good,good,good
39079,351,100,200,good,good,good
39089,-102,330,114,good,good,good
39097,-109,158,-120,good,good,good
39103,-64,244,306,good,good,good
39107,88,78,84,good,good,good
39113,-246,334,-330,good,good,good
39119,83,375,108,good,good,good
39133,364,-106,310,good,good,good
39139,-20,-135,323,good,good,good
39157,107,-82,362,good,good,good
39161,-242,-213,-42,good,good,good
39163,-166,-41,-160,good,good,good
39181,-60,-68,-184,good,good,good
39191,136,-208,122,good,good,good
39199,236,90,-170,good,good,good
39209,-313,50,75,good,good,good
39217,201,-12,38,good,good,good
39227,243,328,299,good,good,good
39229,-309,35,320,good,good,good
39233,126,-136,-206,good,good,good
39239,92,50,12,good,good,good
39241,150,-383,-284,good,good,good
39251,-120,177,250,good,good,good
39293,29,-6,34,good,good,good
39301,-323,2,-244,good,good,good
39313,-84,-236,-281,good,good,good
39317,-328,3,-106,good,good,good
39323,360,-361,-52,good,good,good
39341,-123,-233,-327,good,good,good
39343,-49,24,333,good,good,good
39359,261,360,-48,good,good,good
39367,-7,-237,-168,good,good,good
39371,-272,72,268,good,good,good
39373,-326,-221,-240,good,good,good
39383,210,104,-339,good,good,good
39397,228,-22,-114,good,good,good
39409,41,-320,-131,good,good,good
39419,48,360,286,good,good,good
39439,88,-115,-43,good,good,good
39443,29,314,-212,good,good,good
39451,-279,-23,186,good,good,good
39461,304,-213,-150,good,good,good
39499,-114,-315,217,good,good,good
39503,266,144,-40,good,good,good
39509,150,-10,-285,good,good,good
39511,114,62,4,good,good,good
39521,240,-178,-102,good,good,good
39541,-170,-8,-91,good,good,good
39551,144,-298,247,good,good,good
39563,-91,294,-132,good,good,good
39569,87,30,-306,good,good,good
39581,-190,-243,5,good,good,good
39607,78,-202,120,good,good,good
39619,-28,100,-261,good,good,good
39623,144,-151,33,good,good,good
39631,83,-243,-220,good,good,good
39659,-164,105,243,good,good,good
39667,-104,193,103,good,good,good
39671,192,-303,-81,good,good,good
39679,76,190,8,good,good,good
39703,-122,184,75,good,good,good
39709,84,-140,194,good,good,good
39719,2,280,45,good,good,good
39727,-317,58,-25,good,good,good
39733,26,259,214,good,good,good
39749,-159,-60,44,good,good,good
39761,102,-138,-326,good,good,good
39769,206,-10,71,good,good,good
39779,183,-15,-40,good,good,good
39791,199,17,215,good,good,good
39799,-308,325,103,good,good,good
39821,-55,322,47,good,good,good
39827,-222,-132,-302,good,good,good
39829,-112,-310,362,good,good,good
39839,297,120,96,good,good,good
39841,156,-108,72,good,good,good
39847,42,128,-11,good,good,good
39857,32,323,-267,good,good,good
39863,-76,-136,-154,good,good,good
39869,150,285,6,good,good,good
39877,382,-202,-300,good,good,good
39883,337,-196,271,good,good,good
39887,33,13,132,good,good,good
39901,322,-373,159,good,good,good
39929,22,180,190,good,good,good
39937,-354,328,208,good,good,good
39953,150,-346,-34,good,good,good
39971,-221,372,345,good,good,good
39979,234,95,86,good,good,good
39983,-276,299,340,good,good,good
39989,118,135,-171,good,good,good
40009,329,-80,-343,good,good,good
40013,354,174,346,good,good,good
40031,80,-268,-119,good,good,good
40037,-74,148,-30,good,good,good
40039,4,-60,-293,good,good,good
40063,-258,39,219,good,good,good
40087,49,223,-296,good,good,good
40093,-124,309,-198,good,good,good
40099,-139,220,14,good,good,good
40111,-205,312,188,good,good,good
40123,104,-16,-222,good,good,good
40127,0,228,-216,good,good,good
40129,-13,130,214,good,good,good
40151,54,127,-304,good,good,good
40153,112,-51,145,good,good,good
40163,316,154,9,good,good,good
40169,56,100,14,good,good,good
40177,-118,-142,210,good,good,good
40189,-270,-220,-157,good,good,good
40193,210,294,-90,good,good,good
40213,-142,34,18,good,good,good
40231,185,232,228,good,good,good
40237,62,188,-258,good,good,good
40241,136,217,-130,good,good,good
40253,290,-66,88,good,good,good
40277,-70,-92,187,good,good,good
40283,-153,-141,93,good,good,good
40289,-270,-340,-138,good,good,good
40343,-302,4,280,good,good,good
40351,235,-123,354,good,good,good
40357,-198,-22,79,good,good,good
40361,318,212,-230,good,good,good
40387,180,118,281,good,good,good
40423,188,-61,288,good,good,good
40427,348,-302,-156,good,good,good
40429,18,250,-106,good,good,good
40433,290,-96,36,good,good,good
40459,-100,-215,114,good,good,good
40471,8,22,-164,good,good,good
40483,-160,-171,160,good,good,good
40487,-192,-222,-130,good,good,good
40493,256,184,248,good,good,good
40499,293,30,-104,good,good,good
40507,6,-137,302,good,good,good
40519,301,-140,-125,good,good,good
40529,-254,345,193,good,good,good
40531,-287,132,-104,good,good,good
40543,-293,-286,264,good,good,good
40559,-235,-380,240,good,good,good
40577,190,-302,13,good,good,good
40583,-190,-61,91,good,good,good
40591,284,267,-10,good,good,good
40597,110,-62,242,good,good,good
40609,200,-60,209,good,good,good
40627,228,243,-13,good,good,good
40637,-195,-27,110,good,good,good
40639,282,-320,-240,good,good,good
40693,-238,199,52,good,good,good
40697,-13,-192,122,good,good,good
40699,-257,400,-324,good,good,good
40709,58,195,-216,good,good,good
40739,114,-320,-12,good,good,good
40751,-294,152,325,good,good,good
40759,80,-95,327,good,good,good
40763,252,84,-318,good,good,good
40771,185,272,119,good,good,good
40787,-12,-312,139,good,good,good
40801,105,202,221,good,good,good
40813,-104,34,120,good,good,good
40819,-168,-45,30,good,good,good
40823,143,-336,-98,good,good,good
40829,30,-90,-29,good,good,good
40841,-225,42,-242,good,good,good
40847,129,88,-222,good,good,good
40849,217,-260,225,good,good,good
40853,-328,-246,-36,good,good,good
40867,-18,138,-202,good,good,good
40879,6,-240,-96,good,good,good
40883,-132,64,-182,good,good,good
40897,-230,-2,-29,good,good,good
40903,16,64,191,good,good,good
40927,266,-382,68,good,good,good
40933,101,274,208,good,good,good
40939,-176,220,129,good,good,good
40949,-187,-30,-40,good,good,good
40961,224,-188,64,good,good,good
40973,-64,-186,144,good,good,good
40993,259,-26,-98,good,good,good
41011,160,-213,-233,good,good,good
41017,199,63,-22,good,good,good
41023,49,-21,179,good,good,good
41039,-234,225,-84,good,good,good
41047,196,328,-72,good,good,good
41051,102,-198,-252,good,good,good
41057,-120,238,210,good,good,good
41077,201,363,9,good,good,good
41081,-137,132,47,good,good,good
41113,-42,-226,222,good,good,good
41117,45,318,-401,good,good,good
41131,-118,232,310,good,good,good
41141,-314,167,102,good,good,good
41143,283,264,95,good,good,good
41149,-80,385,241,good,good,good
41161,400,12,342,good,good,good
41177,135,-282,-278,good,good,good
41179,340,70,-76,good,good,good
41183,138,-16,248,good,good,good
41189,-304,130,-10,good,good,good
41201,-72,102,-126,good,good,good
41203,-244,124,8,good,good,good
41213,12,-106,168,good,good,good
41221,197,47,266,good,good,good
41227,381,-22,28,good,good,good
41231,36,-243,386,good,good,good
41233,188,319,230,good,good,good
41243,252,-51,252,good,good,good
41257,-62,-352,106,good,good,good
41263,-120,-46,-158,good,good,good
41269,-122,50,-235,good,good,good
41281,-23,-18,-228,good,good,good
41299,-181,165,-73,good,good,good
41333,-81,-156,-111,good,good,good
41341,69,-233,-190,good,good,good
41351,-278,102,232,good,good,good
41357,-383,18,-70,good,good,good
41381,-152,-68,330,good,good,good
41387,-375,343,-260,good,good,good
41389,-120,-340,-32,good,good,good
41399,36,-10,58,good,good,good
41411,240,312,318,good,good,good
41413,-203,-221,210,good,good,good
41443,-77,-296,-220,good,good,good
41453,-104,239,-150,good,good,good
41467,-293,-72,38,good,good,good
41479,356,65,-56,good,good,good
41491,-386,142,-140,good,good,good
41507,-15,248,276,good,good,good
41513,-51,264,116,good,good,good
41519,108,-15,-6,good,good,good
41521,101,-328,-189,good,good,good
41539,-243,-5,-122,good,good,good
41543,390,274,139,good,good,good
41549,90,10,-18,good,good,good
41579,60,80,-252,good,good,good
41593,256,84,-6,good,good,good
41597,-395,378,312,good,good,good
41603,-180,129,-255,good,good,good
41609,-195,130,164,good,good,good
41611,76,287,220,good,good,good
41617,26,83,349,good,good,good
41621,-75,-78,-176,good,good,good
41627,-16,-12,81,good,good,good
41641,-203,42,112,good,good,good
41647,-10,273,344,good,good,good
41651,375,52,-153,good,good,good
41659,-359,-130,-252,good,good,good
41669,302,345,285,good,good,good
41681,-140,-18,18,good,good,good
41687,293,48,24,good,good,good
41719,150,240,131,good,good,good
41729,363,-80,-46,good,good,good
41737,105,73,122,good,good,good
41759,-40,165,-84,good,good,good
41761,-6,87,-70,good,good,good
41771,378,-303,80,good,good,good
41777,221,-72,-180,good,good,good
41801,66,127,-271,good,good,good
41809,-87,170,40,good,good,good
41813,146,-96,204,good,good,good
41843,36,94,300,good,good,good
41849,-216,-135,-66,good,good,good
41851,-332,302,-230,good,good,good
41863,153,134,-18,good,good,good
41879,46,-60,-35,good,good,good
41887,-45,-212,77,good,good,good
41893,301,329,89,good,good,good
41897,202,-157,-94,good,good,good
41903,-318,259,122,good,good,good
41911,-41,-13,-248,good,good,good
41927,-240,-242,-400,good,good,good
41941,26,-158,-250,good,good,good
41947,228,-37,172,good,good,good
41953,314,354,-50,good,good,good
41957,15,218,381,good,good,good
41959,57,-225,290,good,good,good
41969,-151,-385,-54,good,good,good
41981,-278,-43,-88,good,good,good
41983,121,-136,324,good,good,good
41999,-31,275,-177,good,good,good
42013,304,219,-42,good,good,good
42017,42,378,319,good,good,good
42019,310,-330,-36,good,good,good
42023,228,269,88,good,good,good
42043,-204,169,68,good,good,good
42061,-62,162,283,good,good,good
42071,200,222,-135,good,good,good
42073,-49,-361,-226,good,good,good
42083,-230,-196,68,good,good,good
42089,-202,-155,-9,good,good,good
42101,-126,327,18,good,good,good
42131,127,7,139,good,good,good
42139,-11,-100,120,good,good,good
42157,188,-87,256,good,good,good
42169,70,-140,278,good,good,good
42179,156,-305,158,good,good,good
42181,-170,-118,163,good,good,good
42187,59,358,-65,good,good,good
42193,-156,114,-39,good,good,good
42197,80,-27,-288,good,good,good
42209,-270,20,-220,good,good,good
42221,-91,-303,-213,good,good,good
42223,-148,-91,224,good,good,good
42227,183,148,232,good,good,good
42239,-198,-210,276,good,good,good
42257,-238,338,-213,good,good,good
42281,-250,-318,62,good,good,good
42283,-56,-366,398,good,good,good
42293,124,-166,174,good,good,good
42299,60,-355,-4,good,good,good
42307,343,383,-41,good,good,good
42323,76,284,116,good,good,good
42331,108,-68,-60,good,good,good
42337,-33,-317,-71,good,good,good
42349,-366,250,370,good,good,good
42359,-226,-255,335,good,good,good
42373,-136,-126,147,good,good,good
42379,20,-50,-266,good,good,good
42391,-128,142,-198,good,good,good
42397,-254,-17,287,good,good,good
42403,-188,219,-74,good,good,good
42407,-310,78,215,good,good,good
42409,118,-170,104,good,good,good
42433,-312,194,142,good,good,good
42437,52,-162,285,good,good,good
42443,-69,-371,116,good,good,good
42451,-253,-148,154,good,good,good
42457,-76,68,-110,good,good,good
42461,-196,-313,-108,good,good,good
42463,-328,284,92,good,good,good
42467,112,-192,-301,good,good,good
42473,-207,-236,-12,good,good,good
42487,-139,-32,-355,good,good,good
42491,-360,92,138,good,good,good
42499,-134,-60,116,good,good,good
42509,-5,-50,48,good,good,good
42533,88,214,-116,good,good,good
42557,-205,-222,-194,good,good,good
42569,198,-180,210,good,good,good
42571,372,-403,118,good,good,good
42577,-155,-82,305,good,good,good
42589,-188,20,-76,good,good,good
42611,130,312,91,good,good,good
42641,-16,117,128,good,good,good
42643,-68,-226,-58,good,good,good
42649,322,160,-282,good,good,good
42667,268,13,8,good,good,good
42677,-63,-262,21,good,good,good
42683,-156,204,186,good,good,good
42689,53,-75,148,good,good,good
42697,134,28,11,good,good,good
42701,-78,102,156,good,good,good
42703,-238,-371,-151,good,good,good
42709,-7,230,-242,good,good,good
42719,39,-90,-226,good,good,good
42727,334,13,-96,good,good,good
42737,-120,-92,12,good,good,good
42743,164,114,100,good,good,good
42751,-256,277,48,good,good,good
42767,244,268,-336,good,good,good
42773,-177,-341,153,good,good,good
42787,294,-2,-32,good,good,good
42793,-217,114,-332,good,good,good
42797,-71,188,-185,good,good,good
42821,-206,247,284,good,good,good
42829,130,70,-280,good,good,good
42839,-261,-120,-91,good,good,good
42841,106,192,-134,good,good,good
42853,215,274,-234,good,good,good
42859,132,-335,59,good,good,good
42863,-354,294,252,good,good,good
42899,-297,0,-26,good,good,good
42901,-70,277,-70,good,good,good
42923,-153,249,-84,good,good,good
42929,-226,400,320,good,good,good
42937,186,-47,370,good,good,good
42943,274,-206,-29,good,good,good
42953,153,-131,-92,good,good,good
42961,129,-388,-10,good,good,good
42967,349,-107,384,good,good,good
42979,200,-260,114,good,good,good
42989,-24,115,66,good,good,good
43003,340,-191,-124,good,good,good
43013,248,34,-249,good,good,good
43019,255,105,34,good,good,good
43037,268,43,-147,good,good,good
43049,-124,90,-150,good,good,good
43051,332,2,-310,good,good,good
43063,-102,29,206,good,good,good
43067,-116,-312,-147,good,good,good
43093,-289,104,281,good,good,good
43103,-220,-11,-336,good,good,good
43117,-299,28,-206,good,good,good
43133,341,224,-139,good,good,good
43151,9,177,159,good,good,good
43159,310,-100,-120,good,good,good
43177,-274,98,54,good,good,good
43189,-70,-5,250,good,good,good
43201,146,227,172,good,good,good
43207,-293,-142,-27,good,good,good
43223,-60,-171,-317,good,good,good
43237,-218,78,-277,good,good,good
43261,-156,-163,314,good,good,good
43271,276,122,138,good,good,good
43283,129,124,-84,good,good,good
43291,83,-358,16,good,good,good
43313,-182,174,-28,good,good,good
43319,258,195,-192,good,good,good
43321,410,-78,-189,good,good,good
43331,-3,-68,-60,good,good,good
43391,241,-8,40,good,good,good
43397,-309,-282,154,good,good,good
43399,-72,-105,97,good,good,good
43403,-114,-26,86,good,good,good
43411,68,37,-295,good,good,good
43427,-247,-272,299,good,good,good
43441,409,-308,189,good,good,good
43451,-288,-373,-261,good,good,good
43457,-56,248,227,good,good,good
43481,402,7,82,good,good,good
43487,-49,-397,92,good,good,good
43499,256,-135,29,good,good,good
43517,-54,43,204,good,good,good
43541,-238,317,-260,good,good,good
43543,-184,129,116,good,good,good
43573,22,-36,-135,good,good,good
43577,381,-92,254,good,good,good
43579,88,110,65,good,good,good
43591,324,-208,250,good,good,good
43597,-22,-37,164,good,good,good
43607,123,-207,72,good,good,good
43609,-104,150,187,good,good,good
43613,-251,229,-141,good,good,good
43627,-16,-172,-117,good,good,good
43633,2,-386,227,good,good,good
43649,135,75,-211,good,good,good
43651,223,377,182,good,good,good
43661,-270,162,-94,good,good,good
43669,-11,70,154,good,good,good
43691,-352,-58,84,good,good,good
43711,348,-88,208,good,good,good
43717,-40,153,-278,good,good,good
43721,36,-28,-213,good,good,good
43753,-74,64,-412,good,good,good
43759,21,-340,-70,good,good,good
43777,290,88,-302,good,good,good
43781,-33,-243,-365,good,good,good
43783,-168,-371,172,good,good,good
43787,-287,-72,112,good,good,good
43789,194,75,65,good,good,good
43793,-132,384,-155,good,good,good
43801,215,-48,-58,good,good,good
43853,30,84,-330,good,good,good
43867,108,168,-296,good,good,good
43889,-198,40,222,good,good,good
43891,-121,-383,-140,good,good,good
43913,400,139,19,good,good,good
43933,-80,-216,-98,good,good,good
43943,66,9,208,good,good,good
43951,256,-148,87,good,good,good
43961,-72,87,-83,good,good,good
43963,179,-6,-287,good,good,good
43969,114,80,-78,good,good,good
43973,-224,-266,114,good,good,good
43987,314,308,385,good,good,good
43991,136,192,-128,good,good,good
43997,105,8,202,good,good,good
44017,326,298,-316,good,good,good
44021,195,-128,51,good,good,good
44027,223,-117,-34,good,good,good
44029,294,-250,-14,good,good,good
44041,202,-358,56,good,good,good
44053,-36,-6,-19,good,good,good
44059,-220,80,205,good,good,good
44071,-236,-303,-245,good,good,good
44087,36,-112,6,good,good,good
44089,264,290,-28,good,good,good
44101,47,252,-109,good,good,good
44111,-75,312,-270,good,good,good
44119,-274,-220,244,good,good,good
44123,150,-86,-207,good,good,good
44129,105,-240,150,good,good,good
44131,229,132,38,good,good,good
44159,-330,-325,-336,good,good,good
44171,349,-128,360,good,good,good
44179,1,260,-12,good,good,good
44189,399,-300,-393,good,good,good
44201,-78,27,-42,good,good,good
44203,-369,-136,108,good,good,good
44207,-18,303,-414,good,good,good
44221,-162,-203,-301,good,good,good
44249,-206,320,-239,good,good,good
44257,136,-127,-272,good,good,good
44263,-233,14,-168,good,good,good
44267,168,-147,-32,good,good,good
44269,-200,-65,393,good,good,good
44273,-287,-411,34,good,good,good
44279,-39,-75,184,good,good,good
44281,-86,-368,375,good,good,good
44293,346,174,106,good,good,good
44351,229,-398,309,good,good,good
44357,-254,13,-77,good,good,good
44371,-130,-178,-17,good,good,good
44381,104,-218,63,good,good,good
44383,374,199,-234,good,good,good
44389,-315,285,32,good,good,good
44417,250,-332,218,good,good,good
44449,31,385,-262,good,good,good
44453,194,-6,-146,good,good,good
44483,-84,84,-364,good,good,good
44491,296,-358,-196,good,good,good
44497,398,68,-246,good,good,good
44501,-87,-148,-296,good,good,good
44507,-217,-117,-150,good,good,good
44519,240,-120,147,good,good,good
44531,-156,332,368,good,good,good
44533,380,-181,-310,good,good,good
44537,217,233,-252,good,good,good
44543,42,249,-102,good,good,good
44549,9,100,-180,good,good,good
44563,-392,4,392,good,good,good
44579,124,300,198,good,good,good
44587,310,-47,-16,good,good,good
44617,278,-257,-202,good,good,good
44621,69,-253,-298,good,good,good
44623,184,54,329,good,good,good
44633,81,94,199,good,good,good
44641,118,142,-311,good,good,good
44647,307,-107,-406,good,good,good
44651,142,-348,120,good,good,good
44657,-4,-282,-137,good,good,good
44683,-344,184,-67,good,good,good
44687,-243,-307,-130,good,good,good
44699,9,-60,-41,good,good,good
44701,-262,252,-348,good,good,good
44711,-148,-88,-44,good,good,good
44729,-29,-315,-9,good,good,good
44741,150,-333,325,good,good,good
44753,-402,214,-216,good,good,good
44771,261,-53,-177,good,good,good
44773,-150,-406,116,good,good,good
44777,-18,118,374,good,good,good
44789,66,270,-175,good,good,good
44797,-7,103,329,good,good,good
44809,-266,-50,145,good,good,good
44819,324,-15,-82,good,good,good
44839,-282,-155,-326,good,good,good
44843,284,-226,204,good,good,good
44851,-276,-348,-10,good,good,good
44867,-238,-87,78,good,good,good
44879,354,30,271,good,good,good
44887,126,-122,218,good,good,good
44893,298,-66,-112,good,good,good
44909,-258,-220,152,good,good,good
44917,63,-42,-268,good,good,good
44927,-220,-387,-234,good,good,good
44939,-335,-340,-304,good,good,good
44953,378,-16,26,good,good,good
44959,-119,-280,134,good,good,good
44963,-282,224,-60,good,good,good
44971,92,247,-92,good,good,good
44983,-51,39,-23,good,good,good
44987,-132,48,196,good,good,good
45007,-198,38,-343,good,good,good
45013,269,239,-302,good,good,good
45053,-228,-326,-210,good,good,good
45061,-148,187,-190,good,good,good
45077,291,-272,-318,good,good,good
45083,198,69,-39,good,good,good
45119,-96,-100,113,good,good,good
45121,-312,172,192,good,good,good
45127,-52,333,-32,good,good,good
45131,-87,-293,-324,good,good,good
45137,18,-122,109,good,good,good
45139,-284,80,276,good,good,good
45161,-210,-288,0,good,good,good
45179,70,-160,135,good,good,good
45181,86,357,-182,good,good,good
45191,-248,117,-383,good,good,good
45197,-330,-307,289,good,good,good
45233,96,59,20,good,good,good
45247,119,313,2,good,good,good
45259,358,0,-252,good,good,good
45263,-201,-371,-262,good,good,good
45281,255,-318,-217,good,good,good
45289,210,250,88,good,good,good
45293,36,104,-271,good,good,good
45307,-196,203,41,good,good,good
45317,32,-72,273,good,good,good
45319,144,-230,148,good,good,good
45329,-285,-85,-6,good,good,good
45337,-297,-382,-286,good,good,good
45341,-234,392,-84,good,good,good
45343,82,-56,-198,good,good,good
45361,6,62,-286,good,good,good
45377,140,198,-278,good,good,good
45389,299,-355,12,good,good,good
45403,-124,-236,66,good,good,good
45413,-164,-26,-9,good,good,good
45427,-13,-262,103,good,good,good
45433,173,29,-242,good,good,good
45439,319,275,-169,good,good,good
45481,296,282,-382,good,good,good
45491,-400,-358,-220,good,good,good
45497,6,198,-387,good,good,good
45503,251,334,306,good,good,good
45523,-240,59,-366,good,good,good
45533,-16,114,-302,good,good,good
45541,58,-83,34,good,good,good
45553,-186,344,150,good,good,good
45557,97,-62,114,good,good,good
45569,156,-10,78,good,good,good
45587,-213,148,195,good,good,good
45589,-244,130,-113,good,good,good
45599,206,45,-15,good,good,good
45613,-4,-156,74,good,good,good
45631,-345,-268,-120,good,good,good
45641,-16,392,270,good,good,good
45659,171,-155,-306,good,good,good
45667,137,-352,88,good,good,good
45673,120,-1,186,good,good,good
45677,156,-17,342,good,good,good
45691,-225,192,97,good,good,good
45697,384,-167,74,good,good,good
45707,219,178,28,good,good,good
45737,204,-112,168,good,good,good
45751,-250,402,178,good,good,good
45757,-182,268,-360,good,good,good
45763,-82,359,194,good,good,good
45767,296,108,114,good,good,good
45779,165,-90,358,good,good,good
45817,-1,-112,358,good,good,good
45821,-50,322,155,good,good,good
45823,72,44,416,good,good,good
45827,327,53,106,good,good,good
45833,-81,114,255,good,good,good
45841,-312,-58,-166,good,good,good
45853,-226,339,297,good,good,good
45863,-246,169,250,good,good,good
45869,-319,270,138,good,good,good
45887,-337,318,204,good,good,good
45893,122,69,321,good,good,good
45943,79,74,248,good,good,good
45949,178,-140,186,good,good,good
45953,-315,164,288,good,good,good
45959,-198,360,266,good,good,good
45971,-42,-128,-220,good,good,good
45979,-157,180,301,good,good,good
45989,406,325,-222,good,good,good
46021,-207,422,-170,good,good,good
46027,17,63,-308,good,good,good
46049,325,205,-68,good,good,good
46051,298,-373,46,good,good,good
46061,-50,-113,-15,good,good,good
46073,-56,134,-111,good,good,good
46091,257,67,-10,good,good,good
46093,306,-161,224,good,good,good
46099,159,185,-254,good,good,good
46103,152,-256,-336,good,good,good
46133,-414,-116,-306,good,good,good
46141,314,-308,-30,good,good,good
46147,-94,218,-216,good,good,good
46153,158,74,-136,good,good,good
46171,-240,-253,-245,good,good,good
46181,-368,-43,112,good,good,good
46183,-104,369,-266,good,good,good
46187,153,-167,-258,good,good,good
46199,-70,50,-300,good,good,good
46219,-40,0,-116,good,good,good
46229,-58,150,-362,good,good,good
46237,-14,-22,77,good,good,good
46261,339,-188,29,good,good,good
46271,288,272,-112,good,good,good
46273,-406,-246,324,good,good,good
46279,388,40,346,good,good,good
46301,-190,-48,144,good,good,good
46307,-178,-282,-71,good,good,good
46309,-176,-40,-340,good,good,good
46327,173,58,-183,good,good,good
46337,-282,-7,225,good,good,good
46349,363,-160,-367,good,good,good
46351,176,-298,130,good,good,good
46381,154,282,-184,good,good,good
46399,337,-75,36,good,good,good
46411,60,-138,-297,good,good,good
46439,32,120,-114,good,good,good
46441,208,-308,403,good,good,good
46447,157,103,268,good,good,good
46451,301,177,268,good,good,good
46457,-62,223,-59,good,good,good
46471,-327,272,125,good,good,good
46477,-160,-202,158,good,good,good
46489,-132,70,418,good,good,good
46499,224,-340,-4,good,good,good
46507,166,308,-121,good,good,good
46511,336,112,-392,good,good,good
46523,180,129,111,good,good,good
46549,-259,-320,74,good,good,good
46559,-378,-120,321,good,good,good
46567,-255,-292,280,good,good,good
46573,-305,274,58,good,good,good
46589,-156,135,-265,good,good,good
46591,-304,-58,-252,good,good,good
46601,-254,-373,249,good,good,good
46619,84,-180,-114,good,good,good
46633,16,289,-184,good,good,good
46639,28,290,-43,good,good,good
46643,-132,39,18,good,good,good
46649,48,310,-302,good,good,good
46663,116,-261,-19,good,good,good
46679,-66,-180,291,good,good,good
46681,208,-68,-427,good,good,good
46687,-128,-52,408,good,good,good
46691,100,-358,111,good,good,good
46703,276,-226,-332,good,good,good
46723,192,334,28,good,good,good
46727,112,78,-62,good,good,good
46747,-156,58,-127,good,good,good
46751,-12,-173,286,good,good,good
46757,-219,248,-287,good,good,good
46769,293,-150,326,good,good,good
46771,-83,22,241,good,good,good
46807,246,228,337,good,good,good
46811,-286,262,-294,good,good,good
46817,123,-182,381,good,good,good
46819,-88,25,-96,good,good,good
46829,-272,90,-20,good,good,good
46831,-123,407,-24,good,good,good
46853,-83,-291,-129,good,good,good
46861,182,37,118,good,good,good
46867,44,-292,373,good,good,good
46877,198,208,-342,good,good,good
46889,-9,-340,-129,good,good,good
46901,-366,2,-93,good,good,good
46919,75,315,64,good,good,good
46933,356,-286,140,good,good,good
46957,86,353,242,good,good,good
46993,91,-81,-379,good,good,good
46997,-278,253,-252,good,good,good
47017,-169,278,205,good,good,good
47041,184,17,281,good,good,good
47051,-156,-48,204,good,good,good
47057,123,-42,-348,good,good,good
47059,-124,-65,244,good,good,good
47087,-272,178,8,good,good,good
47093,-226,-166,-179,good,good,good
47111,-16,-363,-147,good,good,good
47119,370,360,-116,good,good,good
47123,-22,-26,333,good,good,good
47129,211,45,318,good,good,good
47137,-338,-342,238,good,good,good
47143,246,214,160,good,good,good
47147,297,-52,-292,good,good,good
47149,-199,-70,-35,good,good,good
47161,20,-363,210,good,good,good
47189,202,-360,279,good,good,good
47207,52,-12,178,good,good,good
47221,-266,97,18,good,good,good
47237,1,273,87,good,good,good
47251,110,52,-62,good,good,good
47269,-428,380,20,good,good,good
47279,-95,-120,-243,good,good,good
47287,-41,8,28,good,good,good
47293,369,-126,-8,good,good,good
47297,-395,358,174,good,good,good
47303,258,249,-26,good,good,good
47309,28,195,262,good,good,good
47317,-108,248,-22,good,good,good
47339,-299,180,-27,good,good,good
47351,-384,102,-90,good,good,good
47353,-39,-281,104,good,good,good
47363,227,-416,35,good,good,good
47381,81,182,-398,good,good,good
47387,24,-212,-114,good,good,good
47389,-232,65,353,good,good,good
47407,328,-332,326,good,good,good
47417,160,-142,-237,good,good,good
47419,-132,-20,-352,good,good,good
47431,-125,-118,220,good,good,good
47441,-150,67,-207,good,good,good
47459,-107,300,-103,good,good,good
47491,-10,-133,-148,good,good,good
47497,-117,-352,-178,good,good,good
47501,3,-123,260,good,good,good
47507,48,228,-87,good,good,good
47513,-62,169,-113,good,good,good
47521,-72,22,65,good,good,good
47527,-48,18,-177,good,good,good
47533,73,24,-242,good,good,good
47543,86,-131,-201,good,good,good
47563,36,364,-82,good,good,good
47569,-200,-15,14,good,good,good
47581,239,82,368,good,good,good
47591,268,-333,-135,good,good,good
47599,-254,210,355,good,good,good
47609,-81,135,-228,good,good,good
47623,-291,104,-44,good,good,good
47629,-239,-320,-409,good,good,good
47639,-48,-225,375,good,good,good
47653,-41,79,206,good,good,good
47657,-191,-162,234,good,good,good
47659,-1,-220,212,good,good,good
47681,409,-268,-23,good,good,good
47699,354,155,-314,good,good,good
47701,32,-98,-202,good,good,good
47711,190,287,168,good,good,good
47713,-186,-176,176,good,good,good
47717,-348,118,-48,good,good,good
47737,-278,-402,378,good,good,good
47741,-201,-333,-375,good,good,good
47743,-358,-161,26,good,good,good
47777,-117,-207,10,good,good,good
47779,147,-280,49,good,good,good
47791,248,392,-340,good,good,good
47797,-74,-382,130,good,good,good
47807,141,283,-202,good,good,good
47809,220,-210,-68,good,good,good
47819,-290,-220,-244,good,good,good
47837,226,-242,-28,good,good,good
47843,124,-101,177,good,good,good
47857,242,148,140,good,good,good
47869,-269,350,-426,good,good,good
47881,205,-118,-22,good,good,good
47903,136,-331,6,good,good,good
47911,320,-88,-239,good,good,good
47917,-214,118,-62,good,good,good
47933,-126,-206,-129,good,good,good
47939,-128,15,46,good,good,good
47947,66,93,-188,good,good,good
47951,-356,-98,368,good,good,good
47963,-129,159,-300,good,good,good
47969,238,-70,-311,good,good,good
47977,-302,-242,82,good,good,good
47981,-160,-18,96,good,good,good
48017,-317,338,-102,good,good,good
48023,-225,294,29,good,good,good
48029,30,210,-150,good,good,good
48049,120,-325,206,good,good,good
48073,-137,-31,370,good,good,good
48079,-160,-160,179,good,good,good
48091,-349,-58,180,good,good,good
48109,-37,150,197,good,good,good
48119,300,85,-113,good,good,good
48121,-43,272,-340,good,good,good
48131,-392,-18,-410,good,good,good
48157,-234,58,-89,good,good,good
48163,196,299,129,good,good,good
48179,362,330,276,good,good,good
48187,428,-322,153,good,good,good
48193,-154,-416,104,good,good,good
48197,274,-372,-266,good,good,good
48221,231,272,-372,good,good,good
48239,-27,-40,-312,good,good,good
48247,-253,-227,155,good,good,good
48259,313,320,-96,good,good,good
48271,-20,-328,3,good,good,good
48281,35,-18,-158,good,good,good
48299,418,135,39,good,good,good
48311,192,12,-108,good,good,good
48313,-31,-311,-58,good,good,good
48337,-332,-277,142,good,good,good
48341,-18,242,198,good,good,good
48353,-236,-276,321,good,good,good
48371,201,-103,-168,good,good,good
48383,54,19,-142,good,good,good
48397,202,408,250,good,good,good
48407,-160,198,240,good,good,good
48409,86,295,-325,good,good,good
48413,-330,-96,216,good,good,good
48437,-273,-122,-156,good,good,good
48449,225,15,187,good,good,good
48463,341,84,-234,good,good,good
48473,-105,-96,-132,good,good,good
48479,259,40,66,good,good,good
48481,-323,-418,27,good,good,good
48487,342,88,-422,good,good,good
48491,347,192,-190,good,good,good
48497,345,-307,-312,good,good,good
48523,-265,-186,179,good,good,good
48527,362,108,-2,good,good,good
48533,-102,-91,-360,good,good,good
48539,-148,-390,-100,good,good,good
48541,5,-158,-92,good,good,good
48563,-88,104,12,good,good,good
48571,-295,22,175,good,good,good
48589,-230,250,-99,good,good,good
48593,95,54,200,good,good,good
48611,-89,-88,-158,good,good,good
48619,317,220,235,good,good,good
48623,-422,-181,-240,good,good,good
48647,-282,-247,318,good,good,good
48649,390,-230,-166,good,good,good
48661,172,62,21,good,good,good
48673,-362,314,184,good,good,good
48677,-52,148,-1,good,good,good
48679,-316,-425,-377,good,good,good
48731,-370,207,-301,good,good,good
48733,-1,-71,-320,good,good,good
48751,202,352,20,good,good,good
48757,23,-262,-168,good,good,good
48761,-340,-13,66,good,good,good
48767,-264,408,169,good,good,good
48779,54,-80,-4,good,good,good
48781,-44,332,-138,good,good,good
48787,-31,108,138,good,good,good
48799,-71,255,-170,good,good,good
48809,-232,370,-390,good,good,good
48817,-376,-382,-412,good,good,good
48821,88,-303,375,good,good,good
48823,-34,-116,-16,good,good,good
48847,-83,-112,182,good,good,good
48857,-66,-312,357,good,good,good
48859,-176,-110,96,good,good,good
48869,-178,390,-400,good,good,good
48871,310,-203,203,good,good,good
48883,246,84,-178,good,good,good
48889,298,155,-237,good,good,good
48907,243,383,-226,good,good,good
48947,-276,-192,-135,good,good,good
48953,264,199,90,good,good,good
48973,-4,49,119,good,good,good
48989,231,230,322,good,good,good
48991,-23,242,-226,good,good,good
49003,230,-231,-207,good,good,good
49009,-7,-170,65,good,good,good
49019,112,225,-164,good,good,good
49031,-378,-168,-32,good,good,good
49033,316,-206,-89,good,good,good
49037,-118,-112,-406,good,good,good
49043,-234,-121,-54,good,good,good
49057,62,318,-306,good,good,good
49069,-326,305,118,good,good,good
49081,102,-68,367,good,good,good
49103,171,-346,-186,good,good,good
49109,57,150,6,good,good,good
49117,-314,238,106,good,good,good
49121,72,372,420,good,good,good
49123,-102,-356,106,good,good,good
49139,360,400,433,good,good,good
49157,34,153,318,good,good,good
49169,9,420,80,good,good,good
49171,70,-228,-235,good,good,good
49177,346,368,252,good,good,good
49193,24,-31,-251,good,good,good
49199,-151,-130,34,good,good,good
49201,50,227,-423,good,good,good
49207,123,273,-401,good,good,good
49211,-47,162,78,good,good,good
49223,-366,89,380,good,good,good
49253,-78,-336,239,good,good,good
49261,-74,-13,366,good,good,good
49277,-263,38,-234,good,good,good
49279,196,-170,-38,good,good,good
49297,-232,178,381,good,good,good
49307,-192,213,28,good,good,good
49331,267,-368,72,good,good,good
49333,214,-426,238,good,good,good
49339,-28,185,53,good,good,good
49363,290,-76,180,good,good,good
49367,417,318,65,good,good,good
49369,-346,370,-238,good,good,good
49391,-337,192,-330,good,good,good
49393,46,-61,36,good,good,good
49409,-180,-360,81,good,good,good
49411,113,12,-66,good,good,good
49417,50,173,352,good,good,good
49429,-233,-30,260,good,good,good
49433,151,-66,-99,good,good,good
49451,438,102,20,good,good,good
49459,-196,-35,-290,good,good,good
49463,18,-256,78,good,good,good
49477,-134,-22,-215,good,good,good
49481,333,-243,-327,good,good,good
49499,-295,150,-41,good,good,good
49523,-278,-376,-69,good,good,good
49529,-392,0,-304,good,good,good
49531,-444,307,262,good,good,good
49537,304,303,64,good,good,good
49547,-380,33,-399,good,good,good
49549,-336,165,26,good,good,good
49559,303,280,198,good,good,good
49597,66,218,-212,good,good,good
49603,-284,-241,74,good,good,good
49613,62,-341,-41,good,good,good
49627,-169,-242,308,good,good,good
49633,46,109,442,good,good,good
49639,-158,-40,-75,good,good,good
49663,-197,-96,127,good,good,good
49667,302,-212,216,good,good,good
49669,98,-185,58,good,good,good
49681,-177,57,-217,good,good,good
49697,36,148,-143,good,good,good
49711,-190,-188,-141,good,good,good
49727,-57,18,12,good,good,good
49739,163,-180,-28,good,good,good
49741,364,-108,-410,good,good,good
49747,230,353,-223,good,good,good
49757,292,73,293,good,good,good
49783,-206,154,-391,good,good,good
49787,192,263,136,good,good,good
49789,-184,-130,-206,good,good,good
49801,97,202,59,good,good,good
49807,200,8,-322,good,good,good
49811,-420,-163,316,good,good,good
49823,-216,-96,316,good,good,good
49831,62,-168,162,good,good,good
49843,164,-166,-254,good,good,good
49853,272,54,-264,good,good,good
49871,400,-28,-165,good,good,good
49877,-6,113,267,good,good,good
49891,50,-258,172,good,good,good
49919,-140,-80,-351,good,good,good
49921,-146,-53,-258,good,good,good
49927,294,148,-160,good,good,good
49937,-82,248,348,good,good,good
49939,212,-60,-208,good,good,good
49943,13,-336,178,good,good,good
49957,-19,-262,98,good,good,good
49991,-81,-58,278,good,good,good
49993,40,134,286,good,good,good
49999,84,20,386,good,good,good
50021,-83,-53,414,good,good,good
50023,184,-116,-322,good,good,good
50033,222,69,-166,good,good,good
50047,380,8,-72,good,good,good
50051,75,177,60,good,good,good
50053,-346,199,220,good,good,good
50069,126,-300,-303,good,good,good
50077,182,133,228,good,good,good
50087,-79,-197,136,good,good,good
50093,-220,-6,-22,good,good,good
50101,-355,202,-214,good,good,good
50111,170,312,-300,good,good,good
50119,-347,-25,-216,good,good,good
50123,-156,-46,324,good,good,good
50129,-312,-160,-34,good,good,good
50131,441,107,-88,good,good,good
50147,20,-232,90,good,good,good
50153,-188,-191,138,good,good,good
50159,280,110,82,good,good,good
50177,158,208,11,good,good,good
50207,-302,293,48,good,good,good
50221,110,-28,-202,good,good,good
50227,-346,-397,265,good,good,good
50231,-364,257,198,good,good,good
50261,-92,-138,-259,good,good,good
50263,342,19,-206,good,good,good
50273,-145,-231,246,good,good,good
50287,113,-332,-104,good,good,good
50291,-220,342,138,good,good,good
50311,0,-438,-174,good,good,good
50321,-346,-78,426,good,good,good
50329,-346,125,-100,good,good,good
50333,-78,-396,-134,good,good,good
50341,33,67,226,good,good,good
50359,-354,185,179,good,good,good
50363,122,399,180,good,good,good
50377,-64,-212,182,good,good,good
50383,-335,4,-47,good,good,good
50387,-111,-72,337,good,good,good
50411,284,137,-164,good,good,good
50417,-6,-217,-53,good,good,good
50423,-104,-426,118,good,good,good
50441,282,-58,33,good,good,good
50459,-297,-180,44,good,good,good
50461,-335,-113,-70,good,good,good
50497,-112,-62,-62,good,good,good
50503,376,-6,68,good,good,good
50513,212,-411,264,good,good,good
50527,-208,243,-6,good,good,good
50539,-319,305,344,good,good,good
50543,35,84,-306,good,good,good
50549,9,45,90,good,good,good
50551,-440,152,152,good,good,good
50581,146,307,275,good,good,good
50587,224,208,37,good,good,good
50591,-117,42,-88,good,good,good
50593,-26,399,-336,good,good,good
50599,-232,-200,-230,good,good,good
50627,388,108,36,good,good,good
50647,-160,-92,89,good,good,good
50651,-242,152,143,good,good,good
50671,90,-203,-100,good,good,good
50683,221,194,-180,good,good,good
50707,350,68,148,good,good,good
50723,355,264,441,good,good,good
50741,12,-258,-261,good,good,good
50753,-86,204,41,good,good,good
50767,-355,38,102,good,good,good
50773,267,-406,296,good,good,good
50777,26,-422,-170,good,good,good
50789,-175,-100,-162,good,good,good
50821,8,47,444,good,good,good
50833,-30,74,-344,good,good,good
50839,-431,-380,-217,good,good,good
50849,-125,-380,-410,good,good,good
50857,138,-102,-270,good,good,good
50867,-78,-172,-48,good,good,good
50873,-46,314,45,good,good,good
50891,-175,392,-264,good,good,good
50893,-50,-226,415,good,good,good
50909,-151,-190,162,good,good,good
50923,-409,179,-71,good,good,good
50929,-266,230,-401,good,good,good
50951,20,-48,58,good,good,good
50957,-366,113,342,good,good,good
50969,-240,-90,6,good,good,good
50971,-62,272,-140,good,good,good
50989,-202,-215,341,good,good,good
50993,-126,-36,-6,good,good,good
51001,102,27,-21,good,good,good
51031,34,332,-374,good,good,good
51043,-68,189,372,good,good,good
51047,132,388,432,good,good,good
51059,396,-60,159,good,good,good
51061,159,262,-13,good,good,good
51071,-329,347,387,good,good,good
51109,54,290,209,good,good,good
51131,-137,-43,-160,good,good,good
51133,-121,-431,-60,good,good,good
51137,383,158,-193,good,good,good
51151,-122,-123,136,good,good,good
51157,238,-302,-382,good,good,good
51169,86,0,-61,good,good,good
51193,330,344,234,good,good,good
51197,-187,-67,-290,good,good,good
51199,-421,115,-262,good,good,good
51203,120,69,-228,good,good,good
51217,35,393,-102,good,good,good
51229,43,40,-157,good,good,good
51239,366,-185,-164,good,good,good
51241,294,117,76,good,good,good
51257,-155,168,-154,good,good,good
51263,210,-141,51,good,good,good
51283,-428,284,-84,good,good,good
51287,58,368,54,good,good,good
51307,116,-207,-367,good,good,good
51329,-75,210,-115,good,good,good
51341,-132,-33,-22,good,good,good
51343,286,-146,-260,good,good,good
51347,-92,-52,363,good,good,good
51349,370,325,-302,good,good,good
51361,194,12,-199,good,good,good
51383,87,-326,155,good,good,good
51407,-316,-177,15,good,good,good
51413,194,-286,-117,good,good,good
51419,345,-15,402,good,good,good
51421,-227,-178,138,good,good,good
51427,132,-52,43,good,good,good
51431,-155,82,298,good,good,good
51437,289,213,-192,good,good,good
51439,177,95,113,good,good,good
51449,-100,60,46,good,good,good
51461,72,37,-227,good,good,good
51473,86,354,201,good,good,good
51479,-299,-120,284,good,good,good
51481,-182,-218,-107,good,good,good
51487,88,-422,230,good,good,good
51503,149,129,54,good,good,good
51511,-209,-13,-156,good,good,good
51517,-278,283,247,good,good,good
51521,-366,-428,-370,good,good,good
51539,-58,-365,-64,good,good,good
51551,407,-273,-336,good,good,good
51563,-48,-126,246,good,good,good
51577,-71,-27,190,good,good,good
51581,-279,-318,372,good,good,good
51593,-84,114,-333,good,good,good
51599,-27,-265,192,good,good,good
51607,164,-312,128,good,good,good
51613,142,339,-150,good,good,good
51631,-240,332,72,good,good,good
51637,394,-302,9,good,good,good
51647,104,-232,-138,good,good,good
51659,-219,-260,-23,good,good,good
51673,413,334,13,good,good,good
51679,-25,255,264,good,good,good
51683,66,244,-73,good,good,good
51691,-200,-8,-120,good,good,good
51713,24,154,-27,good,good,good
51719,315,-150,-90,good,good,good
51721,-350,-28,-322,good,good,good
51749,-170,265,-120,good,good,good
51767,117,293,-183,good,good,good
51769,318,425,-320,good,good,good
51787,-86,-62,-20,good,good,good
51797,138,-107,-282,good,good,good
51803,67,9,-213,good,good,good
51817,-278,8,22,good,good,good
51827,-356,358,-168,good,good,good
51829,4,160,250,good,good,good
51839,-24,110,-272,good,good,good
51853,25,304,282,good,good,good
51859,-310,-300,141,good,good,good
51869,378,-235,-344,good,good,good
51871,-5,-78,-50,good,good,good
51893,-76,-196,-58,good,good,good
51899,-193,-75,-438,good,good,good
51907,-224,53,10,good,good,good
51913,204,-206,397,good,good,good
51929,76,15,-212,good,good,good
51941,-333,242,-92,good,good,good
51949,118,-230,126,good,good,good
51971,54,-378,214,good,good,good
51973,50,-161,395,good,good,good
51977,-18,48,18,good,good,good
51991,102,-33,-50,good,good,good
52009,246,35,145,good,good,good
52021,250,-128,140,good,good,good
52027,-114,-412,71,good,good,good
52051,-76,2,344,good,good,good
52057,-328,13,62,good,good,good
52067,-12,333,7,good,good,good
52069,-237,260,154,good,good,good
52081,-260,-118,-161,good,good,good
52103,127,384,-360,good,good,good
52121,-131,-153,349,good,good,good
52127,-218,123,253,good,good,good
52147,-290,-212,-170,good,good,good
52153,262,244,124,good,good,good
52163,309,-61,12,good,good,good
52177,307,-107,-112,good,good,good
52181,22,282,138,good,good,good
52183,-256,184,56,good,good,good
52189,204,-295,289,good,good,good
52201,330,-148,-358,good,good,good
52223,120,184,145,good,good,good
52237,-295,133,11,good,good,good
52249,-4,-300,128,good,good,good
52253,-282,-101,55,good,good,good
52259,-274,-180,-93,good,good,good
52267,262,-352,-319,good,good,good
52289,290,30,50,good,good,good
52291,225,-8,-36,good,good,good
52301,-14,352,-30,good,good,good
52313,86,184,407,good,good,good
52321,181,-3,-214,good,good,good
52361,22,-138,36,good,good,good
52363,42,-341,220,good,good,good
52369,136,-270,174,good,good,good
52379,-204,210,216,good,good,good
52387,340,-332,-300,good,good,good
52391,189,-233,94,good,good,good
52433,146,-186,180,good,good,good
52453,402,-261,-301,good,good,good
52457,-57,353,-433,good,good,good
52489,374,70,74,good,good,good
52501,274,-173,398,good,good,good
52511,-204,12,-432,good,good,good
52517,420,278,90,good,good,good
52529,-270,75,204,good,good,good
52541,-129,-233,42,good,good,good
52543,35,74,-216,good,good,good
52553,56,114,-6,good,good,good
52561,-14,162,-405,good,good,good
52567,312,288,320,good,good,good
52571,32,122,-72,good,good,good
52579,186,-120,27,good,good,good
52583,124,379,-31,good,good,good
52609,-110,-220,121,good,good,good
52627,-382,-112,84,good,good,good
52631,-92,-118,-240,good,good,good
52639,-136,60,40,good,good,good
52667,380,-282,-144,good,good,good
52673,-50,-241,-96,good,good,good
52691,-144,192,157,good,good,good
52697,333,288,136,good,good,good
52709,-342,-160,270,good,good,good
52711,42,-288,40,good,good,good
52721,-367,-278,81,good,good,good
52727,-78,-357,48,good,good,good
52733,206,184,-198,good,good,good
52747,368,68,-397,good,good,good
52757,348,433,70,good,good,good
52769,414,180,278,good,good,good
52783,379,44,360,good,good,good
52807,-92,-52,-408,good,good,good
52813,314,-296,-74,good,good,good
52817,-190,148,-226,good,good,good
52837,265,278,-13,good,good,good
52859,-390,255,-269,good,good,good
52861,401,62,-356,good,good,good
52879,-124,90,40,good,good,good
52883,-120,44,-294,good,good,good
52889,-90,-310,12,good,good,good
52901,385,252,-44,good,good,good
52903,151,-241,-371,good,good,good
52919,279,-245,-378,good,good,good
52937,-385,-207,406,good,good,good
52951,413,102,68,good,good,good
52957,-34,-182,242,good,good,good
52963,-177,204,-233,good,good,good
52967,-202,188,-27,good,good,good
52973,202,94,-335,good,good,good
52981,142,307,123,good,good,good
52999,-184,0,139,good,good,good
53003,-346,-61,119,good,good,good
53017,187,328,57,good,good,good
53047,293,228,311,good,good,good
53051,-132,-323,-164,good,good,good
53069,-133,-265,-220,good,good,good
53077,-328,-352,158,good,good,good
53087,322,88,199,good,good,good
53089,160,145,428,good,good,good
53093,186,-26,278,good,good,good
53101,344,2,16,good,good,good
53113,-92,-426,-137,good,good,good
53117,-304,38,423,good,good,good
53129,73,-220,105,good,good,good
53147,298,178,-240,good,good,good
53149,76,130,-445,good,good,good
53161,-190,-313,314,good,good,good
53171,-274,222,-388,good,good,good
53173,-333,124,-298,good,good,good
53189,-104,-315,-248,good,good,good
53197,-142,223,-142,good,good,good
53201,38,77,342,good,good,good
53231,15,-368,-219,good,good,good
53233,-301,-186,304,good,good,good
53239,-72,290,-113,good,good,good
53267,176,-127,356,good,good,good
53269,269,290,-385,good,good,good
53279,213,270,126,good,good,good
53281,-249,-118,400,good,good,good
53299,68,-5,135,good,good,good
53309,196,90,319,good,good,good
53323,-130,-166,173,good,good,good
53327,-128,-222,-124,good,good,good
53353,209,-251,436,good,good,good
53359,-44,-55,424,good,good,good
53377,248,233,-6,good,good,good
53381,22,407,432,good,good,good
53401,85,152,68,good,good,good
53407,-232,-322,37,good,good,good
53411,234,362,-138,good,good,good
53419,196,275,-122,good,good,good
53437,-269,138,137,good,good,good
53441,362,-258,-158,good,good,good
53453,-43,9,-94,good,good,good
53479,22,-240,412,good,good,good
53503,-179,454,136,good,good,good
53507,18,-357,-305,good,good,good
53527,257,-172,202,good,good,good
53549,283,-375,89,good,good,good
53551,339,-248,382,good,good,good
53569,115,-330,-397,good,good,good
53591,348,-308,-261,good,good,good
53593,-238,219,-50,good,good,good
53597,173,3,-183,good,good,good
53609,-298,150,-327,good,good,good
53611,116,312,226,good,good,good
53617,347,-247,-238,good,good,good
53623,193,-11,209,good,good,good
53629,235,150,190,good,good,good
53633,0,-146,-81,good,good,good
53639,209,295,-336,good,good,good
53653,-119,-336,-246,good,good,good
53657,-122,-192,-117,good,good,good
53681,54,57,-74,good,good,good
53693,-160,-216,-41,good,good,good
53699,177,-70,441,good,good,good
53717,273,383,-219,good,good,good
53719,-12,-190,62,good,good,good
53731,-421,432,-113,good,good,good
53759,198,-330,21,good,good,good
53773,187,209,111,good,good,good
53777,186,-277,294,good,good,good
53783,112,339,398,good,good,good
53791,-77,192,10,good,good,good
53813,-270,-111,-270,good,good,good
53819,-196,40,-100,good,good,good
53831,-40,132,-222,good,good,good
53849,260,245,-84,good,good,good
53857,-148,158,262,good,good,good
53861,57,-213,274,good,good,good
53881,-290,307,310,good,good,good
53887,332,-217,-12,good,good,good
53891,-144,42,123,good,good,good
53897,-143,8,-142,good,good,good
53899,313,-300,290,good,good,good
53917,10,298,362,good,good,good
53923,114,-76,306,good,good,good
53927,138,8,-253,good,good,good
53939,225,-370,-440,good,good,good
53951,-240,-348,-264,good,good,good
53959,224,-120,11,good,good,good
53987,-165,-312,-62,good,good,good
53993,-353,-146,-186,good,good,good
54001,-104,-98,110,good,good,good
54011,55,12,278,good,good,good
54013,-58,-91,-181,good,good,good
54037,-118,-307,-204,good,good,good
54049,-176,-160,78,good,good,good
54059,286,275,230,good,good,good
54083,27,-186,6,good,good,good
54091,251,417,-379,good,good,good
54101,173,-323,121,good,good,good
54121,271,-203,194,good,good,good
54133,6,-126,-139,good,good,good
54139,14,220,-247,good,good,good
54151,278,-373,-65,good,good,good
54163,-230,214,84,good,good,good
54167,-32,128,-376,good,good,good
54181,-16,-318,-180,good,good,good
54193,161,274,-271,good,good,good
54217,-39,113,-212,good,good,good
54251,-141,-298,-76,good,good,good
54269,149,210,24,good,good,good
54277,422,138,-54,good,good,good
54287,8,8,20,good,good,good
54293,-322,264,-206,good,good,good
54311,156,387,-42,good,good,good
54319,-149,95,104,good,good,good
54323,396,-241,351,good,good,good
54331,168,-218,232,good,good,good
54347,58,388,-163,good,good,good
54361,388,362,149,good,good,good
54367,-68,48,152,good,good,good
54371,164,397,-98,good,good,good
54377,-150,218,-398,good,good,good
54401,90,352,126,good,good,good
54403,316,74,-288,good,good,good
54409,-412,15,-118,good,good,good
54413,244,-6,-160,good,good,good
54419,36,280,431,good,good,good
54421,-118,422,-318,good,good,good
54437,390,183,-86,good,good,good
54443,-276,-351,177,good,good,good
54449,312,-350,-113,good,good,good
54469,-96,-200,137,good,good,good
54493,0,-156,184,good,good,good
54497,157,33,-42,good,good,good
54499,140,65,242,good,good,good
54503,-328,419,-330,good,good,good
54517,250,-107,-16,good,good,good
54521,-292,47,-412,good,good,good
54539,-300,165,-185,good,good,good
54541,215,-33,-317,good,good,good
54547,-227,-407,-292,good,good,good
54559,-95,210,149,good,good,good
54563,-23,-116,204,good,good,good
54577,-408,358,158,good,good,good
54581,-18,-418,-375,good,good,good
54583,284,59,228,good,good,good
54601,-363,-48,-47,good,good,good
54617,208,38,-255,good,good,good
54623,0,44,370,good,good,good
54629,-206,10,-306,good,good,good
54631,-126,-143,-248,good,good,good
54647,-332,298,244,good,good,good
54667,70,-22,-390,good,good,good
54673,-306,-81,217,good,good,good
54679,-140,115,156,good,good,good
54709,300,350,10,good,good,good
54713,51,-436,-408,good,good,good
54721,-78,-128,-8,good,good,good
54727,-409,-302,249,good,good,good
54751,127,-23,202,good,good,good
54767,-64,-112,-130,good,good,good
54773,152,179,346,good,good,good
54779,-168,180,130,good,good,good
54787,-155,178,-297,good,good,good
54799,32,-370,-108,good,good,good
54829,28,-105,-47,good,good,good
54833,-186,374,106,good,good,good
54851,284,327,210,good,good,good
54869,-304,195,-177,good,good,good
54877,-422,198,-211,good,good,good
54881,-225,132,-6,good,good,good
54907,-145,-62,-61,good,good,good
54917,-363,-27,270,good,good,good
54919,-183,40,104,good,good,good
54941,-241,-108,-132,good,good,good
54949,113,-105,341,good,good,good
54959,202,15,306,good,good,good
54973,-145,-16,-110,good,good,good
54979,459,55,-22,good,good,good
54983,-77,-181,12,good,good,good
55001,270,127,148,good,good,good
55009,151,-155,-360,good,good,good
55021,-96,-28,-288,good,good,good
55049,249,315,144,good,good,good
55051,104,52,52,good,good,good
55057,175,378,17,good,good,good
55061,58,-88,86,good,good,good
55073,22,-46,140,good,good,good
55079,-330,-360,-127,good,good,good
55103,-167,-216,-296,good,good,good
55109,27,210,225,good,good,good
55117,-404,-92,199,good,good,good
55127,-123,-92,-19,good,good,good
55147,-228,-212,-429,good,good,good
55163,-303,-396,-430,good,good,good
55171,205,-278,13,good,good,good
55201,-314,327,-94,good,good,good
55207,53,153,-122,good,good,good
55213,-137,-131,-15,good,good,good
55217,-240,328,234,good,good,good
55219,-154,-280,84,good,good,good
55229,65,190,-153,good,good,good
55243,78,144,32,good,good,good
55249,190,70,-163,good,good,good
55259,292,0,-94,good,good,good
55291,-20,-83,-402,good,good,good
55313,-348,99,308,good,good,good
55331,-441,-168,-4,good,good,good
55333,-264,-121,-403,good,good,good
55337,92,-172,-102,good,good,good
55339,-84,300,164,good,good,good
55343,211,-316,-44,good,good,good
55351,-217,102,188,good,good,good
55373,-371,-176,-26,good,good,good
55381,120,-268,59,good,good,good
55399,-185,-320,-138,good,good,good
55411,146,37,-307,good,good,good
55439,274,390,10,good,good,good
55441,170,367,-262,good,good,good
55457,144,-112,56,good,good,good
55469,118,40,-414,good,good,good
55487,48,48,-316,good,good,good
55501,-353,-298,82,good,good,good
55511,105,387,122,good,good,good
55529,-150,-195,138,good,good,good
55541,413,-108,418,good,good,good
55547,-68,-92,-431,good,good,good
55579,-362,250,418,good,good,good
55589,144,330,44,good,good,good
55603,320,-131,417,good,good,good
55609,-370,-95,250,good,good,good
55619,-326,75,-120,good,good,good
55621,115,422,121,good,good,good
55631,302,-193,315,good,good,good
55633,76,-256,-285,good,good,good
55639,287,265,36,good,good,good
55661,-156,187,250,good,good,good
55663,328,-191,-328,good,good,good
55667,-378,-42,38,good,good,good
55673,78,164,-173,good,good,good
55681,-206,232,-1,good,good,good
55691,120,-408,309,good,good,good
55697,-330,-237,134,good,good,good
55711,287,-288,-154,good,good,good
55717,-376,-212,212,good,good,good
55721,-330,222,303,good,good,good
55733,299,-286,318,good,good,good
55763,379,-131,-178,good,good,good
55787,176,-282,264,good,good,good
55793,206,169,359,good,good,good
55799,312,20,-310,good,good,good
55807,360,-177,-163,good,good,good
55813,-254,-86,-96,good,good,good
55817,162,-147,-208,good,good,good
55819,-352,-265,202,good,good,good
55823,329,189,-129,good,good,good
55829,411,125,250,good,good,good
55837,-349,-62,42,good,good,good
55843,-41,-226,-299,good,good,good
55849,-275,-90,-64,good,good,good
55871,-60,-28,88,good,good,good
55889,268,-275,-235,good,good,good
55897,-182,78,-233,good,good,good
55901,56,252,-320,good,good,good
55903,-387,304,-212,good,good,good
55921,454,222,-399,good,good,good
55927,220,88,-158,good,good,good
55931,152,-168,-295,good,good,good
55933,-97,-251,96,good,good,good
55949,82,30,58,good,good,good
55967,-88,118,192,good,good,good
55987,420,398,-466,good,good,good
55997,135,-12,-171,good,good,good
56003,204,94,120,good,good,good
56009,405,440,426,good,good,good
56039,280,-45,-74,good,good,good
56041,68,-8,127,good,good,good
56053,306,224,110,good,good,good
56081,-70,82,153,good,good,good
56087,-218,208,-124,good,good,good
56093,391,-351,-171,good,good,good
56099,-15,-50,-234,good,good,good
56101,186,-198,357,good,good,good
56113,162,154,-403,good,good,good
56123,304,249,-48,good,good,good
56131,-388,-68,-24,good,good,good
56149,-242,-385,150,good,good,good
56167,4,368,-338,good,good,good
56171,-234,-3,-42,good,good,good
56179,352,340,220,good,good,good
56197,-80,-382,-177,good,good,good
56207,187,-382,-162,good,good,good
56209,280,60,-86,good,good,good
56237,-54,93,-267,good,good,good
56239,-27,-440,343,good,good,good
56249,389,-310,-132,good,good,good
56263,170,-21,379,good,good,good
56267,-215,138,-216,good,good,good
56269,360,65,-298,good,good,good
56299,-188,-300,84,good,good,good
56311,-280,412,-107,good,good,good
56333,-318,324,-198,good,good,good
56359,190,150,119,good,good,good
56369,-66,-465,-83,good,good,good
56377,322,-2,150,good,good,good
56383,234,154,234,good,good,good
56393,-390,174,284,good,good,good
56401,-370,377,289,good,good,good
56417,360,-387,-96,good,good,good
56431,-292,407,-44,good,good,good
56437,446,-472,-8,good,good,good
56443,328,134,42,good,good,good
56453,-6,-271,-300,good,good,good
56467,28,308,-173,good,good,good
56473,-69,-176,359,good,good,good
56477,-372,263,72,good,good,good
56479,-100,445,43,good,good,good
56489,222,-90,6,good,good,good
56501,-334,-98,-10,good,good,good
56503,-8,184,52,good,good,good
56509,107,-80,252,good,good,good
56519,-366,195,96,good,good,good
56527,-251,-127,-447,good,good,good
56531,172,132,222,good,good,good
56533,-118,139,62,good,good,good
56543,-251,239,-114,good,good,good
56569,101,-110,-39,good,good,good
56591,446,192,56,good,good,good
56597,88,-282,-28,good,good,good
56599,4,145,-100,good,good,good
56611,-181,-213,375,good,good,good
56629,-224,55,12,good,good,good
56633,124,294,144,good,good,good
56659,-395,-205,170,good,good,good
56663,-361,-396,88,good,good,good
56671,34,-28,-28,good,good,good
56681,-70,107,-255,good,good,good
56687,-180,228,-2,good,good,good
56701,48,-98,-178,good,good,good
56711,95,312,-132,good,good,good
56713,-350,184,79,good,good,good
56731,-97,332,-33,good,good,good
56737,-263,-212,-468,good,good,good
56747,-9,-332,-120,good,good,good
56767,-53,-92,-178,good,good,good
56773,-196,214,358,good,good,good
56779,-100,110,38,good,good,good
56783,-231,9,-156,good,good,good
56807,-225,168,-311,good,good,good
56809,-146,50,-286,good,good,good
56813,-276,-171,-355,good,good,good
56821,-311,322,66,good,good,good
56827,-98,53,334,good,good,good
56843,344,4,39,good,good,good
56857,-315,153,-166,good,good,good
56873,-377,-106,-189,good,good,good
56891,-30,92,52,good,good,good
56893,-194,-181,-269,good,good,good
56897,-71,-297,-100,good,good,good
56909,5,-100,-404,good,good,good
56911,28,-338,77,good,good,good
56921,216,-178,66,good,good,good
56923,-130,-36,60,good,good,good
56929,20,-125,-120,good,good,good
56941,-210,-158,424,good,good,good
56951,-54,127,-115,good,good,good
56957,174,-92,144,good,good,good
56963,-198,-51,-63,good,good,good
56983,-24,29,338,good,good,good
56989,101,-50,-374,good,good,good
56993,114,234,186,good,good,good
56999,408,430,-111,good,good,good
57037,-408,-242,372,good,good,good
57041,-318,242,335,good,good,good
57047,235,173,220,good,good,good
57059,-144,70,-60,good,good,good
57073,-282,-366,-266,good,good,good
57077,-90,-227,285,good,good,good
57089,118,390,-133,good,good,good
57097,-222,-62,-295,good,good,good
57107,89,138,-240,good,good,good
57119,360,-360,-264,good,good,good
57131,75,-118,-145,good,good,good
57139,127,-95,-215,good,good,good
57143,-66,-216,288,good,good,good
57149,69,-30,-112,good,good,good
57163,-316,344,240,good,good,good
57173,434,284,234,good,good,good
57179,234,305,-108,good,good,good
57191,67,92,120,good,good,good
57193,254,74,-72,good,good,good
57203,299,24,-164,good,good,good
57221,388,22,34,good,good,good
57223,-281,-51,-386,good,good,good
57241,380,292,-205,good,good,good
57251,-372,202,-132,good,good,good
57259,-88,355,-313,good,good,good
57269,-130,150,27,good,good,good
57271,76,172,466,good,good,good
57283,-291,-106,368,good,good,good
57287,-213,338,-98,good,good,good
57301,298,-98,-40,good,good,good
57329,-151,-390,90,good,good,good
57331,-404,-18,100,good,good,good
57347,148,363,212,good,good,good
57349,7,-210,323,good,good,good
57367,142,-62,68,good,good,good
57373,2,244,176,good,good,good
57383,335,14,-306,good,good,good
57389,96,-150,-141,good,good,good
57397,166,298,387,good,good,good
57413,-309,-306,130,good,good,good
57427,308,218,394,good,good,good
57457,57,373,-358,good,good,good
57467,-368,-347,286,good,good,good
57487,-81,113,157,good,good,good
57493,-250,174,74,good,good,good
57503,32,114,-259,good,good,good
57527,-118,138,-309,good,good,good
57529,-108,-320,-226,good,good,good
57557,-280,113,262,good,good,good
57559,16,-70,-112,good,good,good
57571,-4,-78,283,good,good,good
57587,-450,-92,406,good,good,good
57593,114,114,-382,good,good,good
57601,-178,-423,-458,good,good,good
57637,423,-102,-331,good,good,good
57641,150,317,-410,good,good,good
57649,170,310,289,good,good,good
57653,-445,-156,-330,good,good,good
57667,-212,123,-61,good,good,good
57679,116,-430,386,good,good,good
57689,310,-195,-65,good,good,good
57697,38,318,22,good,good,good
57709,5,365,365,good,good,good
57713,-82,294,-189,good,good,good
57719,-139,80,58,good,good,good
57727,-143,428,68,good,good,good
57731,-123,157,333,good,good,good
57737,-52,283,-322,good,good,good
57751,288,152,83,good,good,good
57773,338,-351,-6,good,good,good
57781,62,257,-177,good,good,good
57787,95,103,236,good,good,good
57791,-301,-208,-138,good,good,good
57793,69,-356,-15,good,good,good
57803,-159,-156,192,good,good,good
57809,-14,-45,-116,good,good,good
57829,94,40,-332,good,good,good
57839,-194,15,-67,good,good,good
57847,-441,-32,292,good,good,good
57853,210,34,134,good,good,good
57859,75,-190,-23,good,good,good
57881,240,-18,-58,good,good,good
57899,-202,-360,-339,good,good,good
57901,-437,-248,-380,good,good,good
57917,-221,238,303,good,good,good
57923,-306,-6,-282,good,good,good
57943,-244,354,-92,good,good,good
57947,102,-152,-18,good,good,good
57973,-76,-181,168,good,good,good
57977,436,318,159,good,good,good
57991,157,-158,-165,good,good,good
58013,309,14,379,good,good,good
58027,223,-302,-172,good,good,good
58031,164,332,12,good,good,good
58043,-196,324,-442,good,good,good
58049,426,-390,-218,good,good,good
58057,159,58,11,good,good,good
58061,-266,-138,-135,good,good,good
58067,234,63,-363,good,good,good
58073,330,29,-111,good,good,good
58099,-356,180,86,good,good,good
58109,-360,-320,-192,good,good,good
58111,64,-163,-95,good,good,good
58129,76,45,281,good,good,good
58147,212,48,262,good,good,good
58151,-358,-173,-394,good,good,good
58153,-74,134,-70,good,good,good
58169,-60,-405,-38,good,good,good
58171,27,-328,215,good,good,good
58189,453,40,46,good,good,good
58193,-56,-261,-241,good,good,good
58199,138,-165,358,good,good,good
58207,-32,238,176,good,good,good
58211,177,-38,210,good,good,good
58217,53,223,285,good,good,good
58229,129,470,271,good,good,good
58231,344,-168,-155,good,good,good
58237,-222,73,35,good,good,good
58243,86,-341,-168,good,good,good
58271,237,-353,-331,good,good,good
58309,-225,395,-469,good,good,good
58313,87,-446,336,good,good,good
58321,-303,172,-16,good,good,good
58337,-159,303,-5,good,good,good
58363,-28,-166,-131,good,good,good
58367,-174,-132,-221,good,good,good
58369,70,150,71,good,good,good
58379,-92,240,-286,good,good,good
58391,-350,267,387,good,good,good
58393,-46,154,-108,good,good,good
58403,-76,209,426,good,good,good
58411,20,87,380,good,good,good
58417,328,158,-253,good,good,good
58427,117,-442,260,good,good,good
58439,397,10,156,good,good,good
58441,368,167,109,good,good,good
58451,301,-198,132,good,good,good
58453,1,104,-210,good,good,good
58477,350,-422,-14,good,good,good
58481,337,-343,118,good,good,good
58511,-36,-238,348,good,good,good
58537,-55,-82,373,good,good,good
58543,-21,-256,153,good,good,good
58549,22,-280,238,good,good,good
58567,37,-247,62,good,good,good
58573,-322,-61,110,good,good,good
58579,-162,-325,-174,good,good,good
58601,414,-173,-210,good,good,good
58603,-154,64,144,good,good,good
58613,8,274,160,good,good,good
58631,168,357,0,good,good,good
58657,-283,213,280,good,good,good
58661,-239,262,219,good,good,good
58679,-240,-405,36,good,good,good
58687,-92,-192,-193,good,good,good
58693,-214,14,-3,good,good,good
58699,-26,5,70,good,good,good
58711,172,37,-245,good,good,good
58727,-180,-252,-274,good,good,good
58733,-134,114,-390,good,good,good
58741,-10,142,236,good,good,good
58757,103,-462,110,good,good,good
58763,95,-236,-341,good,good,good
58771,-120,-28,452,good,good,good
58787,92,223,48,good,good,good
58789,94,230,156,good,good,good
58831,29,307,126,good,good,good
58889,64,-220,-165,good,good,good
58897,147,-317,-88,good,good,good
58901,-138,2,-190,good,good,good
58907,-336,228,-261,good,good,good
58909,-26,405,-474,good,good,good
58913,143,84,-204,good,good,good
58921,10,122,-212,good,good,good
58937,-5,-412,-68,good,good,good
58943,404,-96,-252,good,good,good
58963,-84,-141,86,good,good,good
58967,-85,8,264,good,good,good
58979,-215,-40,150,good,good,good
58991,102,417,221,good,good,good
58997,-240,438,-6,good,good,good
59009,-284,-225,343,good,good,good
59011,412,112,477,good,good,good
59021,-70,172,18,good,good,good
59023,-376,-306,-136,good,good,good
59029,98,-265,-357,good,good,good
59051,-28,-248,437,good,good,good
59053,-57,-311,72,good,good,good
59063,161,-231,-232,good,good,good
59069,-312,20,78,good,good,good
59077,233,268,-142,good,good,good
59083,80,174,-252,good,good,good
59093,211,-106,427,good,good,good
59107,102,-327,154,good,good,good
59113,284,414,-446,good,good,good
59119,124,360,-216,good,good,good
59123,119,164,-105,good,good,good
59141,-418,-33,-293,good,good,good
59149,-168,-340,-92,good,good,good
59159,315,360,48,good,good,good
59167,-133,88,-384,good,good,good
59183,-196,179,-236,good,good,good
59197,202,-372,342,good,good,good
59207,207,-137,-376,good,good,good
59209,311,-220,-330,good,good,good
59219,370,-340,20,good,good,good
59221,-391,272,-393,good,good,good
59233,-166,-126,-112,good,good,good
59239,374,-315,-175,good,good,good
59243,-318,-36,-278,good,good,good
59263,-164,-26,346,good,good,good
59273,-89,159,-120,good,good,good
59281,94,232,-265,good,good,good
59333,96,-66,-261,good,good,good
59341,-30,192,10,good,good,good
59351,415,202,181,good,good,good
59357,-345,-67,152,good,good,good
59359,265,-235,2,good,good,good
59369,-87,-220,-56,good,good,good
59377,44,-172,-373,good,good,good
59387,-456,-167,-68,good,good,good
59393,14,-351,-206,good,good,good
59399,-186,-250,-112,good,good,good
59407,252,-102,220,good,good,good
59417,-372,-352,225,good,good,good
59419,449,250,326,good,good,good
59441,72,-58,303,good,good,good
59443,380,344,-132,good,good,good
59447,191,483,-10,good,good,good
59453,-384,-31,-414,good,good,good
59467,188,393,-332,good,good,good
59471,328,72,-205,good,good,good
59473,-146,104,418,good,good,good
59497,-73,-207,347,good,good,good
59509,-384,-40,-198,good,good,good
59513,96,334,-105,good,good,good
59539,-42,360,-62,good,good,good
59557,-38,93,98,good,good,good
59561,-243,-438,-357,good,good,good
59567,-213,88,-316,good,good,good
59581,-121,307,-15,good,good,good
59611,87,-138,285,good,good,good
59617,471,-122,182,good,good,good
59621,-150,-303,188,good,good,good
59627,-20,-382,-196,good,good,good
59629,-300,290,-221,good,good,good
59651,88,-273,216,good,good,good
59659,98,-50,-97,good,good,good
59663,-464,-36,-396,good,good,good
59669,-246,-15,-328,good,good,good
59671,323,-328,-224,good,good,good
59693,207,-226,354,good,good,good
59699,-180,10,-14,good,good,good
59707,-89,58,-416,good,good,good
59723,294,-271,123,good,good,good
59729,-414,230,-180,good,good,good
59743,-392,234,390,good,good,good
59747,108,428,-135,good,good,good
59753,32,-346,357,good,good,good
59771,-255,72,294,good,good,good
59779,-424,-205,109,good,good,good
59791,221,442,-170,good,good,good
59797,-142,-202,-322,good,good,good
59809,0,220,257,good,good,good
59833,-390,-186,95,good,good,good
59863,-256,-211,382,good,good,good
59879,204,70,110,good,good,good
59887,95,423,125,good,good,good
59921,6,147,160,good,good,good
59929,-49,5,-246,good,good,good
59951,-100,327,-172,good,good,good
59957,16,48,-168,good,good,good
59971,114,-328,36,good,good,good
59981,-7,-293,-12,good,good,good
59999,30,165,199,good,good,good
60013,15,84,144,good,good,good
60017,-373,243,187,good,good,good
60029,356,-360,-134,good,good,good
60037,-70,238,-302,good,good,good
60041,90,-333,-232,good,good,good
60077,457,-192,33,good,good,good
60083,-400,-191,4,good,good,good
60089,55,-290,-225,good,good,good
60091,15,117,-480,good,good,good
60101,-416,352,-114,good,good,good
60103,-344,404,-20,good,good,good
60107,-384,268,32,good,good,good
60127,-182,-297,-64,good,good,good
60133,-66,-186,-248,good,good,good
60139,-40,450,-462,good,good,good
60149,204,150,-350,good,good,good
60161,361,12,24,good,good,good
60167,0,-72,122,good,good,good
60169,255,170,-398,good,good,good
60209,-91,-150,225,good,good,good
60217,428,-197,-30,good,good,good
60223,-94,389,434,good,good,good
60251,52,-273,279,good,good,good
60257,-325,108,-212,good,good,good
60259,-110,85,-355,good,good,good
60271,-270,-478,-27,good,good,good
60289,214,-375,-194,good,good,good
60293,-406,184,216,good,good,good
60317,-245,258,-320,good,good,good
60331,283,-218,-25,good,good,good
60337,97,208,114,good,good,good
60343,409,-236,300,good,good,good
60353,360,184,-333,good,good,good
60373,-354,159,-101,good,good,good
60383,181,264,144,good,good,good
60397,-18,138,-125,good,good,good
60413,322,414,-98,good,good,good
60427,-394,68,-442,good,good,good
60443,408,359,294,good,good,good
60449,-335,-30,-358,good,good,good
60457,-77,133,-448,good,good,good
60493,-208,-301,302,good,good,good
60497,418,-42,22,good,good,good
60509,-256,-230,-27,good,good,good
60521,-291,-28,406,good,good,good
60527,72,-192,89,good,good,good
60539,-381,-120,-270,good,good,good
60589,-44,415,-461,good,good,good
60601,72,-98,-118,good,good,good
60607,-116,-282,217,good,good,good
60611,80,-113,169,good,good,good
60617,481,58,233,good,good,good
60623,202,264,-196,good,good,good
60631,-413,-218,-10,good,good,good
60637,104,418,64,good,good,good
60647,-123,-237,280,good,good,good
60649,36,-310,285,good,good,good
60659,427,475,189,good,good,good
60661,-246,-188,10,good,good,good
60679,-105,-115,-243,good,good,good
60689,-397,-150,-205,good,good,good
60703,170,-136,336,good,good,good
60719,160,-230,-221,good,good,good
60727,349,218,-32,good,good,good
60733,227,-376,401,good,good,good
60737,138,-282,-62,good,good,good
60757,-50,373,-213,good,good,good
60761,113,-438,-217,good,good,good
60763,125,14,320,good,good,good
60773,122,439,116,good,good,good
60779,64,100,429,good,good,good
60793,-430,-26,-388,good,good,good
60811,270,-113,-443,good,good,good
60821,-15,222,-171,good,good,good
60859,158,-470,97,good,good,good
60869,66,10,396,good,good,good
60887,-74,258,-192,good,good,good
60889,266,235,229,good,good,good
60899,33,5,164,good,good,good
60901,50,177,124,good,good,good
60913,457,374,144,good,good,good
60917,14,-282,-422,good,good,good
60919,-48,-80,62,good,good,good
60923,-15,184,33,good,good,good
60937,-134,98,-172,good,good,good
60943,187,189,-182,good,good,good
60953,-88,-156,-282,good,good,good
60961,-4,-38,250,good,good,good
61001,150,-198,472,good,good,good
61007,318,-192,23,good,good,good
61027,-22,278,193,good,good,good
61031,-12,57,-168,good,good,good
61043,32,24,-111,good,good,good
61051,-245,-323,-8,good,good,good
61057,178,348,217,good,good,good
61091,-53,-308,-178,good,good,good
61099,-415,115,-266,good,good,good
61121,477,47,-308,good,good,good
61129,-316,440,254,good,good,good
61141,236,-158,322,good,good,good
61151,452,102,-177,good,good,good
61153,10,109,241,good,good,good
61169,348,-245,66,good,good,good
61211,190,-188,-102,good,good,good
61223,84,294,29,good,good,good
61231,-225,157,328,good,good,good
61253,74,14,-258,good,good,good
61261,165,362,8,good,good,good
61283,-69,174,-467,good,good,good
61291,-152,-208,383,good,good,good
61297,-62,53,2,good,good,good
61331,-248,-418,-392,good,good,good
61333,134,-146,197,good,good,good
61339,-423,-280,-266,good,good,good
61343,-173,74,-120,good,good,good
61357,-58,58,-384,good,good,good
61363,82,-101,252,good,good,good
61379,147,-420,-204,good,good,good
61381,380,-293,-282,good,good,good
61403,286,-171,-71,good,good,good
61409,290,180,240,good,good,good
61417,287,-217,-22,good,good,good
61441,54,192,192,good,good,good
61463,148,-326,-371,good,good,good
61469,-130,370,414,good,good,good
61471,-184,47,128,good,good,good
61483,-53,139,-8,good,good,good
61487,128,-102,57,good,good,good
61493,-426,114,404,good,good,good
61507,28,38,-196,good,good,good
61511,-6,12,-101,good,good,good
61519,80,-60,-182,good,good,good
61543,7,-41,164,good,good,good
61547,-340,168,-307,good,good,good
61553,414,-326,-15,good,good,good
61559,-431,-385,-300,good,good,good
61561,275,-238,-398,good,good,good
61583,-108,-231,309,good,good,good
61603,-218,124,-40,good,good,good
61609,230,-330,-332,good,good,good
61613,274,154,-16,good,good,good
61627,62,-317,462,good,good,good
61631,29,132,461,good,good,good
61637,-288,-147,-381,good,good,good
61643,-373,144,97,good,good,good
61651,124,2,-212,good,good,good
61657,478,278,-460,good,good,good
61667,228,68,-405,good,good,good
61673,138,54,-365,good,good,good
61681,2,-393,-244,good,good,good
61687,-462,-412,-67,good,good,good
61703,-192,-141,266,good,good,good
61717,371,-392,38,good,good,good
61723,-53,-86,166,good,good,good
61729,360,-140,-265,good,good,good
61751,32,352,0,good,good,good
61757,-321,-282,261,good,good,good
61781,325,-93,330,good,good,good
61813,6,-181,-470,good,good,good
61819,-318,-230,-284,good,good,good
61837,-387,-382,350,good,good,good
61843,-179,44,-66,good,good,good
61861,-85,-38,-238,good,good,good
61871,205,72,-208,good,good,good
61879,-166,400,-365,good,good,good
61909,200,-165,351,good,good,good
61927,-237,-112,112,good,good,good
61933,496,129,238,good,good,good
61949,174,-270,112,good,good,good
61961,-408,87,344,good,good,good
61967,228,-417,-438,good,good,good
61979,-65,345,-308,good,good,good
61981,-8,182,-374,good,good,good
61987,-148,8,-110,good,good,good
61991,57,442,-148,good,good,good
62003,-305,384,162,good,good,good
62011,361,-288,-274,good,good,good
62017,-202,-282,173,good,good,good
62039,-165,-310,290,good,good,good
62047,-138,-12,93,good,good,good
62053,-422,494,479,good,good,good
62057,132,438,-371,good,good,good
62071,-440,-128,-68,good,good,good
62081,186,-18,-87,good,good,good
62099,-210,-255,240,good,good,good
62119,191,-370,-297,good,good,good
62129,-218,-95,-142,good,good,good
62131,-46,332,10,good,good,good
62137,-484,83,-424,good,good,good
62141,128,42,-42,good,good,good
62143,314,349,255,good,good,good
62171,-215,172,237,good,good,good
62189,-70,180,-378,good,good,good
62191,-174,192,-63,good,good,good
62201,10,-48,198,good,good,good
62207,96,78,-56,good,good,good
62213,-7,334,-26,good,good,good
62219,126,100,-42,good,good,good
62233,-266,-6,-203,good,good,good
62273,-252,-36,-184,good,good,good
62297,-387,-37,-412,good,good,good
62299,319,40,76,good,good,good
62303,-74,-346,-180,good,good,good
62311,-217,-388,-146,good,good,good
62323,146,-406,316,good,good,good
62327,402,253,-271,good,good,good
62347,-302,98,334,good,good,good
62351,90,152,123,good,good,good
62383,25,124,-252,good,good,good
62401,-284,302,214,good,good,good
62417,240,153,-258,good,good,good
62423,-163,-161,228,good,good,good
62459,-420,185,-180,good,good,good
62467,-220,388,-58,good,good,good
62473,-264,229,-322,good,good,good
62477,69,-162,-286,good,good,good
62483,347,279,-472,good,good,good
62497,-11,128,-474,good,good,good
62501,-96,2,364,good,good,good
62507,-196,-12,368,good,good,good
62533,199,-101,-269,good,good,good
62539,-364,-365,174,good,good,good
62549,-172,-370,143,good,good,good
62563,445,-126,104,good,good,good
62581,-252,-118,134,good,good,good
62591,126,192,38,good,good,good
62597,-105,-262,462,good,good,good
62603,-285,244,-176,good,good,good
62617,-86,-177,58,good,good,good
62627,448,-132,-28,good,good,good
62633,-264,34,-419,good,good,good
62639,2,455,-330,good,good,good
62653,-285,-176,247,good,good,good
62659,318,-260,119,good,good,good
62683,16,269,476,good,good,good
62687,477,333,68,good,good,good
62701,-214,302,206,good,good,good
62723,192,-301,-252,good,good,good
62731,-323,-343,-233,good,good,good
62743,171,-406,-197,good,good,good
62753,366,-231,-278,good,good,good
62761,-453,212,-476,good,good,good
62773,-233,254,-403,good,good,good
62791,150,167,160,good,good,good
62801,-18,102,0,good,good,good
62819,-4,405,-176,good,good,good
62827,-93,108,268,good,good,good
62851,-449,202,290,good,good,good
62861,250,362,-34,good,good,good
62869,30,265,-260,good,good,good
62873,353,294,318,good,good,good
62897,82,48,-426,good,good,good
62903,-163,39,-174,good,good,good
62921,341,297,141,good,good,good
62927,48,268,-181,good,good,good
62929,86,-85,-94,good,good,good
62939,-24,320,105,good,good,good
62969,288,-90,-178,good,good,good
62971,228,-128,-242,good,good,good
62981,270,-318,150,good,good,good
62983,16,404,-241,good,good,good
62987,280,263,72,good,good,good
62989,-192,-5,370,good,good,good
63029,-12,-420,-381,good,good,good
63031,-322,-368,257,good,good,good
63059,-92,-220,-3,good,good,good
63067,62,-67,-171,good,good,good
63073,-97,-76,-291,good,good,good
63079,220,-280,-206,good,good,good
63097,-119,298,23,good,good,good
63103,-252,134,-56,good,good,good
63113,390,74,-90,good,good,good
63127,56,-27,2,good,good,good
63131,481,-468,-419,good,good,good
63149,309,-165,262,good,good,good
63179,282,-330,-278,good,good,good
63197,306,-232,-166,good,good,good
63199,-67,245,75,good,good,good
63211,10,-163,-275,good,good,good
63241,74,142,202,good,good,good
63247,52,258,398,good,good,good
63277,-377,-117,-444,good,good,good
63281,-329,282,120,good,good,good
63299,-258,40,78,good,good,good
63311,-28,12,399,good,good,good
63313,266,284,-46,good,good,good
63317,-86,43,36,good,good,good
63331,20,207,215,good,good,good
63337,-407,38,-216,good,good,good
63347,71,343,324,good,good,good
63353,37,-441,147,good,good,good
63361,178,437,269,good,good,good
63367,-244,208,-304,good,good,good
63377,-445,8,363,good,good,good
63389,410,-440,-66,good,good,good
63391,404,-208,259,good,good,good
63397,413,-362,158,good,good,good
63409,-95,-175,34,good,good,good
63419,-12,-360,-154,good,good,good
63421,-474,322,-252,good,good,good
63439,-276,300,-34,good,good,good
63443,-180,204,-156,good,good,good
63463,410,169,-368,good,good,good
63467,-44,-472,270,good,good,good
63473,356,-381,-210,good,good,good
63487,82,-182,-328,good,good,good
63493,-55,19,194,good,good,good
63499,220,220,188,good,good,good
63521,202,172,315,good,good,good
63527,334,-52,-333,good,good,good
63533,-361,104,330,good,good,good
63541,-335,-258,-312,good,good,good
63559,425,-65,304,good,good,good
63577,9,-362,-170,good,good,good
63587,168,78,-28,good,good,good
63589,12,-50,-392,good,good,good
63599,-315,-120,174,good,good,good
63601,-110,-198,180,good,good,good
63607,-235,388,176,good,good,good
63611,-106,87,-108,good,good,good
63617,390,-42,63,good,good,good
63629,67,-405,-138,good,good,good
63647,-45,-227,178,good,good,good
63649,305,255,74,good,good,good
63659,324,420,289,good,good,good
63667,323,-432,412,good,good,good
63671,384,-103,-133,good,good,good
63689,-434,-260,-144,good,good,good
63691,-372,317,420,good,good,good
63697,158,-162,-373,good,good,good
63703,-323,444,-431,good,good,good
63709,232,490,-97,good,good,good
63719,-140,-260,-305,good,good,good
63727,366,-107,389,good,good,good
63737,-262,-202,-129,good,good,good
63743,-244,-91,400,good,good,good
63761,103,-38,45,good,good,good
63773,-66,84,-226,good,good,good
63781,-345,257,78,good,good,good
63793,-32,-151,-160,good,good,good
63799,209,-300,-310,good,good,good
63803,374,224,117,good,good,good
63809,265,45,-14,good,good,good
63823,-214,-76,264,good,good,good
63839,-394,280,-280,good,good,good
63841,-358,-108,-493,good,good,good
63853,243,19,500,good,good,good
63857,66,378,336,good,good,good
63863,115,384,-108,good,good,good
63901,-410,-198,128,good,good,good
63907,-58,368,273,good,good,good
63913,-122,-266,-373,good,good,good
63929,-465,160,411,good,good,good
63949,-40,-460,410,good,good,good
63977,198,-222,90,good,good,good
63997,298,-352,-366,good,good,good
64007,105,428,273,good,good,good
64013,-385,-231,320,good,good,good
64019,45,-80,291,good,good,good
64033,-258,374,-100,good,good,good
64037,150,268,-252,good,good,good
64063,232,-236,-313,good,good,good
64067,-48,-197,-416,good,good,good
64081,19,-268,-272,good,good,good
64091,49,167,-164,good,good,good
64109,162,285,333,good,good,good
64123,430,179,377,good,good,good
64151,-207,402,-170,good,good,good
64153,184,-246,-106,good,good,good
64157,430,-62,-219,good,good,good
64171,46,72,-284,good,good,good
64187,-406,-142,310,good,good,good
64189,-316,110,295,good,good,good
64217,-484,218,468,good,good,good
64223,444,-391,96,good,good,good
64231,-348,-268,-307,good,good,good
64237,166,-402,-451,good,good,good
64271,22,-53,-312,good,good,good
64279,-83,-230,-212,good,good,good
64283,-252,-166,-136,good,good,good
64301,-50,-348,468,good,good,good
64303,-361,-76,4,good,good,good
64319,420,-70,50,good,good,good
64327,-432,-372,-368,good,good,good
64333,-490,-31,-280,good,good,good
64373,-419,-126,22,good,good,good
64381,347,307,206,good,good,good
64399,-366,115,157,good,good,good
64403,144,-281,23,good,good,good
64433,210,-6,371,good,good,good
64439,440,40,366,good,good,good
64451,-228,-248,-226,good,good,good
64453,54,-41,71,good,good,good
64483,-70,259,12,good,good,good
64489,-284,-40,-310,good,good,good
64499,-260,-310,-38,good,good,good
64513,-58,-321,268,good,good,good
64553,166,-86,-190,good,good,good
64567,166,28,-131,good,good,good
64577,125,218,198,good,good,good
64579,-176,240,172,good,good,good
64591,-177,442,92,good,good,good
64601,130,177,-30,good,good,good
64609,-75,-350,177,good,good,good
64613,109,264,-324,good,good,good
64621,-224,422,12,good,good,good
64627,-139,-302,434,good,good,good
64633,386,104,187,good,good,good
64661,-50,237,-181,good,good,good
64663,206,224,-240,good,good,good
64667,-103,-12,-293,good,good,good
64679,-303,-170,210,good,good,good
64693,148,34,278,good,good,good
64709,219,30,-336,good,good,good
64717,-82,-17,402,good,good,good
64747,-164,273,-36,good,good,good
64763,-236,-426,60,good,good,good
64781,190,432,-260,good,good,good
64783,159,-261,-151,good,good,good
64793,296,-486,-246,good,good,good
64811,-348,62,-406,good,good,good
64817,315,-2,278,good,good,good
64849,391,-255,-483,good,good,good
64853,8,324,-480,good,good,good
64871,151,-353,-302,good,good,good
64877,210,78,183,good,good,good
64879,140,80,296,good,good,good
64891,-305,92,-368,good,good,good
64901,447,-373,-389,good,good,good
64919,293,-250,300,good,good,good
64921,-78,172,133,good,good,good
64927,-12,133,433,good,good,good
64937,-328,278,140,good,good,good
64951,-32,152,124,good,good,good
64969,146,-475,231,good,good,good
64997,129,318,282,good,good,good
65003,72,-91,0,good,good,good
65011,444,212,36,good,good,good
65027,-116,308,120,good,good,good
65029,170,160,-69,good,good,good
65033,-30,-191,96,good,good,good
65053,254,-446,232,good,good,good
65063,54,-271,-169,good,good,good
65071,344,172,-96,good,good,good
65089,236,-400,-388,good,good,good
65099,-292,-475,376,good,good,good
65101,182,277,178,good,good,good
65111,297,-288,124,good,good,good
65119,-153,-280,-120,good,good,good
65123,287,-181,-378,good,good,good
65129,-153,215,-38,good,good,good
65141,-365,-258,-75,good,good,good
65147,-168,-172,-284,good,good,good
65167,31,-97,190,good,good,good
65171,288,-178,-60,good,good,good
65173,135,-261,-89,good,good,good
65179,14,125,-492,good,good,good
65183,273,-246,9,good,good,good
65203,28,314,-78,good,good,good
65213,-224,-351,-34,good,good,good
65239,-318,200,137,good,good,good
65257,-163,-137,406,good,good,good
65267,-300,108,-391,good,good,good
65269,-270,160,216,good,good,good
65287,288,-392,468,good,good,good
65293,22,-136,-47,good,good,good
65309,177,70,186,good,good,good
65323,-490,-116,52,good,good,good
65327,-190,348,-189,good,good,good
65353,181,-156,2,good,good,good
65357,324,438,-30,good,good,good
65371,-22,97,140,good,good,good
65381,-310,-118,390,good,good,good
65393,-270,9,-198,good,good,good
65407,500,-392,-392,good,good,good
65413,-286,144,170,good,good,good
65419,-128,-370,108,good,good,good
65423,-249,34,304,good,good,good
65437,-423,-67,202,good,good,good
65447,-120,108,21,good,good,good
65449,305,200,245,good,good,good
65479,-224,350,181,good,good,good
65497,-70,33,258,good,good,good
65519,130,300,176,good,good,good
65521,128,122,73,good,good,good
65537,-291,288,58,good,good,good
65539,267,-260,41,good,good,good
65543,-208,104,86,good,good,good
65551,158,202,290,good,good,good
65557,65,-132,385,good,good,good
65563,63,484,420,good,good,good
65579,322,-490,-54,good,good,good
65581,262,82,-434,good,good,good
65587,298,243,268,good,good,good
65599,-152,-260,137,good,good,good
65609,-346,425,-156,good,good,good
65617,-226,-12,138,good,good,good
65629,-119,-290,310,good,good,good
65633,-174,-186,-408,good,good,good
65647,-240,-152,-265,good,good,good
65651,-420,327,-390,good,good,good
65657,348,-47,-156,good,good,good
65677,-196,218,22,good,good,good
65687,261,18,-284,good,good,good
65699,118,270,297,good,good,good
65701,23,277,88,good,good,good
65707,-124,-427,192,good,good,good
65713,-6,-236,281,good,good,good
65717,-426,153,198,good,good,good
65719,-397,160,172,good,good,good
65729,-300,350,112,good,good,good
65731,316,32,-22,good,good,good
65761,-9,-363,-274,good,good,good
65777,-279,-212,-195,good,good,good
65789,295,275,-444,good,good,good
65809,192,130,398,good,good,good
65827,-423,388,12,good,good,good
65831,150,82,36,good,good,good
65837,-66,408,-159,good,good,good
65839,-89,235,-426,good,good,good
65843,-398,-86,-468,good,good,good
65851,-463,-373,116,good,good,good
65867,-248,418,320,good,good,good
65881,-497,82,102,good,good,good
65899,346,-415,142,good,good,good
65921,-178,-453,66,good,good,good
65927,148,-7,-66,good,good,good
65929,-242,-30,-202,good,good,good
65951,346,-148,231,good,good,good
65957,-134,-467,-378,good,good,good
65963,234,-256,302,good,good,good
65981,-235,-443,300,good,good,good
65983,0,119,-230,good,good,good
65993,144,374,-339,good,good,good
66029,139,150,372,good,good,good
66037,268,353,-263,good,good,good
66041,-283,42,-86,good,good,good
66047,-150,183,-474,good,good,good
66067,-130,-107,353,good,good,good
66071,231,197,-3,good,good,good
66083,395,-456,462,good,good,good
66089,426,-185,157,good,good,good
66103,-165,-141,-242,good,good,good
66107,23,18,402,good,good,good
66109,-66,360,-18,good,good,good
66137,-68,318,-330,good,good,good
66161,-348,362,-30,good,good,good
66169,-38,-510,398,good,good,good
66173,-436,-456,-174,good,good,good
66179,-144,385,41,good,good,good
66191,-448,167,-30,good,good,good
66221,393,222,255,good,good,good
66239,39,470,-396,good,good,good
66271,-285,422,363,good,good,good
66293,-491,-276,84,good,good,good
66301,223,-98,-233,good,good,good
66337,162,178,178,good,good,good
66343,-298,484,135,good,good,good
66347,-258,-122,-292,good,good,good
66359,252,-270,170,good,good,good
66361,440,62,122,good,good,good
66373,50,-426,-286,good,good,good
66377,73,-87,333,good,good,good
66383,86,-101,306,good,good,good
66403,431,-116,-264,good,good,good
66413,-248,-26,273,good,good,good
66431,-201,-418,360,good,good,good
66449,-105,-65,14,good,good,good
66457,-224,-212,-422,good,good,good
66463,197,339,26,good,good,good
66467,-62,-27,236,good,good,good
66491,98,-108,-57,good,good,good
66499,325,420,76,good,good,good
66509,-144,-210,-198,good,good,good
66523,-5,-266,-84,good,good,good
66529,123,205,-280,good,good,good
66533,117,219,96,good,good,good
66541,-494,-8,374,good,good,good
66553,-289,-326,54,good,good,good
66569,490,-350,182,good,good,good
66571,66,-328,0,good,good,good
66587,312,353,-429,good,good,good
66593,21,-356,-94,good,good,good
66601,81,252,36,good,good,good
66617,-162,143,126,good,good,good
66629,-136,-110,36,good,good,good
66643,358,-21,160,good,good,good
66653,210,-291,-408,good,good,good
66683,-212,-316,33,good,good,good
66697,4,38,-283,good,good,good
66701,242,-348,-386,good,good,good
66713,-90,429,506,good,good,good
66721,91,-278,-133,good,good,good
66733,296,-136,-319,good,good,good
66739,175,50,23,good,good,good
66749,346,225,130,good,good,good
66751,-372,-223,249,good,good,good
66763,-464,-156,-182,good,good,good
66791,72,-58,-241,good,good,good
66797,418,278,249,good,good,good
66809,352,0,-225,good,good,good
66821,-101,-28,282,good,good,good
66841,-60,67,197,good,good,good
66851,202,-448,0,good,good,good
66853,48,-236,139,good,good,good
66863,128,49,-111,good,good,good
66877,250,-12,4,good,good,good
66883,-68,-21,-460,good,good,good
66889,295,175,341,good,good,good
66919,-198,-390,-383,good,good,good
66923,420,124,254,good,good,good
66931,-68,-18,-160,good,good,good
66943,289,-186,365,good,good,good
66947,216,-127,96,good,good,good
66949,-265,-70,177,good,good,good
66959,19,-80,494,good,good,good
66973,2,134,-193,good,good,good
66977,-159,-377,93,good,good,good
67003,-307,-206,287,good,good,good
67021,-300,-178,263,good,good,good
67033,206,-166,411,good,good,good
67043,-249,284,44,good,good,good
67049,74,-155,58,good,good,good
67057,436,-117,-130,good,good,good
67061,290,287,-363,good,good,good
67073,-204,-216,264,good,good,good
67079,150,105,-207,good,good,good
67103,276,24,-442,good,good,good
67121,-51,-378,-251,good,good,good
67129,-159,50,145,good,good,good
67139,315,-420,476,good,good,good
67141,334,142,-234,good,good,good
67153,20,-81,-314,good,good,good
67157,-292,-22,29,good,good,good
67169,-492,-425,-286,good,good,good
67181,54,-18,102,good,good,good
67187,-374,338,-288,good,good,good
67189,266,-35,-386,good,good,good
67211,224,-288,-492,good,good,good
67213,-331,234,-16,good,good,good
67217,-473,8,258,good,good,good
67219,140,-20,44,good,good,good
67231,-154,82,143,good,good,good
67247,466,-387,162,good,good,good
67261,428,-88,115,good,good,good
67271,318,172,202,good,good,good
67273,-294,-306,-154,good,good,good
67289,-96,0,146,good,good,good
67307,417,-197,152,good,good,good
67339,-191,-180,-284,good,good,good
67343,-297,219,-87,good,good,good
67349,-151,170,-297,good,good,good
67369,388,-390,-166,good,good,good
67391,412,-408,-400,good,good,good
67399,-350,160,424,good,good,good
67409,-286,135,-261,good,good,good
67411,-113,387,-425,good,good,good
67421,-117,-178,16,good,good,good
67427,312,188,-334,good,good,good
67429,224,80,16,good,good,good
67433,322,354,-250,good,good,good
67447,-499,178,353,good,good,good
67453,-422,154,-188,good,good,good
67477,107,238,90,good,good,good
67481,-471,-218,314,good,good,good
67489,-291,-90,-250,good,good,good
67493,-396,414,-370,good,good,good
67499,204,205,31,good,good,good
67511,-38,237,63,good,good,good
67523,-238,-316,240,good,good,good
67531,384,32,-446,good,good,good
67537,-397,-152,316,good,good,good
67547,134,138,-44,good,good,good
67559,216,440,-272,good,good,good
67567,30,-77,-37,good,good,good
67577,268,243,50,good,good,good
67579,220,270,100,good,good,good
67589,-154,-270,183,good,good,good
67601,264,52,-403,good,good,good
67607,212,-167,-205,good,good,good
67619,-440,180,39,good,good,good
67631,120,57,-25,good,good,good
67651,-54,452,108,good,good,good
67679,170,-200,303,good,good,good
67699,28,-260,-235,good,good,good
67709,-119,-345,358,good,good,good
67723,-96,-246,64,good,good,good
67733,-432,344,-420,good,good,good
67741,70,-433,365,good,good,good
67751,399,302,105,good,good,good
67757,313,218,-402,good,good,good
67759,-296,-190,-419,good,good,good
67763,-329,84,53,good,good,good
67777,487,-242,155,good,good,good
67783,-256,59,-437,good,good,good
67789,412,-40,-316,good,good,good
67801,-390,-98,78,good,good,good
67807,-70,-332,-164,good,good,good
67819,-324,465,181,good,good,good
67829,-478,-15,-115,good,good,good
67843,236,404,-303,good,good,good
67853,-264,489,-304,good,good,good
67867,415,-372,276,good,good,good
67883,-368,324,84,good,good,good
67891,356,-208,-268,good,good,good
67901,126,302,404,good,good,good
67927,-132,248,-322,good,good,good
67931,369,232,-375,good,good,good
67933,385,304,-223,good,good,good
67939,-485,345,212,good,good,good
67943,-365,274,80,good,good,good
67957,442,-292,450,good,good,good
67961,462,-13,-279,good,good,good
67967,-216,-387,462,good,good,good
67979,420,180,-361,good,good,good
67987,-422,-322,-136,good,good,good
67993,-210,-316,54,good,good,good
68023,336,174,-281,good,good,good
68041,50,-108,52,good,good,good
68053,-33,-466,-448,good,good,good
68059,-221,170,-259,good,good,good
68071,-448,-328,15,good,good,good
68087,-144,148,-84,good,good,good
68099,-126,-65,256,good,good,good
68111,12,-338,321,good,good,good
68113,-214,39,-420,good,good,good
68141,128,342,-501,good,good,good
68147,-276,-132,-226,good,good,good
68161,263,-138,-226,good,good,good
68171,370,-228,-219,good,good,good
68207,-343,-2,308,good,good,good
68209,-190,-5,180,good,good,good
68213,400,-346,56,good,good,good
68219,137,-200,173,good,good,good
68227,187,-267,-218,good,good,good
68239,-209,-170,-232,good,good,good
68261,363,-38,-200,good,good,good
68279,232,-210,-310,good,good,good
68281,246,107,337,good,good,good
68311,72,237,168,good,good,good
68329,-374,410,394,good,good,good
68351,-356,152,-375,good,good,good
68371,-220,322,-323,good,good,good
68389,170,200,-294,good,good,good
68399,214,200,-48,good,good,good
68437,110,-232,-180,good,good,good
68443,404,119,34,good,good,good
68447,387,-72,65,good,good,good
68449,-445,70,334,good,good,good
68473,-16,314,-185,good,good,good
68477,-153,-352,-187,good,good,good
68483,-351,-96,-156,good,good,good
68489,-110,-105,-97,good,good,good
68491,296,92,-130,good,good,good
68501,110,27,-212,good,good,good
68507,10,108,490,good,good,good
68521,195,-178,110,good,good,good
68531,-11,-243,244,good,good,good
68539,254,-325,234,good,good,good
68543,-78,-216,237,good,good,good
68567,160,8,38,good,good,good
68581,-502,432,-109,good,good,good
68597,-361,273,-81,good,good,good
68611,-340,-88,302,good,good,good
68633,-378,-311,63,good,good,good
68639,473,-260,-19,good,good,good
68659,346,-360,144,good,good,good
68669,385,-210,178,good,good,good
68683,-167,-466,4,good,good,good
68687,60,248,-279,good,good,good
68699,-435,-305,198,good,good,good
68711,132,-213,-375,good,good,good
68713,-319,244,-55,good,good,good
68729,-42,205,-228,good,good,good
68737,-266,233,194,good,good,good
68743,-127,424,226,good,good,good
68749,-242,-150,-106,good,good,good
68767,55,98,228,good,good,good
68771,-76,372,8,good,good,good
68777,-144,183,-266,good,good,good
68791,-316,-158,315,good,good,good
68813,-409,84,112,good,good,good
68819,141,-100,38,good,good,good
68821,177,-353,-172,good,good,good
68863,-94,-416,-480,good,good,good
68879,-296,-90,-480,good,good,good
68881,444,482,-490,good,good,good
68891,-159,-33,-104,good,good,good
68897,375,463,-222,good,good,good
68899,-104,140,187,good,good,good
68903,65,54,32,good,good,good
68909,400,125,-452,good,good,good
68917,30,-362,210,good,good,good
68927,315,3,127,good,good,good
68947,256,298,-253,good,good,good
68963,-102,269,340,good,good,good
68993,-322,69,50,good,good,good
69001,95,-73,350,good,good,good
69011,238,-288,280,good,good,good
69019,-270,-315,336,good,good,good
69029,144,-450,214,good,good,good
69031,-40,232,-163,good,good,good
69061,-150,37,-1,good,good,good
69067,-67,263,-411,good,good,good
69073,-406,-121,-359,good,good,good
69109,-51,-120,355,good,good,good
69119,-368,-40,-190,good,good,good
69127,-328,413,254,good,good,good
69143,-185,-486,416,good,good,good
69149,126,405,-102,good,good,good
69151,310,-323,49,good,good,good
69163,-283,-26,497,good,good,good
69191,192,117,376,good,good,good
69193,-225,-11,-74,good,good,good
69197,-107,288,-283,good,good,good
69203,208,394,96,good,good,good
69221,-196,-78,70,good,good,good
69233,-404,234,-113,good,good,good
69239,-351,105,54,good,good,good
69247,136,-132,-7,good,good,good
69257,131,158,148,good,good,good
69259,74,140,-3,good,good,good
69263,321,344,406,good,good,good
69313,286,4,252,good,good,good
69317,223,398,-262,good,good,good
69337,-26,-22,362,good,good,good
69341,258,142,138,good,good,good
69371,-385,97,-339,good,good,good
69379,-341,-10,-179,good,good,good
69383,-14,194,424,good,good,good
69389,-402,-85,396,good,good,good
69401,-177,102,130,good,good,good
69403,55,409,346,good,good,good
69427,-278,-292,-270,good,good,good
69431,-238,182,220,good,good,good
69439,123,-140,-258,good,good,good
69457,496,143,-196,good,good,good
69463,-216,-171,89,good,good,good
69467,164,188,-165,good,good,good
69473,136,-156,36,good,good,good
69481,-80,-218,-390,good,good,good
69491,-132,-183,9,good,good,good
69493,-201,354,-206,good,good,good
69497,273,348,312,good,good,good
69499,424,175,296,good,good,good
69539,95,120,-176,good,good,good
69557,-1,373,357,good,good,good
69593,-219,-126,-242,good,good,good
69623,504,-96,-402,good,good,good
69653,124,-321,114,good,good,good
69661,-193,237,237,good,good,good
69677,-128,63,101,good,good,good
69691,48,-458,-72,good,good,good
69697,26,123,-409,good,good,good
69709,-275,-80,229,good,good,good
69737,124,498,-27,good,good,good
69739,-320,390,-284,good,good,good
69761,351,162,-238,good,good,good
69763,-230,-211,-384,good,good,good
69767,-440,-352,10,good,good,good
69779,-303,70,-126,good,good,good
69809,-63,215,-218,good,good,good
69821,16,47,-114,good,good,good
69827,-38,228,-60,good,good,good
69829,-239,-445,278,good,good,good
69833,-178,-281,241,good,good,good
69847,1,358,384,good,good,good
69857,-303,198,458,good,good,good
69859,316,-55,216,good,good,good
69877,275,133,-267,good,good,good
69899,196,-135,359,good,good,good
69911,-216,-188,-64,good,good,good
69929,9,-360,-369,good,good,good
69931,372,57,316,good,good,good
69941,-117,-333,-42,good,good,good
69959,414,-90,246,good,good,good
69991,100,317,198,good,good,good
69997,193,-387,298,good,good,good
70001,-399,-348,-77,good,good,good
70003,321,-196,-292,good,good,good
70009,-430,-325,-154,good,good,good
70019,72,15,-183,good,good,good
70039,-34,100,360,good,good,good
70051,-175,227,-212,good,good,good
70061,-34,-138,441,good,good,good
70067,-243,378,18,good,good,good
70079,-483,-285,-248,good,good,good
70099,149,370,243,good,good,good
70111,120,112,259,good,good,good
70117,-136,-422,-119,good,good,good
70121,-188,-228,460,good,good,good
70123,-442,139,-304,good,good,good
70139,136,-180,-99,good,good,good
70141,-251,-133,-106,good,good,good
70157,172,-292,-222,good,good,good
70163,-133,449,9,good,good,good
70177,-437,-362,-345,good,good,good
70181,-166,7,-192,good,good,good
70183,430,179,432,good,good,good
70199,104,-420,-207,good,good,good
70201,-78,202,43,good,good,good
70207,512,-387,193,good,good,good
70223,413,224,-370,good,good,good
70229,-101,45,-223,good,good,good
70237,-345,-92,-202,good,good,good
70241,-136,-258,133,good,good,good
70249,-430,330,512,good,good,good
70271,-150,-303,12,good,good,good
70289,122,-360,25,good,good,good
70297,-38,188,77,good,good,good
70309,130,240,450,good,good,good
70313,-248,-486,271,good,good,good
70321,327,47,-280,good,good,good
70327,128,-232,314,good,good,good
70351,220,-448,-380,good,good,good
70373,177,284,-331,good,good,good
70379,20,-20,471,good,good,good
70381,-310,-143,-151,good,good,good
70393,354,149,-167,good,good,good
70423,40,-151,-168,good,good,good
70429,-228,-150,442,good,good,good
70439,287,-320,311,good,good,good
70451,376,-248,-51,good,good,good
70457,261,-522,-256,good,good,good
70459,-204,-95,224,good,good,good
70481,-245,-218,196,good,good,good
70487,-132,138,229,good,good,good
70489,-79,65,45,good,good,good
70501,47,-448,88,good,good,good
70507,192,-232,126,good,good,good
70529,-31,10,261,good,good,good
70537,58,443,-138,good,good,good
70549,381,340,125,good,good,good
70571,-84,272,238,good,good,good
70573,364,44,-455,good,good,good
70583,270,514,-14,good,good,good
70589,-130,-500,-195,good,good,good
70607,16,-247,-8,good,good,good
70619,62,470,52,good,good,good
70621,7,22,-58,good,good,good
70627,-468,-182,-140,good,good,good
70639,230,170,-179,good,good,good
70657,128,-277,115,good,good,good
70663,136,14,-320,good,good,good
70667,-193,103,-164,good,good,good
70687,-144,-487,-232,good,good,good
70709,126,-365,-216,good,good,good
70717,-231,38,417,good,good,good
70729,70,230,202,good,good,good
70753,-249,454,-282,good,good,good
70769,59,260,280,good,good,good
70783,324,-451,-420,good,good,good
70793,-431,414,42,good,good,good
70823,-292,309,445,good,good,good
70841,246,242,138,good,good,good
70843,-452,-411,-71,good,good,good
70849,-128,-15,-306,good,good,good
70853,-206,-306,-99,good,good,good
70867,121,-252,-345,good,good,good
70877,478,393,-94,good,good,good
70879,-62,370,444,good,good,good
70891,4,192,-108,good,good,good
70901,245,-248,68,good,good,good
70913,407,-306,356,good,good,good
70919,-213,330,-376,good,good,good
70921,-116,-153,-430,good,good,good
70937,70,358,-18,good,good,good
70949,318,-300,44,good,good,good
70951,-202,77,103,good,good,good
70957,203,-452,-273,good,good,good
70969,-519,-50,-314,good,good,good
70979,-30,-150,140,good,good,good
70981,-208,-193,243,good,good,good
70991,-219,492,488,good,good,good
70997,58,-167,128,good,good,good
70999,56,215,122,good,good,good
71011,-76,412,-311,good,good,good
71023,-292,104,376,good,good,good
71039,-155,-385,474,good,good,good
71059,442,-240,-350,good,good,good
71069,56,5,376,good,good,good
71081,-342,282,-413,good,good,good
71089,-187,460,-26,good,good,good
71119,72,40,163,good,good,good
71129,132,-190,-175,good,good,good
71143,-176,204,136,good,good,good
71147,-77,-352,62,good,good,good
71153,120,-461,84,good,good,good
71161,-323,62,334,good,good,good
71167,155,-472,-123,good,good,good
71171,18,-503,-420,good,good,good
71191,-128,92,152,good,good,good
71209,-85,50,378,good,good,good
71233,-132,154,-2,good,good,good
71237,327,-162,232,good,good,good
71249,-160,360,-143,good,good,good
71257,380,508,-32,good,good,good
71261,-455,462,195,good,good,good
71263,-52,499,-27,good,good,good
71287,-143,128,-449,good,good,good
71293,32,-316,-518,good,good,good
71317,160,-467,22,good,good,good
71327,-393,388,-213,good,good,good
71329,286,-255,158,good,good,good
71333,-165,-26,428,good,good,good
71339,333,-515,-324,good,good,good
71341,158,-358,-232,good,good,good
71347,-241,323,238,good,good,good
71353,224,234,157,good,good,good
71359,356,-130,-134,good,good,good
71363,-39,-476,204,good,good,good
71387,248,48,192,good,good,good
71389,409,-110,-169,good,good,good
71399,-384,335,240,good,good,good
71411,132,-438,-276,good,good,good
71413,-474,114,314,good,good,good
71419,457,40,-364,good,good,good
71429,-404,-80,18,good,good,good
71437,193,323,-152,good,good,good
71443,-65,359,513,good,good,good
71453,-258,-76,-10,good,good,good
71471,162,97,-360,good,good,good
71473,-449,-166,296,good,good,good
71479,310,-320,-40,good,good,good
71483,169,69,-384,good,good,good
71503,-24,-101,-8,good,good,good
71527,374,-267,-436,good,good,good
71537,67,103,348,good,good,good
71549,-433,365,390,good,good,good
71551,64,-298,-337,good,good,good
71563,-416,-66,319,good,good,good
71569,31,350,191,good,good,good
71593,68,-471,401,good,good,good
71597,96,-57,372,good,good,good
71633,-65,9,-216,good,good,good
71647,-120,-412,18,good,good,good
71663,96,-21,257,good,good,good
71671,-216,-328,-147,good,good,good
71693,128,154,242,good,good,good
71699,-84,325,-332,good,good,good
71707,483,-297,348,good,good,good
71711,162,112,-320,good,good,good
71713,-174,219,19,good,good,good
71719,330,-330,217,good,good,good
71741,150,242,248,good,good,good
71761,30,-38,46,good,good,good
71777,318,48,348,good,good,good
71789,350,95,-47,good,good,good
71807,-477,258,240,good,good,good
71809,-278,110,350,good,good,good
71821,217,22,-131,good,good,good
71837,476,-22,382,good,good,good
71843,189,234,521,good,good,good
71849,84,180,128,good,good,good
71861,237,-263,-48,good,good,good
71867,-108,-67,-354,good,good,good
71879,289,-280,-437,good,good,good
71881,1,-168,-334,good,good,good
71887,-296,8,157,good,good,good
71899,46,55,-380,good,good,good
71909,-196,520,204,good,good,good
71917,-282,-182,194,good,good,good
71933,328,439,246,good,good,good
71941,154,42,218,good,good,good
71947,200,338,510,good,good,good
71963,-336,239,-482,good,good,good
71971,282,172,-117,good,good,good
71983,-146,-16,-284,good,good,good
71987,-60,173,276,good,good,good
71993,-335,234,177,good,good,good
71999,433,195,14,good,good,good
72019,72,-70,-212,good,good,good
72031,-398,-293,-467,good,good,good
72043,-37,-201,91,good,good,good
72047,240,158,-150,good,good,good
72053,462,-326,-206,good,good,good
72073,191,-151,-194,good,good,good
72077,-423,-217,-411,good,good,good
72089,-212,30,312,good,good,good
72091,-462,-358,40,good,good,good
72101,-195,-498,148,good,good,good
72103,125,319,224,good,good,good
72109,234,-295,142,good,good,good
72139,-211,-135,-284,good,good,good
72161,-134,-213,177,good,good,good
72167,238,408,-315,good,good,good
72169,-224,305,-50,good,good,good
72173,414,264,-1,good,good,good
72211,178,-288,-131,good,good,good
72221,-346,-78,-313,good,good,good
72223,-251,-156,310,good,good,good
72227,-116,3,75,good,good,good
72229,-76,235,343,good,good,good
72251,-288,-248,-124,good,good,good
72253,-386,-286,-266,good,good,good
72269,-236,470,-417,good,good,good
72271,-209,-328,-98,good,good,good
72277,-97,168,-442,good,good,good
72287,-155,-82,-441,good,good,good
72307,-21,-277,92,good,good,good
72313,76,464,346,good,good,good
72337,260,-262,158,good,good,good
72341,190,117,279,good,good,good
72353,-28,-36,-279,good,good,good
72367,18,-12,65,good,good,good
72379,481,380,105,good,good,good
72383,201,-96,-74,good,good,good
72421,65,122,122,good,good,good
72431,-490,-18,451,good,good,good
72461,-156,-338,484,good,good,good
72467,-132,18,-57,good,good,good
72469,272,95,20,good,good,good
72481,-42,332,30,good,good,good
72493,399,-311,-134,good,good,good
72497,42,-312,-181,good,good,good
72503,66,-356,-450,good,good,good
72533,-264,234,261,good,good,good
72547,101,118,-77,good,good,good
72551,-116,-298,-162,good,good,good
72559,-34,-460,-73,good,good,good
72577,-454,228,-127,good,good,good
72613,-86,54,-146,good,good,good
72617,-144,-52,258,good,good,good
72623,86,49,-379,good,good,good
72643,-19,-206,-320,good,good,good
72647,89,-167,-320,good,good,good
72649,124,-10,-493,good,good,good
72661,315,262,-132,good,good,good
72671,-151,-3,422,good,good,good
72673,-114,504,248,good,good,good
72679,281,340,420,good,good,good
72689,42,165,-413,good,good,good
72701,-262,-148,405,good,good,good
72707,20,118,191,good,good,good
72719,42,180,-456,good,good,good
72727,-18,-42,240,good,good,good
72733,10,334,-192,good,good,good
72739,133,160,407,good,good,good
72763,-55,379,260,good,good,good
72767,0,38,-445,good,good,good
72797,164,48,59,good,good,good
72817,-199,-272,-473,good,good,good
72823,-280,-331,224,good,good,good
72859,-270,400,364,good,good,good
72869,354,-90,336,good,good,good
72871,-86,-278,-100,good,good,good
72883,20,154,-391,good,good,good
72889,525,-205,-80,good,good,good
72893,267,74,493,good,good,good
72901,-23,-398,-362,good,good,good
72907,-62,208,-120,good,good,good
72911,289,12,147,good,good,good
72923,268,79,-285,good,good,good
72931,-291,307,-432,good,good,good
72937,-474,178,-198,good,good,good
72949,-164,-170,-505,good,good,good
72953,-201,529,70,good,good,good
72959,-366,-20,-419,good,good,good
72973,-29,-26,-414,good,good,good
72977,270,-437,-504,good,good,good
72997,-321,-427,192,good,good,good
73009,-182,-180,-338,good,good,good
73013,198,474,-21,good,good,good
73019,-210,420,-213,good,good,good
73037,199,48,93,good,good,good
73039,-449,-360,-279,good,good,good
73043,60,-261,314,good,good,good
73061,-228,112,188,good,good,good
73063,411,-11,231,good,good,good
73079,-312,270,-62,good,good,good
73091,-459,42,80,good,good,good
73121,-135,-3,11,good,good,good
73127,-32,78,-365,good,good,good
73133,318,69,338,good,good,good
73141,338,42,-97,good,good,good
73181,-140,-193,-393,good,good,good
73189,-211,-420,-290,good,good,good
73237,-374,-312,-316,good,good,good
73243,-244,104,-44,good,good,good
73259,-175,-40,267,good,good,good
73277,-74,-192,118,good,good,good
73291,442,67,169,good,good,good
73303,-238,-196,-75,good,good,good
73309,235,-75,230,good,good,good
73327,331,528,248,good,good,good
73331,127,432,266,good,good,good
73351,-88,352,62,good,good,good
73361,25,12,294,good,good,good
73363,-92,419,-254,good,good,good
73369,352,-430,38,good,good,good
73379,-300,-285,153,good,good,good
73387,92,-332,88,good,good,good
73417,106,-122,150,good,good,good
73421,-66,522,195,good,good,good
73433,263,-346,246,good,good,good
73453,-380,464,-315,good,good,good
73459,174,-215,116,good,good,good
73471,304,272,-96,good,good,good
73477,512,-412,-222,good,good,good
73483,-59,304,-224,good,good,good
73517,-120,-67,-189,good,good,good
73523,157,-376,-6,good,good,good
73529,-258,-155,78,good,good,good
73547,-489,123,42,good,good,good
73553,-79,-416,-272,good,good,good
73561,-40,187,334,good,good,good
73571,286,147,-72,good,good,good
73583,-24,264,-191,good,good,good
73589,-417,140,-191,good,good,good
73597,203,-512,-181,good,good,good
73607,-506,-362,-168,good,good,good
73609,-165,-60,-240,good,good,good
73613,204,-386,10,good,good,good
73637,321,73,-44,good,good,good
73643,528,-241,436,good,good,good
73651,-4,102,516,good,good,good
73673,-248,84,-366,good,good,good
73679,501,-45,-24,good,good,good
73681,-68,307,2,good,good,good
73693,-329,474,174,good,good,good
73699,-138,-100,388,good,good,good
73709,194,-105,68,good,good,good
73721,-4,-78,258,good,good,good
73727,38,-67,283,good,good,good
73751,-57,2,123,good,good,good
73757,134,128,18,good,good,good
73771,53,-228,328,good,good,good
73783,64,-306,268,good,good,good
73819,165,5,229,good,good,good
73823,-330,-386,-421,good,good,good
73847,102,-387,69,good,good,good
73849,294,440,454,good,good,good
73859,364,-175,284,good,good,good
73867,-112,-412,56,good,good,good
73877,-271,453,-10,good,good,good
73883,-282,214,330,good,good,good
73897,422,-202,217,good,good,good
73907,-292,453,-146,good,good,good
73939,-162,420,232,good,good,good
73943,290,-81,396,good,good,good
73951,40,427,-337,good,good,good
73961,-102,312,458,good,good,good
73973,318,-486,-281,good,good,good
73999,-487,410,460,good,good,good
74017,-146,163,136,good,good,good
74021,450,172,299,good,good,good
74027,17,-62,228,good,good,good
74047,-264,28,55,good,good,good
74051,504,-98,-308,good,good,good
74071,392,322,-20,good,good,good
74077,277,-387,36,good,good,good
74093,-226,114,357,good,good,good
74099,-355,-195,-282,good,good,good
74101,170,-298,30,good,good,good
74131,-466,132,167,good,good,good
74143,284,439,-14,good,good,good
74149,101,10,-489,good,good,good
74159,-96,-210,237,good,good,good
74161,-228,-88,466,good,good,good
74167,130,423,-376,good,good,good
74177,-174,-207,-407,good,good,good
74189,507,30,416,good,good,good
74197,65,418,154,good,good,good
74201,297,-448,330,good,good,good
74203,-360,424,-156,good,good,good
74209,-120,-435,130,good,good,good
74219,-136,30,120,good,good,good
74231,453,532,-7,good,good,good
74257,-150,298,82,good,good,good
74279,58,-200,-115,good,good,good
74287,256,28,200,good,good,good
74293,-254,194,-322,good,good,good
74297,-443,-42,-210,good,good,good
74311,184,-238,134,good,good,good
74317,-261,-107,236,good,good,good
74323,76,404,-199,good,good,good
74353,42,259,403,good,good,good
74357,134,18,-458,good,good,good
74363,64,9,117,good,good,good
74377,159,158,-379,good,good,good
74381,-358,-318,-438,good,good,good
74383,288,9,-134,good,good,good
74411,-167,162,483,good,good,good
74413,280,-71,401,good,good,good
74419,403,-160,203,good,good,good
74441,-290,267,-7,good,good,good
74449,-326,75,-457,good,good,good
74453,283,239,176,good,good,good
74471,144,-403,464,good,good,good
74489,86,320,-184,good,good,good
74507,-117,373,236,good,good,good
74509,165,-50,-435,good,good,good
74521,-75,-228,-268,good,good,good
74527,23,-252,330,good,good,good
74531,264,-68,85,good,good,good
74551,25,427,353,good,good,good
74561,-334,162,37,good,good,good
74567,237,63,-73,good,good,good
74573,258,54,90,good,good,good
74587,-228,528,352,good,good,good
74597,-2,-22,74,good,good,good
74609,-450,480,255,good,good,good
74611,-416,-113,-421,good,good,good
74623,184,-26,301,good,good,good
74653,-412,134,-247,good,good,good
74687,-331,398,456,good,good,good
74699,-372,60,-165,good,good,good
74707,-401,238,500,good,good,good
74713,201,414,14,good,good,good
74717,214,-302,236,good,good,good
74719,215,-410,-160,good,good,good
74729,366,270,318,good,good,good
74731,-219,-168,182,good,good,good
74747,71,-232,351,good,good,good
74759,-142,-60,-252,good,good,good
74761,-90,137,19,good,good,good
74771,270,-453,54,good,good,good
74779,446,-295,335,good,good,good
74797,134,-292,142,good,good,good
74821,-119,322,-133,good,good,good
74827,-10,83,-208,good,good,good
74831,-358,207,-135,good,good,good
74843,-240,-156,540,good,good,good
74857,102,-122,77,good,good,good
74861,30,-438,-231,good,good,good
74869,-172,475,285,good,good,good
74873,244,-96,-138,good,good,good
74887,352,388,-414,good,good,good
74891,401,-8,-152,good,good,good
74897,501,418,449,good,good,good
74903,-266,-91,-180,good,good,good
74923,-218,-436,-36,good,good,good
74929,-433,210,-426,good,good,good
74933,-258,-366,-414,good,good,good
74941,-10,17,-302,good,good,good
74959,-179,-325,34,good,good,good
75011,283,112,-417,good,good,good
75013,172,419,483,good,good,good
75017,-204,-522,112,good,good,good
75029,-74,-310,-494,good,good,good
75037,-110,-182,-118,good,good,good
75041,464,342,-321,good,good,good
75079,-96,-175,376,good,good,good
75083,436,354,303,good,good,good
75109,143,85,22,good,good,good
75133,-344,79,64,good,good,good
75149,474,-270,-92,good,good,good
75161,-78,262,-350,good,good,good
75167,54,-167,-42,good,good,good
75169,194,-190,-20,good,good,good
75181,529,232,76,good,good,good
75193,-51,364,46,good,good,good
75209,186,-230,-270,good,good,good
75211,-245,87,-152,good,good,good
75217,505,418,-366,good,good,good
75223,-232,-241,-338,good,good,good
75227,132,-177,147,good,good,good
75239,-132,-460,210,good,good,good
75253,-314,-56,297,good,good,good
75269,-118,-160,-56,good,good,good
75277,-8,393,58,good,good,good
75289,326,305,76,good,good,good
75307,308,308,-83,good,good,good
75323,-108,134,319,good,good,good
75329,-505,-95,431,good,good,good
75337,-184,-167,-263,good,good,good
75347,504,8,19,good,good,good
75353,213,249,339,good,good,good
75367,-178,248,217,good,good,good
75377,-394,-317,-302,good,good,good
75389,-310,180,226,good,good,good
75391,-36,492,-110,good,good,good
75401,-262,352,353,good,good,good
75403,-356,119,-408,good,good,good
75407,417,78,-60,good,good,good
75431,267,-143,0,good,good,good
75437,-198,138,312,good,good,good
75479,-375,60,-153,good,good,good
75503,296,-246,334,good,good,good
75511,204,-288,-160,good,good,good
75521,-95,272,382,good,good,good
75527,172,-72,98,good,good,good
75533,-45,-186,447,good,good,good
75539,-348,-300,420,good,good,good
75541,-130,-83,422,good,good,good
75553,-526,39,201,good,good,good
75557,-5,278,158,good,good,good
75571,-200,-153,128,good,good,good
75577,-272,-282,-161,good,good,good
75583,-66,-76,-97,good,good,good
75611,420,412,234,good,good,good
75617,189,-397,150,good,good,good
75619,80,60,280,good,good,good
75629,426,-250,-380,good,good,good
75641,-516,-383,-467,good,good,good
75653,123,-186,291,good,good,good
75659,444,-65,33,good,good,good
75679,350,430,119,good,good,good
75683,170,129,-340,good,good,good
75689,-368,50,207,good,good,good
75703,-315,-71,260,good,good,good
75707,-72,-12,222,good,good,good
75709,258,-120,360,good,good,good
75721,-174,-28,136,good,good,good
75731,-448,-218,-66,good,good,good
75743,-468,-186,67,good,good,good
75767,56,118,-126,good,good,good
75773,547,34,126,good,good,good
75781,-228,532,-223,good,good,good
75787,-85,98,-28,good,good,good
75793,224,14,173,good,good,good
75797,-21,188,426,good,good,good
75821,24,-203,-48,good,good,good
75833,524,84,-260,good,good,good
75853,-101,524,-314,good,good,good
75869,0,130,452,good,good,good
75883,-89,169,112,good,good,good
75913,111,204,386,good,good,good
75931,420,207,-41,good,good,good
75937,342,-97,288,good,good,good
75941,160,-358,-250,good,good,good
75967,498,168,-177,good,good,good
75979,132,540,180,good,good,good
75983,-6,144,274,good,good,good
75989,-179,490,-298,good,good,good
75991,105,-383,-378,good,good,good
75997,210,-407,133,good,good,good
76001,147,402,-212,good,good,good
76003,-322,-191,-10,good,good,good
76031,-329,-318,125,good,good,good
76039,349,60,-165,good,good,good
76079,-160,360,-230,good,good,good
76081,-375,82,230,good,good,good
76091,372,192,-191,good,good,good
76099,-436,100,-176,good,good,good
76103,-438,-236,27,good,good,good
76123,-12,469,-244,good,good,good
76129,-112,-335,258,good,good,good
76147,97,-347,227,good,good,good
76157,82,-277,-153,good,good,good
76159,314,150,465,good,good,good
76163,78,-386,-468,good,good,good
76207,358,-92,412,good,good,good
76213,35,49,164,good,good,good
76231,343,107,-240,good,good,good
76243,-346,334,-44,good,good,good
76249,-300,-370,-483,good,good,good
76253,258,279,-219,good,good,good
76259,52,330,-106,good,good,good
76261,-90,-263,-463,good,good,good
76283,-133,-276,482,good,good,good
76289,-260,210,-10,good,good,good
76303,-41,-66,-160,good,good,good
76333,-182,-386,212,good,good,good
76343,151,-111,-59,good,good,good
76367,65,123,-24,good,good,good
76369,53,140,-375,good,good,good
76379,-129,-480,-132,good,good,good
76387,176,-227,-116,good,good,good
76403,328,174,-180,good,good,good
76421,-142,447,-252,good,good,good
76423,-206,134,-51,good,good,good
76441,-481,442,-104,good,good,good
76463,-427,54,-180,good,good,good
76471,-182,422,452,good,good,good
76481,120,107,330,good,good,good
76487,338,-447,388,good,good,good
76493,-496,-156,351,good,good,good
76507,-132,328,56,good,good,good
76511,-240,462,368,good,good,good
76519,-381,125,-163,good,good,good
76537,37,138,27,good,good,good
76541,-51,17,142,good,good,good
76543,-341,304,-46,good,good,good
76561,82,-338,538,good,good,good
76579,-39,-440,301,good,good,good
76597,281,138,-186,good,good,good
76603,-40,-346,11,good,good,good
76607,-58,293,150,good,good,good
76631,155,-543,18,good,good,good
76649,166,-150,238,good,good,good
76651,394,-373,-152,good,good,good
76667,-97,278,34,good,good,good
76673,-369,119,134,good,good,good
76679,-54,-360,469,good,good,good
76697,211,153,-123,good,good,good
76717,-93,-97,-408,good,good,good
76733,50,-446,-366,good,good,good
76753,-42,-236,134,good,good,good
76757,150,-292,-132,good,good,good
76771,-356,-78,450,good,good,good
76777,-50,338,-411,good,good,good
76781,394,457,100,good,good,good
76801,-210,252,-227,good,good,good
76819,-508,10,498,good,good,good
76829,-214,-5,-450,good,good,good
76831,340,-368,-36,good,good,good
76837,417,-392,-150,good,good,good
76847,-282,-77,-372,good,good,good
76871,-106,-328,-82,good,good,good
76873,-40,334,450,good,good,good
76883,-72,264,134,good,good,good
76907,105,388,-456,good,good,good
76913,147,439,-348,good,good,good
76919,189,40,-82,good,good,good
76943,-248,259,-480,good,good,good
76949,222,295,-434,good,good,good
76961,230,462,-192,good,good,good
76963,27,244,-100,good,good,good
76991,408,-208,118,good,good,good
77003,54,-401,189,good,good,good
77017,-352,-152,-455,good,good,good
77023,-256,-1,328,good,good,good
77029,356,-200,89,good,good,good
77041,446,-208,349,good,good,good
77047,-318,383,-184,good,good,good
77069,-502,-75,-78,good,good,good
77081,-294,-243,166,good,good,good
77093,-456,-471,-460,good,good,good
77101,51,-398,178,good,good,good
77137,236,443,324,good,good,good
77141,275,217,-198,good,good,good
77153,474,204,-344,good,good,good
77167,88,-362,-390,good,good,good
77171,-23,122,20,good,good,good
77191,-17,-433,397,good,good,good
77201,-16,227,-81,good,good,good
77213,-286,194,348,good,good,good
77237,-2,-432,-330,good,good,good
77239,-220,20,-398,good,good,good
77243,144,369,-92,good,good,good
77249,-478,420,550,good,good,good
77261,96,-188,-219,good,good,good
77263,269,214,80,good,good,good
77267,-168,203,9,good,good,good
77269,-34,185,-289,good,good,good
77279,50,525,288,good,good,good
77291,158,67,-177,good,good,good
77317,-192,-437,47,good,good,good
77323,-155,79,454,good,good,good
77339,-396,225,-312,good,good,good
77347,-382,-322,-12,good,good,good
77351,-147,-48,-356,good,good,good
77359,178,130,-459,good,good,good
77369,300,-390,-215,good,good,good
77377,98,313,446,good,good,good
77383,-159,-376,-520,good,good,good
77417,444,-132,-230,good,good,good
77419,244,-55,366,good,good,good
77431,-23,82,-61,good,good,good
77447,-302,-462,-24,good,good,good
77471,-17,397,410,good,good,good
77477,-475,-507,442,good,good,good
77479,-55,-430,-5,good,good,good
77489,493,-45,-201,good,good,good
77491,-8,292,-479,good,good,good
77509,-296,-35,436,good,good,good
77513,108,294,-101,good,good,good
77521,50,-203,42,good,good,good
77527,439,-122,326,good,good,good
77543,280,124,66,good,good,good
77549,-47,150,38,good,good,good
77551,-8,-48,103,good,good,good
77557,362,48,-124,good,good,good
77563,76,-396,-70,good,good,good
77569,56,300,-428,good,good,good
77573,282,99,-536,good,good,good
77587,-98,-47,-335,good,good,good
77591,96,-408,223,good,good,good
77611,292,-38,36,good,good,good
77617,338,-482,190,good,good,good
77621,-480,197,-170,good,good,good
77641,-230,42,-245,good,good,good
77647,-245,68,-300,good,good,good
77659,-236,-440,-57,good,good,good
77681,198,32,-105,good,good,good
77687,-346,-57,-180,good,good,good
77689,-18,210,146,good,good,good
77699,461,-160,-210,good,good,good
77711,-480,-188,12,good,good,good
77713,188,-321,489,good,good,good
77719,-118,-235,323,good,good,good
77723,-196,-156,-60,good,good,good
77731,-222,-193,12,good,good,good
77743,-338,-96,478,good,good,good
77747,-201,-252,92,good,good,good
77761,-164,-388,-524,good,good,good
77773,-385,169,410,good,good,good
77783,-336,24,-389,good,good,good
77797,-432,-97,-236,good,good,good
77801,-535,477,345,good,good,good
77813,396,-336,-33,good,good,good
77839,-65,345,-550,good,good,good
77849,415,10,327,good,good,good
77863,-132,399,96,good,good,good
77867,-268,-12,435,good,good,good
77893,-62,284,486,good,good,good
77899,346,280,35,good,good,good
77929,265,345,170,good,good,good
77933,153,174,-255,good,good,good
77951,-210,252,88,good,good,good
77969,-497,-30,161,good,good,good
77977,522,-202,-44,good,good,good
77983,376,239,-104,good,good,good
77999,-168,-515,-70,good,good,good
78007,-8,188,278,good,good,good
78017,163,-102,148,good,good,good
78031,-380,182,144,good,good,good
78041,-376,-258,-342,good,good,good
78049,197,370,-199,good,good,good
78059,453,15,114,good,good,good
78079,-383,355,-184,good,good,good
78101,348,-123,-80,good,good,good
78121,-330,22,283,good,good,good
78137,366,253,-421,good,good,good
78139,392,-20,-382,good,good,good
78157,-144,-22,-246,good,good,good
78163,-236,-416,-174,good,good,good
78167,-78,-457,36,good,good,good
78173,74,54,411,good,good,good
78179,318,290,116,good,good,good
78191,-455,167,42,good,good,good
78193,-382,-21,-401,good,good,good
78203,-214,9,502,good,good,good
78229,-119,410,66,good,good,good
78233,-288,-191,-223,good,good,good
78241,526,342,-399,good,good,good
78259,-284,500,-292,good,good,good
78277,408,-347,-392,good,good,good
78283,-556,164,-252,good,good,good
78301,455,-98,29,good,good,good
78307,298,-147,382,good,good,good
78311,532,-138,443,good,good,good
78317,-443,328,-432,good,good,good
78341,-302,92,-222,good,good,good
78347,210,103,20,good,good,good
78367,-207,103,399,good,good,good
78401,294,-473,-84,good,good,good
78427,178,338,-292,good,good,good
78437,-223,228,475,good,good,good
78439,224,325,-430,good,good,good
78467,388,333,-107,good,good,good
78479,390,-255,309,good,good,good
78487,400,-242,379,good,good,good
78497,-510,-227,403,good,good,good
78509,-546,-30,-333,good,good,good
78511,-443,137,-321,good,good,good
78517,233,-232,-188,good,good,good
78539,-405,-210,-268,good,good,good
78541,-499,142,196,good,good,good
78553,-362,494,-119,good,good,good
78569,-272,390,174,good,good,good
78571,-256,-28,-441,good,good,good
78577,59,418,-61,good,good,good
78583,256,184,301,good,good,good
78593,-104,-541,398,good,good,good
78607,-264,-367,-520,good,good,good
78623,-372,234,465,good,good,good
78643,-36,49,223,good,good,good
78649,-160,200,124,good,good,good
78653,97,-251,-432,good,good,good
78691,-16,-358,372,good,good,good
78697,458,358,-263,good,good,good
78707,328,78,-417,good,good,good
78713,300,284,260,good,good,good
78721,-372,-353,-149,good,good,good
78737,-482,138,-139,good,good,good
78779,-66,10,-236,good,good,good
78781,-4,432,362,good,good,good
78787,16,68,1,good,good,good
78791,366,-333,-145,good,good,good
78797,-72,113,252,good,good,good
78803,-444,-546,-516,good,good,good
78809,129,-175,-488,good,good,good
78823,386,194,368,good,good,good
78839,312,-300,300,good,good,good
78853,-22,-111,469,good,good,good
78857,430,303,30,good,good,good
78877,87,-332,288,good,good,good
78887,-117,-232,161,good,good,good
78889,-70,-230,-218,good,good,good
78893,-179,-231,-501,good,good,good
78901,178,-373,85,good,good,good
78919,182,160,158,good,good,good
78929,-244,450,266,good,good,good
78941,16,-258,-430,good,good,good
78977,62,-312,120,good,good,good
78979,433,-370,334,good,good,good
78989,82,225,-468,good,good,good
79031,-201,-18,101,good,good,good
79039,347,-15,-236,good,good,good
79043,212,314,436,good,good,good
79063,324,-426,-296,good,good,good
79087,150,-302,229,good,good,good
79103,-107,294,-150,good,good,good
79111,102,112,268,good,good,good
79133,-407,234,-70,good,good,good
79139,-228,5,-84,good,good,good
79147,-84,368,167,good,good,good
79151,430,-198,187,good,good,good
79153,457,424,-86,good,good,good
79159,367,-185,112,good,good,good
79181,-267,-18,-358,good,good,good
79187,-291,-517,-423,good,good,good
79193,336,-201,-166,good,good,good
79201,21,-98,332,good,good,good
79229,-231,0,-507,good,good,good
79231,-122,232,256,good,good,good
79241,-318,-258,-312,good,good,good
79259,-16,-395,-129,good,good,good
79273,374,454,344,good,good,good
79279,-136,-460,169,good,good,good
79283,478,-106,33,good,good,good
79301,71,252,-195,good,good,good
79309,-500,-340,56,good,good,good
79319,-16,105,-38,good,good,good
79333,112,509,180,good,good,good
79337,410,443,-425,good,good,good
79349,390,-210,-141,good,good,good
79357,-58,-482,-66,good,good,good
79367,-438,138,-209,good,good,good
79379,206,-340,-80,good,good,good
79393,409,-96,-88,good,good,good
79397,146,-302,433,good,good,good
79399,483,425,396,good,good,good
79411,384,-438,159,good,good,good
79423,348,69,136,good,good,good
79427,31,-482,270,good,good,good
79433,464,-276,-342,good,good,good
79451,239,177,471,good,good,good
79481,-152,-318,-27,good,good,good
79493,-70,474,41,good,good,good
79531,-404,207,307,good,good,good
79537,-52,28,-110,good,good,good
79549,287,30,185,good,good,good
79559,37,-220,230,good,good,good
79561,7,187,-557,good,good,good
79579,446,420,-191,good,good,good
79589,-234,10,398,good,good,good
79601,144,-398,247,good,good,good
79609,-340,320,-86,good,good,good
79613,-270,-226,-420,good,good,good
79621,-290,-353,-60,good,good,good
79627,281,-427,88,good,good,good
79631,391,-468,345,good,good,good
79633,-410,314,-407,good,good,good
79657,-422,238,542,good,good,good
79669,158,240,54,good,good,good
79687,317,548,-453,good,good,good
79691,199,-58,-225,good,good,good
79693,-64,134,-223,good,good,good
79697,-487,118,298,good,good,good
79699,385,95,5,good,good,good
79757,42,198,-422,good,good,good
79769,277,350,3,good,good,good
79777,-232,258,64,good,good,good
79801,-88,252,8,good,good,good
79811,-320,262,-52,good,good,good
79813,101,34,-157,good,good,good
79817,-462,-57,-298,good,good,good
79823,-326,154,275,good,good,good
79829,-120,-210,168,good,good,good
79841,30,117,286,good,good,good
79843,35,104,554,good,good,good
79847,-153,293,-269,good,good,good
79861,126,-13,-304,good,good,good
79867,108,-242,332,good,good,good
79873,-309,364,276,good,good,good
79889,-150,-440,275,good,good,good
79901,-332,-48,420,good,good,good
79903,-114,254,358,good,good,good
79907,-102,-332,-426,good,good,good
79939,286,100,422,good,good,good
79943,-316,-246,512,good,good,good
79967,483,428,-282,good,good,good
79973,-69,-31,12,good,good,good
79979,-170,-385,0,good,good,good
79987,-133,-82,530,good,good,good
79997,149,78,-423,good,good,good
79999,220,70,-30,good,good,good
80021,-147,122,378,good,good,good
80039,-300,-80,101,good,good,good
80051,168,252,56,good,good,good
80071,215,422,144,good,good,good
80077,178,88,8,good,good,good
80107,86,113,368,good,good,good
80111,-444,237,434,good,good,good
80141,533,242,-71,good,good,good
80147,558,-452,-501,good,good,good
80149,42,130,-544,good,good,good
80153,171,-416,-55,good,good,good
80167,168,518,114,good,good,good
80173,-78,-41,-304,good,good,good
80177,-280,98,222,good,good,good
80191,33,-233,-48,good,good,good
80207,-432,-112,39,good,good,good
80209,-182,290,-508,good,good,good
80221,-184,447,-183,good,good,good
80231,-268,32,121,good,good,good
80233,272,-416,-301,good,good,good
80239,-114,-445,-130,good,good,good
80251,-98,402,-204,good,good,good
80263,144,-106,-432,good,good,good
80273,-36,84,18,good,good,good
80279,-24,-195,260,good,good,good
80287,-171,-367,57,good,good,good
80309,-72,270,351,good,good,good
80317,-307,348,-214,good,good,good
80329,-294,-500,76,good,good,good
80341,-380,492,-218,good,good,good
80347,-52,-317,-293,good,good,good
80363,417,234,364,good,good,good
80369,496,150,-20,good,good,good
80387,-210,-12,426,good,good,good
80407,-140,468,-52,good,good,good
80429,-78,310,-98,good,good,good
80447,-256,113,-216,good,good,good
80449,-238,90,335,good,good,good
80471,-473,422,-224,good,good,good
80473,100,-556,-266,good,good,good
80489,10,-350,66,good,good,good
80491,508,167,394,good,good,good
80513,261,-131,-282,good,good,good
80527,2,118,-375,good,good,good
80537,-15,-432,108,good,good,good
80557,-342,-127,-406,good,good,good
80567,-500,453,349,good,good,good
80599,64,110,-84,good,good,good
80603,0,564,57,good,good,good
80611,532,-113,480,good,good,good
80621,-120,372,176,good,good,good
80627,121,-162,342,good,good,good
80629,500,-420,-203,good,good,good
80651,211,-348,360,good,good,good
80657,-69,-62,-168,good,good,good
80669,385,210,-106,good,good,good
80671,-211,-128,-286,good,good,good
80677,-368,-362,-202,good,good,good
80681,262,232,186,good,good,good
80683,66,-476,138,good,good,good
80687,456,-42,191,good,good,good
80701,350,127,55,good,good,good
80713,-25,-476,-130,good,good,good
80737,442,148,154,good,good,good
80747,294,-112,-220,good,good,good
80749,-50,85,-240,good,good,good
80761,193,62,24,good,good,good
80777,-234,518,-420,good,good,good
80779,306,-30,175,good,good,good
80783,233,184,-223,good,good,good
80789,-108,255,40,good,good,good
80803,-142,274,-526,good,good,good
80809,-189,-310,-494,good,good,good
80819,-413,80,79,good,good,good
80831,-10,357,-131,good,good,good
80833,166,-231,159,good,good,good
80849,269,-50,231,good,good,good
80863,336,254,-221,good,good,good
80897,-94,-17,-156,good,good,good
80909,-142,-370,494,good,good,good
80911,538,-188,119,good,good,good
80917,-244,-82,-397,good,good,good
80923,113,454,-137,good,good,good
80929,50,-60,191,good,good,good
80933,-18,144,222,good,good,good
80953,-405,459,-177,good,good,good
80963,-87,484,-184,good,good,good
80989,-266,460,58,good,good,good
81001,-376,352,-204,good,good,good
81013,526,479,404,good,good,good
81017,142,-62,412,good,good,good
81019,-385,-185,144,good,good,good
81023,-104,244,209,good,good,good
81031,85,-193,-177,good,good,good
81041,345,-33,-30,good,good,good
81043,2,-296,116,good,good,good
81047,198,148,372,good,good,good
81049,252,450,85,good,good,good
81071,-425,72,240,good,good,good
81077,-514,18,-444,good,good,good
81083,-156,74,499,good,good,good
81097,327,278,108,good,good,good
81101,311,-23,-230,good,good,good
81119,104,-140,400,good,good,good
81131,-44,-168,-422,good,good,good
81157,-102,-142,-157,good,good,good
81163,-74,-151,550,good,good,good
81173,-136,-271,76,good,good,good
81181,-259,-443,125,good,good,good
81197,164,-522,-302,good,good,good
81199,289,-370,-29,good,good,good
81203,-289,-121,192,good,good,good
81223,-130,24,-520,good,good,good
81233,486,349,-235,good,good,good
81239,-186,-40,-323,good,good,good
81281,66,-468,63,good,good,good
81283,408,-511,-308,good,good,good
81293,18,139,288,good,good,good
81299,15,-15,4,good,good,good
81307,72,288,-20,good,good,good
81331,-64,-18,25,good,good,good
81343,-536,309,-231,good,good,good
81349,-208,545,184,good,good,good
81353,-186,-226,-357,good,good,good
81359,-3,165,100,good,good,good
81371,-440,47,260,good,good,good
81373,227,434,-294,good,good,good
81401,303,-198,-390,good,good,good
81409,-262,45,-430,good,good,good
81421,-250,-128,522,good,good,good
81439,-240,-20,-34,good,good,good
81457,254,-472,62,good,good,good
81463,384,134,24,good,good,good
81509,20,410,490,good,good,good
81517,-398,-92,-253,good,good,good
81527,352,308,-362,good,good,good
81533,116,-66,-221,good,good,good
81547,163,-212,-163,good,good,good
81551,560,202,228,good,good,good
81553,116,404,87,good,good,good
81559,-347,-175,38,good,good,good
81563,-138,-21,451,good,good,good
81569,-135,-535,-402,good,good,good
81611,28,-38,155,good,good,good
81619,68,370,334,good,good,good
81629,441,65,-318,good,good,good
81637,362,268,30,good,good,good
81647,-287,-72,-30,good,good,good
81649,-494,-230,-93,good,good,good
81667,-218,303,452,good,good,good
81671,-312,-228,139,good,good,good
81677,306,198,481,good,good,good
81689,315,95,-261,good,good,good
81701,58,-373,119,good,good,good
81703,359,264,304,good,good,good
81707,273,-342,-209,good,good,good
81727,-326,-162,260,good,good,good
81737,-498,-372,2,good,good,good
81749,377,480,170,good,good,good
81761,75,-38,438,good,good,good
81769,367,-190,287,good,good,good
81773,-179,224,-156,good,good,good
81799,-474,-95,-2,good,good,good
81817,-201,-182,461,good,good,good
81839,-312,40,178,good,good,good
81847,268,-312,-141,good,good,good
81853,57,44,-338,good,good,good
81869,-150,140,-106,good,good,good
81883,-222,84,164,good,good,good
81899,84,420,364,good,good,good
81901,50,52,291,good,good,good
81919,-347,130,-70,good,good,good
81929,-93,330,-413,good,good,good
81931,-368,-293,392,good,good,good
81937,16,-17,37,good,good,good
81943,8,49,-64,good,good,good
81953,242,-151,-464,good,good,good
81967,285,248,529,good,good,good
81971,-436,472,116,good,good,good
81973,300,-101,-37,good,good,good
82003,223,244,101,good,good,good
82007,-452,228,414,good,good,good
82009,-8,-445,-326,good,good,good
82013,77,-216,533,good,good,good
82021,230,-353,35,good,good,good
82031,-494,-243,302,good,good,good
82037,-180,-12,375,good,good,good
82039,283,-60,302,good,good,good
82051,256,202,61,good,good,good
82067,-423,408,442,good,good,good
82073,77,114,-534,good,good,good
82129,369,335,-230,good,good,good
82139,171,-150,-128,good,good,good
82141,-262,342,190,good,good,good
82153,154,-411,475,good,good,good
82163,558,69,-468,good,good,good
82171,-140,72,278,good,good,good
82183,446,424,-278,good,good,good
82189,-334,220,-244,good,good,good
82193,169,-306,-279,good,good,good
82207,-296,-277,-408,good,good,good
82217,351,3,64,good,good,good
82219,56,-115,-316,good,good,good
82223,-8,-211,-161,good,good,good
82231,18,32,368,good,good,good
82237,-442,-237,-106,good,good,good
82241,357,42,-8,good,good,good
82261,-170,462,-290,good,good,good
82267,212,388,-112,good,good,good
82279,88,-270,-204,good,good,good
82301,-52,302,-172,good,good,good
82307,516,213,338,good,good,good
82339,-314,-265,232,good,good,good
82349,-34,-195,545,good,good,good
82351,-248,-423,-263,good,good,good
82361,-417,337,-192,good,good,good
82373,201,-466,-114,good,good,good
82387,103,148,8,good,good,good
82393,-298,339,-104,good,good,good
82421,-340,47,266,good,good,good
82457,-207,158,74,good,good,good
82463,-381,94,168,good,good,good
82469,-207,330,299,good,good,good
82471,-106,347,-140,good,good,good
82483,-187,169,430,good,good,good
82487,-194,-67,483,good,good,good
82493,-326,-351,-102,good,good,good
82499,271,150,-518,good,good,good
82507,15,348,68,good,good,good
82529,-246,300,-82,good,good,good
82531,-429,-443,-268,good,good,good
82549,70,490,-474,good,good,good
82559,472,480,-209,good,good,good
82561,-126,-238,-413,good,good,good
82567,-160,-407,71,good,good,good
82571,-38,-53,-264,good,good,good
82591,-125,367,-404,good,good,good
82601,258,102,-495,good,good,good
82609,-103,-140,114,good,good,good
82613,-534,534,-144,good,good,good
82619,-324,5,-216,good,good,good
82633,-255,559,-104,good,good,good
82651,287,2,-380,good,good,good
82657,-235,18,464,good,good,good
82699,140,-125,-108,good,good,good
82721,57,-478,306,good,good,good
82723,-139,-81,198,good,good,good
82727,276,-382,342,good,good,good
82729,301,-35,-346,good,good,good
82757,-6,123,-113,good,good,good
82759,-159,-150,134,good,good,good
82763,68,-386,-389,good,good,good
82781,-150,132,333,good,good,good
82787,468,213,-68,good,good,good
82793,-54,174,297,good,good,good
82799,-31,10,-80,good,good,good
82811,-96,-313,388,good,good,good
82813,-431,-401,-474,good,good,good
82837,-286,378,406,good,good,good
82847,336,-172,-102,good,good,good
82883,27,-276,-166,good,good,good
82889,177,-165,-348,good,good,good
82891,-87,92,-368,good,good,good
82903,-266,-116,-448,good,good,good
82913,207,524,-48,good,good,good
82939,480,90,224,good,good,good
82963,-157,-311,-177,good,good,good
82981,362,382,-70,good,good,good
82997,24,318,-353,good,good,good
83003,-279,24,-242,good,good,good
83009,68,65,546,good,good,good
83023,226,-116,-224,good,good,good
83047,-32,8,-350,good,good,good
83059,-320,-305,-63,good,good,good
83063,-44,-46,-271,good,good,good
83071,-260,-78,-120,good,good,good
83077,-82,33,-82,good,good,good
83089,344,280,-511,good,good,good
83093,213,-106,-526,good,good,good
83101,451,-148,-464,good,good,good
83117,44,-107,33,good,good,good
83137,-344,238,-222,good,good,good
83177,-319,-42,294,good,good,good
83203,-149,-96,-442,good,good,good
83207,124,-507,180,good,good,good
83219,274,440,112,good,good,good
83221,-122,22,271,good,good,good
83227,-262,-447,123,good,good,good
83231,318,407,126,good,good,good
83233,288,314,-33,good,good,good
83243,-44,204,-96,good,good,good
83257,315,-197,15,good,good,good
83267,-198,-72,-36,good,good,good
83269,182,-280,182,good,good,good
83273,-462,-381,-288,good,good,good
83299,-183,20,486,good,good,good
83311,-104,-438,-491,good,good,good
83339,-396,-180,252,good,good,good
83341,364,242,-371,good,good,good
83357,351,258,399,good,good,good
83383,-302,29,-229,good,good,good
83389,331,-325,-437,good,good,good
83399,-136,30,-280,good,good,good
83401,-465,-398,14,good,good,good
83407,144,-212,-286,good,good,good
83417,-552,58,57,good,good,good
83423,159,474,-396,good,good,good
83431,328,182,52,good,good,good
83437,444,408,-242,good,good,good
83443,-516,64,472,good,good,good
83449,-542,405,128,good,good,good
83459,120,120,65,good,good,good
83471,-516,272,-353,good,good,good
83477,-324,323,394,good,good,good
83497,174,-112,-70,good,good,good
83537,303,23,-330,good,good,good
83557,295,33,539,good,good,good
83561,472,37,-385,good,good,good
83563,106,-306,-498,good,good,good
83579,99,405,372,good,good,good
83591,-156,-458,-451,good,good,good
83597,-96,-242,342,good,good,good
83609,285,445,20,good,good,good
83617,-39,98,20,good,good,good
83621,-485,-378,-240,good,good,good
83639,444,-20,156,good,good,good
83641,143,42,-98,good,good,good
83653,430,494,-124,good,good,good
83663,-342,-216,288,good,good,good
83689,-216,565,-279,good,good,good
83701,-394,-148,-67,good,good,good
83717,122,158,18,good,good,good
83719,267,5,-126,good,good,good
83737,128,43,241,good,good,good
83761,-161,112,274,good,good,good
83773,-314,-356,-156,good,good,good
83777,402,-147,-173,good,good,good
83791,-44,117,72,good,good,good
83813,-94,-381,258,good,good,good
83833,-341,174,-134,good,good,good
83843,-173,144,-303,good,good,good
83857,-62,-402,-80,good,good,good
83869,-289,385,280,good,good,good
83873,296,189,560,good,good,good
83891,35,-183,444,good,good,good
83903,36,-86,-447,good,good,good
83911,-322,237,-400,good,good,good
83921,-400,-228,500,good,good,good
83933,-50,-21,258,good,good,good
83939,516,375,255,good,good,good
83969,519,60,18,good,good,good
83983,-243,-401,5,good,good,good
83987,60,-142,96,good,good,good
84011,-345,12,-144,good,good,good
84017,63,-32,-57,good,good,good
84047,70,-412,192,good,good,good
84053,-9,94,-368,good,good,good
84059,364,-360,436,good,good,good
84061,-41,312,200,good,good,good
84067,-172,323,-218,good,good,good
84089,490,-270,26,good,good,good
84121,200,422,-94,good,good,good
84127,-5,-372,448,good,good,good
84131,-363,-243,510,good,good,good
84137,54,-317,-431,good,good,good
84143,-238,-401,-563,good,good,good
84163,451,-96,184,good,good,good
84179,-365,250,190,good,good,good
84181,-126,-343,130,good,good,good
84191,333,42,-264,good,good,good
84199,92,440,189,good,good,good
84211,37,162,-172,good,good,good
84221,-354,297,-102,good,good,good
84223,-483,404,36,good,good,good
84229,278,190,421,good,good,good
84239,-41,15,-216,good,good,good
84247,-208,-207,448,good,good,good
84263,326,384,289,good,good,good
84299,270,90,-39,good,good,good
84307,23,-532,-511,good,good,good
84313,-374,-21,301,good,good,good
84317,-38,-162,279,good,good,good
84319,121,-85,377,good,good,good
84347,-66,198,295,good,good,good
84349,-286,325,169,good,good,good
84377,462,318,426,good,good,good
84389,332,170,-198,good,good,good
84391,74,42,4,good,good,good
84401,-475,-123,462,good,good,good
84407,-520,323,183,good,good,good
84421,266,-428,-52,good,good,good
84431,501,232,-472,good,good,good
84437,323,-337,-45,good,good,good
84443,492,124,499,good,good,good
84449,132,260,389,good,good,good
84457,386,-242,-330,good,good,good
84463,196,-376,-456,good,good,good
84467,-483,-137,243,good,good,good
84481,-298,-218,-162,good,good,good
84499,-135,530,-93,good,good,good
84503,196,-21,88,good,good,good
84509,470,-370,346,good,good,good
84521,168,372,172,good,good,good
84523,574,-76,378,good,good,good
84533,-386,-251,255,good,good,good
84551,140,427,510,good,good,good
84559,-542,-330,530,good,good,good
84589,-281,440,145,good,good,good
84629,-75,-130,-229,good,good,good
84631,195,532,220,good,good,good
84649,195,-105,266,good,good,good
84653,353,-76,234,good,good,good
84659,-435,-60,-335,good,good,good
84673,334,34,281,good,good,good
84691,-234,442,209,good,good,good
84697,158,58,-124,good,good,good
84701,30,-473,-282,good,good,good
84713,42,-246,226,good,good,good
84719,200,150,230,good,good,good
84731,24,257,-32,good,good,good
84737,3,-547,-183,good,good,good
84751,-131,-48,-160,good,good,good
84761,514,-438,271,good,good,good
84787,388,388,-242,good,good,good
84793,305,-171,-126,good,good,good
84809,-124,260,246,good,good,good
84811,361,-213,337,good,good,good
84827,-36,-242,88,good,good,good
84857,483,518,278,good,good,good
84859,-504,300,370,good,good,good
84869,186,15,-297,good,good,good
84871,445,-78,-53,good,good,good
84913,386,-206,149,good,good,good
84919,-464,-130,197,good,good,good
84947,164,228,416,good,good,good
84961,-207,-338,95,good,good,good
84967,408,153,322,good,good,good
84977,9,548,-146,good,good,good
84979,-281,-300,-302,good,good,good
84991,-352,392,556,good,good,good
85009,-22,35,330,good,good,good
85021,-40,22,230,good,good,good
85027,-343,-462,-125,good,good,good
85037,317,-122,6,good,good,good
85049,-290,30,235,good,good,good
85061,376,-263,218,good,good,good
85081,64,-568,116,good,good,good
85087,-18,-442,-32,good,good,good
85091,148,142,401,good,good,good
85093,233,-136,280,good,good,good
85103,-445,-416,-444,good,good,good
85109,-35,270,154,good,good,good
85121,-15,222,110,good,good,good
85133,-302,114,387,good,good,good
85147,453,-112,548,good,good,good
85159,-182,140,-274,good,good,good
85193,108,34,96,good,good,good
85199,-240,245,-300,good,good,good
85201,-243,-98,-396,good,good,good
85213,56,94,88,good,good,good
85223,-240,-366,-222,good,good,good
85229,-66,-270,-190,good,good,good
85237,62,-317,-347,good,good,good
85243,400,-1,76,good,good,good
85247,352,358,-508,good,good,good
85259,368,120,-513,good,good,good
85297,287,158,-1,good,good,good
85303,526,144,-164,good,good,good
85313,390,-166,-69,good,good,good
85331,268,257,-461,good,good,good
85333,-429,144,-171,good,good,good
85361,292,-113,140,good,good,good
85363,447,-516,-164,good,good,good
85369,-209,-470,-101,good,good,good
85381,-192,332,134,good,good,good
85411,88,-88,405,good,good,good
85427,-100,428,-396,good,good,good
85429,155,-165,384,good,good,good
85439,504,-400,-183,good,good,good
85447,-208,-52,-283,good,good,good
85451,-200,427,403,good,good,good
85453,64,214,-69,good,good,good
85469,-535,320,-54,good,good,good
85487,-504,-432,156,good,good,good
85513,-244,414,285,good,good,good
85517,-33,78,174,good,good,good
85523,232,489,96,good,good,good
85531,-490,-218,256,good,good,good
85549,-408,-240,246,good,good,good
85571,243,-378,228,good,good,good
85577,77,-462,-440,good,good,good
85597,129,-72,329,good,good,good
85601,-276,302,-120,good,good,good
85607,-33,513,-382,good,good,good
85619,171,260,492,good,good,good
85621,-571,-478,-271,good,good,good
85627,-45,188,152,good,good,good
85639,-376,185,301,good,good,good
85643,415,564,351,good,good,good
85661,-288,-363,-345,good,good,good
85667,119,-432,423,good,good,good
85669,-54,245,-320,good,good,good
85691,132,-183,-348,good,good,good
85703,-469,294,12,good,good,good
85711,-294,-238,554,good,good,good
85717,-291,-77,-139,good,good,good
85733,-186,-316,201,good,good,good
85751,542,-48,-173,good,good,good
85781,118,-118,-170,good,good,good
85793,249,174,-41,good,good,good
85817,-136,48,312,good,good,good
85819,-324,-300,-140,good,good,good
85829,169,-300,-353,good,good,good
85831,103,457,-540,good,good,good
85837,158,53,116,good,good,good
85843,33,-206,360,good,good,good
85847,348,-117,253,good,good,good
85853,444,19,462,good,good,good
85889,-365,65,251,good,good,good
85903,492,59,289,good,good,good
85909,-220,-140,356,good,good,good
85931,-348,432,398,good,good,good
85933,-44,34,290,good,good,good
85991,-393,67,-18,good,good,good
85999,387,-125,-333,good,good,good
86011,-2,362,277,good,good,good
86017,220,28,-260,good,good,good
86027,94,468,289,good,good,good
86029,225,-35,-400,good,good,good
86069,279,-315,262,good,good,good
86077,296,-52,-88,good,good,good
86083,-332,254,460,good,good,good
86111,-408,-313,-468,good,good,good
86113,-296,-101,142,good,good,good
86117,-108,238,398,good,good,good
86131,160,-143,-8,good,good,good
86137,225,-122,377,good,good,good
86143,73,-116,-6,good,good,good
86161,-201,-13,-494,good,good,good
86171,510,-378,-300,good,good,good
86179,-344,45,-156,good,good,good
86183,-336,-276,65,good,good,good
86197,-472,173,292,good,good,good
86201,-3,-73,-190,good,good,good
86209,293,-130,-298,good,good,good
86239,18,190,259,good,good,good
86243,-501,364,122,good,good,good
86249,-538,335,272,good,good,good
86257,-235,388,-488,good,good,good
86263,-80,289,523,good,good,good
86269,-242,40,-114,good,good,good
86287,61,-427,-406,good,good,good
86291,435,-208,317,good,good,good
86293,-157,-41,-495,good,good,good
86297,-344,-82,-106,good,good,good
86311,121,187,134,good,good,good
86323,40,384,5,good,good,good
86341,-148,-508,-158,good,good,good
86351,-289,-523,-80,good,good,good
86353,-46,-226,469,good,good,good
86357,458,98,-449,good,good,good
86369,331,-150,-438,good,good,good
86371,212,472,347,good,good,good
86381,-32,-393,60,good,good,good
86389,310,380,-16,good,good,good
86399,-108,240,-5,good,good,good
86413,174,134,198,good,good,good
86423,105,354,-504,good,good,good
86441,-517,-283,380,good,good,good
86453,350,-141,10,good,good,good
86461,558,287,130,good,good,good
86467,-76,208,-386,good,good,good
86477,210,258,277,good,good,good
86491,-408,267,179,good,good,good
86501,-64,-198,-318,good,good,good
86509,-38,525,290,good,good,good
86531,-219,332,17,good,good,good
86533,354,464,-186,good,good,good
86539,408,-450,337,good,good,good
86561,174,462,-44,good,good,good
86573,1,-381,322,good,good,good
86579,-309,-135,265,good,good,good
86587,-553,-282,-80,good,good,good
86599,14,-430,522,good,good,good
86627,21,-552,-55,good,good,good
86629,-38,250,-86,good,good,good
86677,-72,138,-424,good,good,good
86689,-14,250,-19,good,good,good
86693,-262,434,-254,good,good,good
86711,-438,312,-549,good,good,good
86719,-104,-140,-400,good,good,good
86729,-281,395,90,good,good,good
86743,-430,-286,497,good,good,good
86753,-349,-466,97,good,good,good
86767,340,318,-107,good,good,good
86771,-570,-403,357,good,good,good
86783,92,89,165,good,good,good
86813,-169,-111,-162,good,good,good
86837,-284,298,326,good,good,good
86843,-91,484,331,good,good,good
86851,415,352,56,good,good,good
86857,292,83,126,good,good,good
86861,276,-363,-231,good,good,good
86869,167,-20,-201,good,good,good
86923,187,-276,-188,good,good,good
86927,-462,-492,403,good,good,good
86929,34,150,100,good,good,good
86939,-95,380,410,good,good,good
86951,383,-498,514,good,good,good
86959,-221,-345,-400,good,good,good
86969,30,25,444,good,good,good
86981,204,182,570,good,good,good
86993,-16,429,-251,good,good,good
87011,26,237,-256,good,good,good
87013,139,209,410,good,good,good
87037,478,343,353,good,good,good
87041,486,-158,174,good,good,good
87049,-19,-360,-370,good,good,good
87071,93,-278,-177,good,good,good
87083,-330,464,-404,good,good,good
87103,392,-536,200,good,good,good
87107,-273,-347,264,good,good,good
87119,-101,370,221,good,good,good
87121,542,-103,-352,good,good,good
87133,86,524,-294,good,good,good
87149,-400,470,306,good,good,good
87151,45,-273,-500,good,good,good
87179,300,-25,470,good,good,good
87181,430,132,222,good,good,good
87187,172,413,-340,good,good,good
87211,-136,37,-58,good,good,good
87221,395,-278,154,good,good,good
87223,-304,-221,-419,good,good,good
87251,102,552,266,good,good,good
87253,-159,-221,169,good,good,good
87257,69,113,-183,good,good,good
87277,318,113,-526,good,good,good
87281,210,282,-90,good,good,good
87293,195,-286,179,good,good,good
87299,-349,205,-120,good,good,good
87313,-571,174,522,good,good,good
87317,10,318,-325,good,good,good
87323,279,-441,85,good,good,good
87337,588,-452,28,good,good,good
87359,-218,-110,-528,good,good,good
87383,-144,-116,339,good,good,good
87403,-80,524,-416,good,good,good
87407,-470,-267,174,good,good,good
87421,-9,322,-186,good,good,good
87427,145,-522,-558,good,good,good
87433,-204,394,-30,good,good,good
87443,-132,-76,-160,good,good,good
87473,-390,-351,114,good,good,good
87481,-298,-343,353,good,good,good
87491,90,-258,-552,good,good,good
87509,-365,-345,270,good,good,good
87511,-130,62,-148,good,good,good
87517,97,418,430,good,good,good
87523,-70,-196,-48,good,good,good
87539,225,-185,-498,good,good,good
87541,354,417,-379,good,good,good
87547,210,-432,136,good,good,good
87553,309,-41,65,good,good,good
87557,182,218,414,good,good,good
87559,-22,360,-194,good,good,good
87583,-277,-391,289,good,good,good
87587,108,-32,-188,good,good,good
87589,162,-40,322,good,good,good
87613,130,179,450,good,good,good
87623,231,44,-266,good,good,good
87629,232,-490,64,good,good,good
87631,-94,-443,125,good,good,good
87641,583,-183,370,good,good,good
87643,65,304,40,good,good,good
87649,151,-350,-370,good,good,good
87671,-234,-303,252,good,good,good
87679,-481,515,38,good,good,good
87683,189,-126,-510,good,good,good
87691,84,-58,-459,good,good,good
87697,-82,78,-456,good,good,good
87701,-39,477,215,good,good,good
87719,-514,-40,350,good,good,good
87721,-82,-28,-426,good,good,good
87739,548,320,208,good,good,good
87743,-93,74,-181,good,good,good
87751,-10,527,196,good,good,good
87767,336,288,-174,good,good,good
87793,-58,384,-199,good,good,good
87797,-63,-172,297,good,good,good
87803,590,404,36,good,good,good
87811,-32,-88,56,good,good,good
87833,-446,-1,345,good,good,good
87853,-340,-466,70,good,good,good
87869,-90,-155,-539,good,good,good
87877,-136,323,336,good,good,good
87881,-72,282,-460,good,good,good
87887,-319,148,-472,good,good,good
87911,420,-138,258,good,good,good
87917,204,-2,-116,good,good,good
87931,-18,-218,-95,good,good,good
87943,-400,309,-48,good,good,good
87959,189,240,-231,good,good,good
87961,217,-463,-252,good,good,good
87973,-126,-316,-358,good,good,good
87977,11,478,477,good,good,good
87991,-300,-558,179,good,good,good
88001,234,27,-574,good,good,good
88003,-186,299,290,good,good,good
88007,-129,-202,-168,good,good,good
88019,235,550,120,good,good,good
88037,-72,303,-224,good,good,good
88069,-90,375,-370,good,good,good
88079,-286,90,-60,good,good,good
88093,-465,-371,-13,good,good,good
88117,346,508,264,good,good,good
88129,-88,260,114,good,good,good
88169,288,-435,-328,good,good,good
88177,390,203,-178,good,good,good
88211,25,-438,-58,good,good,good
88223,84,-431,579,good,good,good
88237,-26,368,423,good,good,good
88241,-194,-558,-590,good,good,good
88259,-30,0,57,good,good,good
88261,-58,-38,-5,good,good,good
88289,-306,-555,40,good,good,good
88301,-6,2,126,good,good,good
88321,396,-78,228,good,good,good
88327,152,438,72,good,good,good
88337,-12,-372,540,good,good,good
88339,572,-25,-76,good,good,good
88379,126,-155,189,good,good,good
88397,-67,223,-525,good,good,good
88411,68,287,-170,good,good,good
88423,45,209,-469,good,good,good
88427,287,48,-50,good,good,good
88463,-33,589,310,good,good,good
88469,184,-260,-78,good,good,good
88471,-104,472,-443,good,good,good
88493,318,259,-28,good,good,good
88499,-298,-280,-276,good,good,good
88513,-162,-206,-85,good,good,good
88523,-306,-416,424,good,good,good
88547,-116,-342,-26,good,good,good
88589,235,530,-436,good,good,good
88591,260,292,560,good,good,good
88607,-324,278,-72,good,good,good
88609,106,-70,38,good,good,good
88643,87,-21,-147,good,good,good
88651,-533,-448,0,good,good,good
88657,356,68,-463,good,good,good
88661,249,162,-132,good,good,good
88663,320,359,-368,good,good,good
88667,-244,8,236,good,good,good
88681,340,-568,235,good,good,good
88721,228,72,228,good,good,good
88729,-23,-215,548,good,good,good
88741,-280,-533,-58,good,good,good
88747,-228,148,55,good,good,good
88771,-12,172,-119,good,good,good
88789,-111,-480,-273,good,good,good
88793,425,-6,-92,good,good,good
88799,75,-80,-58,good,good,good
88801,-142,-573,-78,good,good,good
88807,-520,573,326,good,good,good
88811,156,112,-75,good,good,good
88813,-128,-436,-182,good,good,good
88817,70,178,-210,good,good,good
88819,36,135,31,good,good,good
88843,278,-476,164,good,good,good
88853,-171,-36,282,good,good,good
88861,280,-238,-213,good,good,good
88867,-228,-337,83,good,good,good
88873,119,-71,-225,good,good,good
88883,-87,479,-396,good,good,good
88897,-590,-272,-89,good,good,good
88903,-200,304,376,good,good,good
88919,-380,360,346,good,good,good
88937,517,-92,-3,good,good,good
88951,305,-248,-8,good,good,good
88969,-503,-205,-85,good,good,good
88993,298,89,78,good,good,good
88997,102,388,576,good,good,good
89003,-524,44,247,good,good,good
89009,-480,90,418,good,good,good
89017,412,-377,-569,good,good,good
89021,-254,247,-360,good,good,good
89041,508,-8,102,good,good,good
89051,70,252,-252,good,good,good
89057,-436,-17,-151,good,good,good
89069,161,180,578,good,good,good
89071,503,-528,-18,good,good,good
89083,-174,219,140,good,good,good
89087,109,33,-463,good,good,good
89101,4,-98,-282,good,good,good
89107,511,-152,200,good,good,good
89113,192,-196,-56,good,good,good
89119,574,150,188,good,good,good
89123,52,-201,147,good,good,good
89137,83,53,-334,good,good,good
89153,-38,294,246,good,good,good
89189,-270,315,-114,good,good,good
89203,21,109,245,good,good,good
89209,-390,-290,194,good,good,good
89213,-306,309,-12,good,good,good
89227,-530,-392,244,good,good,good
89231,-406,-468,-257,good,good,good
89237,66,-157,-134,good,good,good
89261,94,262,37,good,good,good
89269,-294,490,-10,good,good,good
89273,-310,444,46,good,good,good
89293,-377,404,-292,good,good,good
89303,-296,39,-192,good,good,good
89317,177,128,-26,good,good,good
89329,297,-310,-173,good,good,good
89363,590,414,222,good,good,good
89371,369,-478,-481,good,good,good
89381,-471,-268,402,good,good,good
89387,-332,-212,-200,good,good,good
89393,-297,-126,261,good,good,good
89399,-159,-190,-222,good,good,good
89413,275,-126,304,good,good,good
89417,81,-62,-52,good,good,good
89431,454,232,-592,good,good,good
89443,-18,-166,-294,good,good,good
89449,18,80,-288,good,good,good
89459,589,-220,-459,good,good,good
89477,-281,-162,-37,good,good,good
89491,-176,42,58,good,good,good
89501,482,402,-54,good,good,good
89513,-58,474,-230,good,good,good
89519,-428,-255,237,good,good,good
89521,376,-153,230,good,good,good
89527,-192,-477,-332,good,good,good
89533,-258,-311,54,good,good,good
89561,102,-88,65,good,good,good
89563,530,-236,-161,good,good,good
89567,341,423,399,good,good,good
89591,-242,92,591,good,good,good
89597,-198,-132,-427,good,good,good
89599,304,-5,-481,good,good,good
89603,149,374,-387,good,good,good
89611,-288,-163,-516,good,good,good
89627,-68,-72,201,good,good,good
89633,-546,519,120,good,good,good
89653,260,-251,-415,good,good,good
89657,198,348,-202,good,good,good
89659,298,-380,-144,good,good,good
89669,-210,-150,-362,good,good,good
89671,496,-478,448,good,good,good
89681,-85,107,369,good,good,good
89689,10,280,-300,good,good,good
89753,574,-141,454,good,good,good
89759,-224,-190,-377,good,good,good
89767,150,-142,332,good,good,good
89779,84,560,-125,good,good,good
89783,-343,209,-536,good,good,good
89797,92,238,41,good,good,good
89809,145,25,144,good,good,good
89819,310,-160,-196,good,good,good
89821,-14,422,-28,good,good,good
89833,61,-386,220,good,good,good
89839,401,-250,472,good,good,good
89849,392,-150,398,good,good,good
89867,-72,-172,356,good,good,good
89891,-30,-358,400,good,good,good
89897,298,-297,94,good,good,good
89899,188,170,-126,good,good,good
89909,-530,-400,6,good,good,good
89917,442,-347,-483,good,good,good
89923,-154,89,204,good,good,good
89939,18,-405,-405,good,good,good
89959,-64,135,177,good,good,good
89963,460,399,-28,good,good,good
89977,5,-62,-42,good,good,good
89983,211,104,174,good,good,good
89989,-136,-450,76,good,good,good
90001,208,2,46,good,good,good
90007,446,-312,388,good,good,good
90011,309,-388,-30,good,good,good
90017,18,-267,-432,good,good,good
90019,100,110,326,good,good,good
90023,392,-126,37,good,good,good
90031,-77,432,-338,good,good,good
90053,582,-166,-300,good,good,good
90059,229,220,502,good,good,good
90067,-413,218,-31,good,good,good
90071,-314,-203,88,good,good,good
90073,458,359,-137,good,good,good
90089,144,90,261,good,good,good
90107,-523,588,555,good,good,good
90121,-267,97,381,good,good,good
90127,-482,368,407,good,good,good
90149,-152,45,-259,good,good,good
90163,-24,-256,93,good,good,good
90173,-291,-216,-324,good,good,good
90187,-272,-117,342,good,good,good
90191,100,192,126,good,good,good
90197,171,408,-140,good,good,good
90199,-403,200,-104,good,good,good
90203,-372,149,549,good,good,good
90217,-281,-2,-144,good,good,good
90227,-144,-267,0,good,good,good
90239,321,-520,-75,good,good,good
90247,-112,283,152,good,good,good
90263,-130,-266,-392,good,good,good
90271,112,347,114,good,good,good
90281,-111,-218,-382,good,good,good
90289,-97,-485,-317,good,good,good
90313,-414,-91,27,good,good,good
90353,-457,354,42,good,good,good
90359,-282,-175,171,good,good,good
90371,-212,372,96,good,good,good
90373,-284,-306,-95,good,good,good
90379,235,60,-522,good,good,good
90397,90,-302,428,good,good,good
90401,15,-373,15,good,good,good
90403,149,-161,-216,good,good,good
90407,545,-72,549,good,good,good
90437,369,-282,184,good,good,good
90439,-531,-180,-226,good,good,good
90469,71,310,138,good,good,good
90473,-360,339,-373,good,good,good
90481,-505,-18,46,good,good,good
90499,121,-340,266,good,good,good
90511,8,-363,-82,good,good,good
90523,-437,129,325,good,good,good
90527,411,-312,-198,good,good,good
90529,274,80,180,good,good,good
90533,-286,-21,-250,good,good,good
90547,-370,-372,516,good,good,good
90583,-161,-251,552,good,good,good
90599,572,-445,-12,good,good,good
90617,-197,268,-21,good,good,good
90619,-100,345,-134,good,good,good
90631,496,-418,-129,good,good,good
90641,63,-183,-347,good,good,good
90647,145,-162,-330,good,good,good
90659,-55,-510,-112,good,good,good
90677,-7,-57,-328,good,good,good
90679,-176,-180,-85,good,good,good
90697,-245,318,332,good,good,good
90703,-461,174,35,good,good,good
90709,-460,565,258,good,good,good
90731,-136,132,-235,good,good,good
90749,169,-50,166,good,good,good
90787,-183,-572,-181,good,good,good
90793,-146,44,-396,good,good,good
90803,-428,369,-431,good,good,good
90821,-558,247,147,good,good,good
90823,-105,154,-526,good,good,good
90833,64,-6,-215,good,good,good
90841,-40,-358,-84,good,good,good
90847,161,43,239,good,good,good
90863,-19,-216,-438,good,good,good
90887,-422,293,-286,good,good,good
90901,-370,-148,-465,good,good,good
90907,-6,-107,479,good,good,good
90911,-224,62,438,good,good,good
90917,-532,138,-132,good,good,good
90931,144,-143,-91,good,good,good
90947,352,-52,337,good,good,good
90971,471,-203,-383,good,good,good
90977,180,-32,258,good,good,good
90989,-354,-380,-362,good,good,good
90997,-32,-122,-208,good,good,good
91009,-25,250,158,good,good,good
91019,-93,-540,300,good,good,good
91033,-478,-196,-259,good,good,good
91079,162,-120,-356,good,good,good
91081,450,-393,101,good,good,good
91097,-65,-472,252,good,good,good
91099,-538,130,-229,good,good,good
91121,-137,-178,78,good,good,good
91127,-147,-312,374,good,good,good
91129,-70,70,-528,good,good,good
91139,-214,-340,-405,good,good,good
91141,25,-8,-260,good,good,good
91151,222,52,-228,good,good,good
91153,-368,284,417,good,good,good
91159,-195,-230,-473,good,good,good
91163,344,-476,484,good,good,good
91183,-532,-136,19,good,good,good
91193,497,289,392,good,good,good
91199,-312,135,-431,good,good,good
91229,-546,-30,72,good,good,good
91237,532,373,-67,good,good,good
91243,-139,59,-386,good,good,good
91249,-305,70,17,good,good,good
91253,339,374,-258,good,good,good
91283,191,319,322,good,good,good
91291,156,592,450,good,good,good
91297,-50,-192,42,good,good,good
91303,316,24,-168,good,good,good
91309,-454,-30,105,good,good,good
91331,228,332,36,good,good,good
91367,312,-407,-202,good,good,good
91369,-275,425,-150,good,good,good
91373,-522,-496,449,good,good,good
91381,357,407,258,good,good,good
91387,260,88,-3,good,good,good
91393,326,-146,244,good,good,good
91397,-395,-282,-246,good,good,good
91411,-92,-463,363,good,good,good
91423,229,564,484,good,good,good
91433,-388,9,-330,good,good,good
91453,-469,104,-62,good,good,good
91457,115,493,-510,good,good,good
91459,-322,300,428,good,good,good
91463,-181,104,258,good,good,good
91493,198,-196,-15,good,good,good
91499,-40,-375,198,good,good,good
91513,-241,-331,-436,good,good,good
91529,-138,215,181,good,good,good
91541,570,-108,198,good,good,good
91571,423,222,-198,good,good,good
91573,-26,-86,506,good,good,good
91577,-132,-552,-132,good,good,good
91583,48,-546,-127,good,good,good
91591,-109,17,44,good,good,good
91621,-259,72,310,good,good,good
91631,486,-343,87,good,good,good
91639,464,-525,-88,good,good,good
91673,334,-426,-594,good,good,good
91691,126,542,80,good,good,good
91703,136,84,324,good,good,good
91711,-91,-163,-91,good,good,good
91733,-266,-561,-96,good,good,good
91753,175,-256,348,good,good,good
91757,258,138,-72,good,good,good
91771,88,-28,22,good,good,good
91781,-398,-318,-222,good,good,good
91801,215,102,248,good,good,good
91807,125,8,154,good,good,good
91811,-432,-213,12,good,good,good
91813,97,-6,-15,good,good,good
91823,384,334,533,good,good,good
91837,-50,-417,458,good,good,good
91841,-449,-458,270,good,good,good
91867,348,248,-543,good,good,good
91873,532,99,-335,good,good,good
91909,15,30,-32,good,good,good
91921,-224,47,53,good,good,good
91939,-10,-535,-110,good,good,good
91943,-338,-121,-36,good,good,good
91951,-228,102,88,good,good,good
91957,323,-182,-61,good,good,good
91961,-393,87,450,good,good,good
91967,390,-242,68,good,good,good
91969,242,55,-226,good,good,good
91997,64,63,-22,good,good,good
92003,192,-96,-114,good,good,good
92009,-51,450,-423,good,good,good
92033,506,-236,-174,good,good,good
92041,-82,442,-552,good,good,good
92051,-138,427,-485,good,good,good
92077,-295,418,322,good,good,good
92083,-364,-126,-344,good,good,good
92107,-178,323,416,good,good,good
92111,144,-288,580,good,good,good
92119,-64,160,-168,good,good,good
92143,142,224,284,good,good,good
92153,-266,-336,-468,good,good,good
92173,506,-521,269,good,good,good
92177,-13,438,-93,good,good,good
92179,-420,-220,-402,good,good,good
92189,430,-150,-401,good,good,good
92203,212,-121,-88,good,good,good
92219,-238,360,174,good,good,good
92221,170,272,493,good,good,good
92227,536,113,10,good,good,good
92233,180,549,-508,good,good,good
92237,18,-42,-82,good,good,good
92243,30,-336,-552,good,good,good
92251,-509,-173,-484,good,good,good
92269,206,-530,-341,good,good,good
92297,464,188,330,good,good,good
92311,65,-588,192,good,good,good
92317,294,23,-478,good,good,good
92333,210,284,-123,good,good,good
92347,112,368,544,good,good,good
92353,-385,374,98,good,good,good
92357,218,333,357,good,good,good
92363,-561,144,-324,good,good,good
92369,440,180,-330,good,good,good
92377,-185,428,601,good,good,good
92381,372,282,-450,good,good,good
92383,-124,-56,492,good,good,good
92387,72,-292,214,good,good,good
92399,561,-400,233,good,good,good
92401,-193,-173,345,good,good,good
92413,50,-296,299,good,good,good
92419,28,400,-370,good,good,good
92431,330,-43,550,good,good,good
92459,-399,355,88,good,good,good
92461,268,-338,383,good,good,good
92467,445,-232,460,good,good,good
92479,192,140,236,good,good,good
92489,-87,490,-427,good,good,good
92503,576,-241,-181,good,good,good
92507,429,-182,162,good,good,good
92551,132,402,-308,good,good,good
92557,298,143,338,good,good,good
92567,-143,-462,-96,good,good,good
92569,482,265,-403,good,good,good
92581,-85,282,-186,good,good,good
92593,546,-196,-243,good,good,good
92623,-256,-181,-425,good,good,good
92627,117,-232,171,good,good,good
92639,-12,-230,120,good,good,good
92641,370,142,-367,good,good,good
92647,-73,453,360,good,good,good
92657,174,173,-2,good,good,good
92669,65,-315,575,good,good,good
92671,-300,122,224,good,good,good
92681,57,-218,145,good,good,good
92683,82,4,-74,good,good,good
92693,-366,-126,574,good,good,good
92699,-294,360,429,good,good,good
92707,208,308,425,good,good,good
92717,-34,63,-196,good,good,good
92723,-452,-521,-321,good,good,good
92737,40,-472,-556,good,good,good
92753,294,-546,-198,good,good,good
92761,238,37,-395,good,good,good
92767,542,233,350,good,good,good
92779,-218,245,80,good,good,good
92789,-51,335,6,good,good,good
92791,208,392,165,good,good,good
92801,132,-273,-264,good,good,good
92809,-268,70,-424,good,good,good
92821,194,122,-142,good,good,good
92831,-558,-268,-120,good,good,good
92849,5,185,242,good,good,good
92857,-376,288,-283,good,good,good
92861,105,112,-152,good,good,good
92863,431,64,214,good,good,good
92867,464,123,-42,good,good,good
92893,-348,259,-94,good,good,good
92899,374,-5,230,good,good,good
92921,-78,-53,146,good,good,good
92927,-488,528,549,good,good,good
92941,463,-108,-241,good,good,good
92951,-73,227,261,good,good,good
92957,-532,-102,190,good,good,good
92959,414,-205,80,good,good,good
92987,-136,28,499,good,good,good
92993,19,-106,84,good,good,good
93001,-220,-198,450,good,good,good
93047,-304,368,-205,good,good,good
93053,-14,359,140,good,good,good
93059,-36,360,-448,good,good,good
93077,-430,-292,-349,good,good,good
93083,539,-341,-331,good,good,good
93089,221,-440,90,good,good,good
93097,444,113,-346,good,good,good
93103,-404,-196,-532,good,good,good
93113,198,354,-411,good,good,good
93131,-120,-68,218,good,good,good
93133,185,-336,512,good,good,good
93139,-116,-550,85,good,good,good
93151,368,-123,-511,good,good,good
93169,205,-80,-126,good,good,good
93179,500,340,-324,good,good,good
93187,85,-82,327,good,good,good
93199,-121,270,-72,good,good,good
93229,563,175,-416,good,good,good
93239,389,-80,-304,good,good,good
93241,-257,342,297,good,good,good
93251,12,227,246,good,good,good
93253,-334,-236,-252,good,good,good
93257,-382,-192,-354,good,good,good
93263,-430,-51,-356,good,good,good
93281,-481,-243,-398,good,good,good
93283,490,-296,-115,good,good,good
93287,375,378,275,good,good,good
93307,-287,88,-12,good,good,good
93319,-418,160,141,good,good,good
93323,-180,274,138,good,good,good
93329,258,370,-120,good,good,good
93337,-332,-92,48,good,good,good
93371,28,-303,433,good,good,good
93377,-367,473,-290,good,good,good
93383,-286,39,440,good,good,good
93407,-18,388,-264,good,good,good
93419,-390,390,-109,good,good,good
93427,-322,-107,-435,good,good,good
93463,-37,44,110,good,good,good
93479,24,80,32,good,good,good
93481,332,357,-469,good,good,good
93487,-200,-392,-320,good,good,good
93491,-540,-8,-30,good,good,good
93493,426,-126,-410,good,good,good
93497,-86,258,-279,good,good,good
93503,-297,399,247,good,good,good
93523,-70,-1,98,good,good,good
93529,-6,100,-529,good,good,good
93553,-430,-281,209,good,good,good
93557,75,78,-396,good,good,good
93559,64,80,-272,good,good,good
93563,309,384,-156,good,good,good
93581,-192,-243,210,good,good,good
93601,-241,2,-320,good,good,good
93607,477,-82,-72,good,good,good
93629,160,60,341,good,good,good
93637,38,-7,470,good,good,good
93683,5,214,367,good,good,good
93701,-92,427,476,good,good,good
93703,-194,-111,-37,good,good,good
93719,210,270,-384,good,good,good
93739,194,-580,-296,good,good,good
93761,-578,312,-102,good,good,good
93763,304,-486,-590,good,good,good
93787,-410,363,-332,good,good,good
93809,252,210,270,good,good,good
93811,-261,-113,-95,good,good,good
93827,-318,438,-288,good,good,good
93851,94,552,103,good,good,good
93871,-76,322,440,good,good,good
93887,-172,108,-274,good,good,good
93889,92,110,-277,good,good,good
93893,-426,-36,-510,good,good,good
93901,-486,-423,196,good,good,good
93911,72,-88,-414,good,good,good
93913,-359,-76,-259,good,good,good
93923,-76,-341,258,good,good,good
93937,382,198,76,good,good,good
93941,-204,342,-404,good,good,good
93949,-266,335,-544,good,good,good
93967,592,-227,-481,good,good,good
93971,201,-228,326,good,good,good
93979,369,-280,-557,good,good,good
93983,-540,-316,174,good,good,good
93997,-352,-232,77,good,good,good
94007,-64,-392,438,good,good,good
94009,160,265,475,good,good,good
94033,427,269,128,good,good,good
94049,-30,150,184,good,good,good
94057,-398,148,398,good,good,good
94063,-109,354,134,good,good,good
94079,-81,-350,-145,good,good,good
94099,544,-460,472,good,good,good
94109,-200,-495,-406,good,good,good
94111,268,-188,184,good,good,good
94117,-358,343,-24,good,good,good
94121,134,-203,91,good,good,good
94151,40,302,-445,good,good,good
94153,389,-241,206,good,good,good
94169,453,-195,70,good,good,good
94201,102,52,-269,good,good,good
94207,18,-307,552,good,good,good
94219,-404,-135,115,good,good,good
94229,71,85,-249,good,good,good
94253,-348,189,-72,good,good,good
94261,308,412,-68,good,good,good
94273,-441,194,224,good,good,good
94291,188,-8,85,good,good,good
94307,-74,-77,84,good,good,good
94309,239,500,-1,good,good,good
94321,-190,-78,-111,good,good,good
94327,80,198,442,good,good,good
94331,-216,-118,15,good,good,good
94343,289,74,0,good,good,good
94349,529,460,-11,good,good,good
94351,-139,-73,-343,good,good,good
94379,232,-420,-354,good,good,good
94397,583,228,170,good,good,good
94399,515,230,-306,good,good,good
94421,-405,-178,234,good,good,good
94427,-268,63,327,good,good,good
94433,-354,449,-351,good,good,good
94439,-306,335,274,good,good,good
94441,-436,92,-434,good,good,good
94447,-288,223,352,good,good,good
94463,-556,-576,-423,good,good,good
94477,-359,23,508,good,good,good
94483,-446,-111,-391,good,good,good
94513,-190,-586,-104,good,good,good
94529,-430,220,270,good,good,good
94531,-44,-568,332,good,good,good
94541,24,292,-432,good,good,good
94543,532,-341,-64,good,good,good
94547,47,-482,363,good,good,good
94559,150,-285,276,good,good,good
94561,-611,537,-114,good,good,good
94573,-23,484,115,good,good,good
94583,-333,-456,-126,good,good,good
94597,463,308,-66,good,good,good
94603,-302,-101,213,good,good,good
94613,-278,404,-21,good,good,good
94621,537,22,-410,good,good,good
94649,334,265,69,good,good,good
94651,282,-448,-146,good,good,good
94687,328,-62,-370,good,good,good
94693,-379,179,363,good,good,good
94709,147,210,404,good,good,good
94723,-84,-286,-148,good,good,good
94727,207,-342,-374,good,good,good
94747,63,-487,113,good,good,good
94771,124,72,258,good,good,good
94777,506,278,44,good,good,good
94781,362,357,-210,good,good,good
94789,296,300,-438,good,good,good
94793,-394,-446,86,good,good,good
94811,426,-588,-396,good,good,good
94819,84,70,123,good,good,good
94823,92,-456,308,good,good,good
94837,350,-432,182,good,good,good
94841,-325,192,516,good,good,good
94847,-111,-147,219,good,good,good
94849,410,-180,171,good,good,good
94873,164,239,-118,good,good,good
94889,-406,-105,18,good,good,good
94903,168,414,20,good,good,good
94907,-8,258,-352,good,good,good
94933,-79,-171,426,good,good,good
94949,493,-370,-88,good,good,good
94951,-305,352,-223,good,good,good
94961,-570,287,-182,good,good,good
94993,442,14,122,good,good,good
94999,-388,80,76,good,good,good
95003,372,234,-381,good,good,good
95009,41,420,-414,good,good,good
95021,478,447,-138,good,good,good
95027,113,223,421,good,good,good
95063,293,539,186,good,good,good
95071,-340,-103,-70,good,good,good
95083,-76,234,-376,good,good,good
95087,536,-327,-37,good,good,good
95089,515,-545,25,good,good,good
95093,507,309,-6,good,good,good
95101,-215,202,-14,good,good,good
95107,520,383,292,good,good,good
95111,-571,587,30,good,good,good
95131,28,132,-390,good,good,good
95143,-349,224,-26,good,good,good
95153,-134,-301,-246,good,good,good
95177,168,-117,-318,good,good,good
95189,195,30,-384,good,good,good
95191,11,-308,457,good,good,good
95203,408,-356,64,good,good,good
95213,234,384,250,good,good,good
95219,308,525,-51,good,good,good
95231,535,-168,-312,good,good,good
95233,-200,194,330,good,good,good
95239,-40,-360,-16,good,good,good
95257,376,-82,456,good,good,good
95261,420,487,301,good,good,good
95267,220,-242,286,good,good,good
95273,-290,-136,534,good,good,good
95279,-125,210,224,good,good,good
95287,-392,-557,-184,good,good,good
95311,-83,62,-501,good,good,good
95317,-378,-312,-494,good,good,good
95327,222,-97,-190,good,good,good
95339,-579,550,446,good,good,good
95369,-492,-580,225,good,good,good
95383,-164,-326,224,good,good,good
95393,187,-381,-6,good,good,good
95401,-118,-323,-442,good,good,good
95413,-77,414,352,good,good,good
95419,-333,-365,-88,good,good,good
95429,-266,375,-120,good,good,good
95441,174,142,-202,good,good,good
95443,-208,-426,-106,good,good,good
95461,-569,-263,-344,good,good,good
95467,-257,513,332,good,good,good
95471,-419,-128,-297,good,good,good
95479,44,-420,-10,good,good,good
95483,204,-496,-257,good,good,good
95507,-443,-437,-12,good,good,good
95527,524,-237,350,good,good,good
95531,-332,-418,372,good,good,good
95539,328,60,76,good,good,good
95549,550,55,-72,good,good,good
95561,202,387,438,good,good,good
95569,-210,-30,583,good,good,good
95581,-326,332,29,good,good,good
95597,358,238,238,good,good,good
95603,88,-406,473,good,good,good
95617,-151,-477,-555,good,good,good
95621,-8,-78,-570,good,good,good
95629,-339,-380,-294,good,good,good
95633,259,-166,-174,good,good,good
95651,-144,52,-36,good,good,good
95701,-554,377,-249,good,good,good
95707,-427,-102,-55,good,good,good
95713,70,104,-22,good,good,good
95717,372,-252,182,good,good,good
95723,213,449,-206,good,good,good
95731,-53,32,-196,good,good,good
95737,-564,478,366,good,good,good
95747,-341,33,206,good,good,good
95773,-154,304,-467,good,good,good
95783,-95,44,-48,good,good,good
95789,338,-35,342,good,good,good
95791,390,367,-56,good,good,good
95801,30,-298,-498,good,good,good
95803,461,-116,-162,good,good,good
95813,420,359,270,good,good,good
95819,119,-520,393,good,good,good
95857,-119,-207,144,good,good,good
95869,196,365,-491,good,good,good
95873,-532,294,-510,good,good,good
95881,40,-43,195,good,good,good
95891,348,292,-282,good,good,good
95911,527,-588,414,good,good,good
95917,192,328,33,good,good,good
95923,166,144,-296,good,good,good
95929,258,365,100,good,good,good
95947,-136,353,-244,good,good,good
95957,-547,98,230,good,good,good
95959,-242,550,-122,good,good,good
95971,-437,372,295,good,good,good
95987,-617,-87,-272,good,good,good
95989,347,-230,-246,good,good,good
96001,-336,227,4,good,good,good
96013,96,449,-156,good,good,good
96017,356,-537,286,good,good,good
96043,117,34,-520,good,good,good
96053,397,-46,286,good,good,good
96059,-351,30,-315,good,good,good
96079,200,-180,439,good,good,good
96097,482,-127,-62,good,good,good
96137,430,-302,117,good,good,good
96149,-144,135,-531,good,good,good
96157,204,538,547,good,good,good
96167,353,-27,528,good,good,good
96179,189,120,-467,good,good,good
96181,-86,182,370,good,good,good
96199,69,120,300,good,good,good
96211,71,-388,-150,good,good,good
96221,126,97,-228,good,good,good
96223,310,534,149,good,good,good
96233,402,-306,303,good,good,good
96259,104,420,-72,good,good,good
96263,-225,304,391,good,good,good
96269,-448,200,-308,good,good,good
96281,115,407,174,good,good,good
96289,446,-320,-127,good,good,good
96293,-512,-156,217,good,good,good
96323,-483,454,-236,good,good,good
96329,260,290,-198,good,good,good
96331,-246,157,469,good,good,good
96337,-510,38,-154,good,good,good
96353,6,434,279,good,good,good
96377,368,108,27,good,good,good
96401,65,-198,-332,good,good,good
96419,-180,-460,120,good,good,good
96431,159,357,53,good,good,good
96443,184,204,504,good,good,good
96451,-342,427,-594,good,good,good
96457,-108,253,406,good,good,good
96461,246,-338,373,good,good,good
96469,-133,170,318,good,good,good
96479,-134,15,-83,good,good,good
96487,-369,318,170,good,good,good
96493,213,-131,-100,good,good,good
96497,-146,-322,69,good,good,good
96517,-2,-497,-167,good,good,good
96527,90,198,-255,good,good,good
96553,308,-86,21,good,good,good
96557,340,-342,74,good,good,good
96581,-213,-18,-220,good,good,good
96587,-106,-72,-350,good,good,good
96589,-200,-150,-55,good,good,good
96601,-532,52,73,good,good,good
96643,-47,-586,148,good,good,good
96661,390,-263,54,good,good,good
96667,-22,218,572,good,good,good
96671,-469,-53,472,good,good,good
96697,151,38,578,good,good,good
96703,46,-56,-302,good,good,good
96731,546,-118,-104,good,good,good
96737,-60,123,290,good,good,good
96739,379,-220,49,good,good,good
96749,-438,570,226,good,good,good
96757,-308,-342,370,good,good,good
96763,36,394,-94,good,good,good
96769,448,-420,-602,good,good,good
96779,294,180,-280,good,good,good
96787,-104,283,-132,good,good,good
96797,-18,-42,-531,good,good,good
96799,80,-50,-67,good,good,good
96821,270,572,-92,good,good,good
96823,-56,-176,184,good,good,good
96827,244,483,-178,good,good,good
96847,158,233,-368,good,good,good
96851,-490,202,-24,good,good,good
96857,342,378,-21,good,good,good
96893,-354,-21,522,good,good,good
96907,-133,-382,-179,good,good,good
96911,296,-213,-436,good,good,good
96931,172,-318,-268,good,good,good
96953,-44,-396,-166,good,good,good
96959,42,25,126,good,good,good
96973,549,294,-326,good,good,good
96979,-384,-365,-482,good,good,good
96989,403,300,-76,good,good,good
96997,-388,-502,-162,good,good,good
97001,52,-23,-205,good,good,good
97003,393,-111,-544,good,good,good
97007,-105,-72,-288,good,good,good
97021,182,-478,100,good,good,good
97039,455,-430,171,good,good,good
97073,-312,14,302,good,good,good
97081,78,-368,-197,good,good,good
97103,-100,-136,584,good,good,good
97117,428,338,-9,good,good,good
97127,-68,-262,-90,good,good,good
97151,287,-348,615,good,good,good
97157,-582,-337,477,good,good,good
97159,43,-320,95,good,good,good
97169,-197,210,-229,good,good,good
97171,163,-28,105,good,good,good
97177,-422,63,-347,good,good,good
97187,-219,-142,-143,good,good,good
97213,-40,-276,32,good,good,good
97231,394,-268,224,good,good,good
97241,-512,467,-313,good,good,good
97259,156,-460,44,good,good,good
97283,-236,434,214,good,good,good
97301,235,-498,446,good,good,good
97303,-616,-226,-20,good,good,good
97327,-142,-172,-392,good,good,good
97367,-64,-252,-273,good,good,good
97369,228,-450,-193,good,good,good
97373,-30,474,-144,good,good,good
97379,-354,150,-156,good,good,good
97381,445,282,-380,good,good,good
97387,-140,-172,91,good,good,good
97397,-160,-142,-486,good,good,good
97423,224,104,547,good,good,good
97429,298,340,335,good,good,good
97441,-340,317,442,good,good,good
97453,-484,309,128,good,good,good
97459,139,260,105,good,good,good
97463,-144,-516,-489,good,good,good
97499,503,-160,-519,good,good,good
97501,172,-298,-110,good,good,good
97511,27,12,-236,good,good,good
97523,-211,-156,358,good,good,good
97547,72,348,42,good,good,good
97549,172,350,-48,good,good,good
97553,161,39,-73,good,good,good
97561,-124,62,-523,good,good,good
97571,340,597,-413,good,good,good
97577,-492,-432,-250,good,good,good
97579,-401,65,-204,good,good,good
97583,-344,224,-294,good,good,good
97607,567,148,402,good,good,good
97609,-257,-150,73,good,good,good
97613,-221,64,174,good,good,good
97649,-288,210,246,good,good,good
97651,24,-573,-352,good,good,good
97673,-157,-21,378,good,good,good
97687,-333,28,414,good,good,good
97711,-162,-13,-88,good,good,good
97729,62,-5,462,good,good,good
97771,116,-28,-304,good,good,good
97777,-350,-602,-174,good,good,good
97787,-372,348,222,good,good,good
97789,-222,490,30,good,good,good
97813,164,-86,-58,good,good,good
97829,139,170,-206,good,good,good
97841,-228,392,-335,good,good,good
97843,-182,484,464,good,good,good
97847,-178,568,344,good,good,good
97849,-206,-205,-154,good,good,good
97859,462,-335,56,good,good,good
97861,-135,237,-254,good,good,good
97871,560,147,177,good,good,good
97879,582,-145,224,good,good,good
97883,-266,-556,-564,good,good,good
97919,270,-150,-104,good,good,good
97927,112,333,152,good,good,good
97931,336,-193,-52,good,good,good
97943,-120,594,-236,good,good,good
97961,-216,-38,339,good,good,good
97967,-357,543,276,good,good,good
97973,-407,4,-153,good,good,good
97987,313,88,-401,good,good,good
98009,-49,460,-118,good,good,good
98011,-110,87,-325,good,good,good
98017,173,-492,3,good,good,good
98041,-119,217,458,good,good,good
98047,-203,-87,-440,good,good,good
98057,-83,543,592,good,good,good
98081,390,357,-218,good,good,good
98101,-550,-323,-317,good,good,good
98123,471,-531,75,good,good,good
98129,600,-385,-598,good,good,good
98143,-172,-556,30,good,good,good
98179,-80,275,620,good,good,good
98207,-328,-392,620,good,good,good
98213,324,399,-290,good,good,good
98221,152,-478,-254,good,good,good
98227,-422,-112,-290,good,good,good
98251,289,52,121,good,good,good
98257,-346,-137,422,good,good,good
98269,-434,10,-326,good,good,good
98297,147,198,389,good,good,good
98299,408,155,64,good,good,good
98317,-136,368,314,good,good,good
98321,327,-453,99,good,good,good
98323,18,459,43,good,good,good
98327,-228,-277,280,good,good,good
98347,209,238,-214,good,good,good
98369,-76,-60,128,good,good,good
98377,-34,-307,-442,good,good,good
98387,493,-277,-83,good,good,good
98389,148,-245,-43,good,good,good
98407,-226,-217,70,good,good,good
98411,175,-413,359,good,good,good
98419,384,-170,-370,good,good,good
98429,-137,305,272,good,good,good
98443,-524,-251,176,good,good,good
98453,26,74,-89,good,good,good
98459,386,20,37,good,good,good
98467,-429,-102,-22,good,good,good
98473,438,549,-266,good,good,good
98479,-290,50,520,good,good,good
98491,-537,242,65,good,good,good
98507,-372,228,-68,good,good,good
98519,-68,100,-616,good,good,good
98533,580,244,-218,good,good,good
98543,69,329,456,good,good,good
98561,-207,187,-353,good,good,good
98563,-332,-91,220,good,good,good
98573,154,14,554,good,good,good
98597,448,363,327,good,good,good
98621,-219,122,-390,good,good,good
98627,102,-447,380,good,good,good
98639,340,100,-132,good,good,good
98641,-157,542,-150,good,good,good
98663,-424,144,-339,good,good,good
98669,519,-330,-413,good,good,good
98689,-91,-80,-194,good,good,good
98711,-294,-288,127,good,good,good
98713,-134,-136,297,good,good,good
98717,-339,-222,-448,good,good,good
98729,-216,50,591,good,good,good
98731,-96,82,-304,good,good,good
98737,278,-387,153,good,good,good
98773,-412,79,26,good,good,good
98779,141,-320,410,good,good,good
98801,-315,352,-325,good,good,good
98807,348,-112,-56,good,good,good
98809,106,530,162,good,good,good
98837,-247,508,-540,good,good,good
98849,560,-295,-8,good,good,good
98867,140,-332,-308,good,good,good
98869,68,-5,337,good,good,good
98873,318,-266,-393,good,good,good
98887,260,298,-343,good,good,good
98893,316,89,-466,good,good,good
98897,-78,-412,-259,good,good,good
98899,554,-165,-412,good,good,good
98909,546,140,208,good,good,good
98911,-261,-88,-452,good,good,good
98927,-565,-432,513,good,good,good
98929,-66,370,236,good,good,good
98939,15,-445,-12,good,good,good
98947,-69,-82,-351,good,good,good
98953,-388,-176,54,good,good,good
98963,-285,44,24,good,good,good
98981,158,-443,81,good,good,good
98993,-570,49,537,good,good,good
98999,528,-400,-25,good,good,good
99013,211,-496,94,good,good,good
99017,-290,98,-577,good,good,good
99023,219,249,200,good,good,good
99041,-270,-258,394,good,good,good
99053,11,-81,186,good,good,good
99079,-81,240,-64,good,good,good
99083,-252,-256,-396,good,good,good
99089,129,-485,-285,good,good,good
99103,-356,-291,-84,good,good,good
99109,456,-40,89,good,good,good
99119,255,5,301,good,good,good
99131,-590,-168,-129,good,good,good
99133,-238,309,-591,good,good,good
99137,-472,-582,386,good,good,good
99139,311,510,208,good,good,good
99149,345,90,-519,good,good,good
99173,56,-56,388,good,good,good
99181,-315,-243,-362,good,good,good
99191,-198,-608,360,good,good,good
99223,89,-56,248,good,good,good
99233,597,224,-596,good,good,good
99241,501,-58,83,good,good,good
99251,2,252,380,good,good,good
99257,-54,-102,-214,good,good,good
99259,84,100,-5,good,good,good
99277,-278,-452,-284,good,good,good
99289,390,345,-69,good,good,good
99317,63,-337,10,good,good,good
99347,548,378,-272,good,good,good
99349,-511,280,-176,good,good,good
99367,354,-192,28,good,good,good
99371,55,422,335,good,good,good
99377,-510,513,176,good,good,good
99391,520,-108,-209,good,good,good
99397,-476,373,-38,good,good,good
99401,-602,-198,-418,good,good,good
99409,241,520,97,good,good,good
99431,43,-18,-420,good,good,good
99439,-138,490,-240,good,good,good
99469,-450,-410,84,good,good,good
99487,216,-152,-341,good,good,good
99497,-309,-132,-199,good,good,good
99523,-420,-16,-574,good,good,good
99527,557,-72,252,good,good,good
99529,-114,305,-298,good,good,good
99551,7,-448,-316,good,good,good
99559,-188,120,208,good,good,good
99563,211,-496,-318,good,good,good
99571,596,-428,363,good,good,good
99577,266,-367,230,good,good,good
99581,-84,382,148,good,good,good
99607,284,-372,602,good,good,good
99611,204,-188,320,good,good,good
99623,-6,-346,336,good,good,good
99643,176,104,265,good,good,good
99661,-10,87,-98,good,good,good
99667,267,258,194,good,good,good
99679,-237,510,-259,good,good,good
99689,195,-240,-210,good,good,good
99707,156,293,-298,good,good,good
99709,-240,-50,482,good,good,good
99713,-146,-171,-34,good,good,good
99719,555,65,-356,good,good,good
99721,140,-128,-83,good,good,good
99733,-82,-586,256,good,good,good
99761,-606,-88,-500,good,good,good
99767,-162,-72,-288,good,good,good
99787,-198,318,-258,good,good,good
99793,-61,119,-259,good,good,good
99809,34,-150,206,good,good,good
99817,-315,178,146,good,good,good
99823,472,-211,365,good,good,good
99829,-182,-375,-81,good,good,good
99833,-51,-246,159,good,good,good
99839,-42,-280,512,good,good,good
99859,-175,435,-29,good,good,good
99871,-584,-328,25,good,good,good
99877,358,-262,-346,good,good,good
99881,54,382,-168,good,good,good
99901,199,502,106,good,good,good
99907,225,263,61,good,good,good
99923,326,-226,-486,good,good,good
99929,60,-230,561,good,good,good
99961,342,-163,-20,good,good,good
99971,156,-3,-258,good,good,good
99989,-46,-10,293,good,good,good
99991,142,-533,-206,good,good,good
