p	M_p	T_p_minus_1
100003	-47	-47.8209905487
100019	-45	-47.0795184068
100043	-40	-42.6501702465
100049	-38	-41.7622475399
100057	-38	-41.0802043893
100069	-36	-40.3886951846
100103	-37	-40.3387334251
100109	-36	-40.2264077863
100129	-38	-39.2424741559
100151	-36	-36.8377923108
100153	-37	-37.8123809360
100169	-36	-37.2562289585
100183	-36	-38.0605090835
100189	-36	-38.2492650311
100193	-35	-38.3641414273
100207	-35	-38.3049505516
100213	-33	-37.1135270421
100237	-37	-38.1521064205
100267	-28	-32.9605170252
100271	-28	-33.9918687087
100279	-28	-33.2477430428
100291	-29	-33.9531684701
100297	-31	-35.5755433625
100313	-28	-34.0583710297
100333	-24	-32.0961428051
100343	-23	-30.9482818870
100357	-20	-28.4218055418
100361	-21	-29.3616526563
100363	-21	-30.0368982671
100379	-23	-31.1022080143
100391	-25	-31.7367511957
100393	-26	-32.6560973586
100403	-24	-31.7147754476
100411	-26	-33.9433775312
100417	-25	-33.9650479331
100447	-20	-28.6785479957
100459	-20	-29.3497124177
100469	-20	-29.5358200532
100483	-26	-32.7538123169
100493	-27	-33.7686960949
100501	-31	-36.7812964732
100511	-29	-35.6602933079
100517	-33	-38.7555124932
100519	-33	-39.4526712109
100523	-33	-39.8901162671
100537	-29	-37.5160063429
100547	-30	-38.1656262705
100549	-31	-39.1634680971
100559	-33	-39.9796116241
100591	-29	-36.2088887771
100609	-25	-33.6000804207
100613	-27	-34.9403975821
100621	-27	-34.7720238481
100649	-21	-31.1277762030
100669	-20	-30.7848036503
100673	-23	-32.8231900649
100693	-23	-31.8888245566
100699	-21	-31.2163814999
100703	-23	-32.8252983357
100733	-20	-30.2481689764
100741	-17	-28.7610236539
100747	-17	-28.6733587566
100769	-13	-26.6399714582
100787	-10	-24.0281210937
100799	-11	-24.9039650942
100801	-12	-25.9034789830
100811	-9	-24.2098256930
100823	-7	-22.1773408208
100829	-9	-23.8810829725
100847	-3	-20.6272977603
100943	-3	-18.1459566266
100957	-8	-20.3793231630
100981	-7	-18.9519368526
100987	-12	-22.2358143263
100999	-13	-22.5601942675
101009	-15	-24.1404309362
101021	-18	-26.0278990385
101027	-18	-27.0838083323
101051	-16	-25.0087216713
101063	-15	-23.4347289068
101081	-15	-23.0872061891
101089	-12	-21.8924894596
101107	-12	-22.5534212054
101111	-13	-23.0830614585
101113	-14	-24.0074917931
101117	-16	-25.6537186266
101119	-16	-26.3382752831
101141	-18	-27.7083225445
101149	-17	-27.2116442616
101159	-19	-28.8461263942
101161	-20	-29.8239733692
101173	-18	-30.1488485866
101183	-20	-32.6765142088
101197	-20	-32.8764473621
101203	-17	-31.5437303876
101207	-19	-32.5590885367
101209	-20	-33.6423922280
101221	-20	-34.3007683325
101267	-5	-22.4831139389
101273	-5	-22.2288536410
101279	-8	-24.1152483930
101281	-9	-25.0986508416
101287	-12	-26.9451353843
101293	-12	-27.1952604634
101323	-13	-27.0817822643
101333	-14	-27.1940122020
101341	-20	-31.2759625027
101347	-19	-30.6307312141
101359	-15	-27.6666989107
101363	-16	-28.5316022405
101377	-14	-27.4184646309
101383	-16	-28.9231935531
101399	-19	-30.0789852232
101411	-21	-30.9755467759
101419	-23	-32.3706671477
101429	-20	-30.6252541839
101449	-20	-29.5842015345
101467	-23	-31.8681641194
101477	-25	-33.5185254537
101483	-23	-33.0633438083
101489	-21	-32.2007529358
101501	-27	-35.6602770304
101503	-28	-36.7713585854
101513	-28	-36.4783632293
101527	-31	-39.0470748914
101531	-33	-40.5941370231
101533	-34	-41.7607741424
101537	-33	-41.8335320146
101561	-32	-42.2626992830
101573	-33	-42.6300901328
101581	-32	-42.1076790378
101599	-37	-44.7212531101
101603	-39	-46.2839888982
101611	-44	-50.1751646118
101627	-40	-46.6945792956
101641	-41	-47.2623143093
101653	-44	-49.2484069305
101663	-43	-48.3973883916
101681	-36	-43.5683908994
101693	-39	-44.5096081759
101701	-38	-44.4527085470
101719	-40	-46.5716968936
101723	-43	-48.8167358185
101737	-39	-46.8343271418
101741	-41	-48.6104186141
101747	-39	-47.8765791235
101749	-40	-48.7138142534
101771	-39	-46.9422929646
101789	-37	-45.1966192078
101797	-34	-43.1882347786
101807	-36	-44.7384550495
101833	-31	-41.0886541114
101837	-33	-42.6241406996
101839	-33	-43.3212969673
101863	-34	-42.9167501422
101869	-37	-45.1370072981
101873	-37	-45.6845985790
101879	-39	-46.9997250761
101891	-38	-46.0454565395
101917	-35	-43.8053872981
101921	-38	-45.9505270436
101929	-37	-45.1717353163
101939	-38	-45.8967621573
101957	-33	-42.2085188777
101963	-35	-43.0713107078
101977	-38	-43.8081001337
101987	-37	-44.8377420924
101999	-35	-43.2613789524
102001	-36	-44.2601142464
102013	-36	-45.0466741198
102019	-38	-46.5751032208
102023	-41	-48.9021115569
102031	-44	-50.4018632773
102043	-45	-50.9672594058
102059	-45	-51.7113064295
102061	-46	-52.7108263197
102071	-48	-54.3540280732
102077	-47	-54.1636175421
102079	-48	-55.0556118992
102101	-50	-55.8339309470
102103	-50	-56.6082644566
102107	-52	-58.1344718067
102121	-53	-58.6030293859
102139	-51	-58.0137018048
102149	-53	-59.4119754099
102161	-56	-61.1285983882
102181	-59	-61.9193612086
102191	-60	-63.1197792555
102197	-63	-65.7383413274
102199	-65	-67.0716453058
102203	-66	-67.9791069555
102217	-62	-65.0807221161
102229	-63	-65.1111896711
102233	-65	-66.8419199258
102241	-63	-66.3833422762
102251	-64	-66.6843593164
102253	-65	-67.8509966437
102259	-63	-66.9413423159
102293	-66	-68.5937873073
102299	-68	-70.4393309773
102301	-69	-71.4627816126
102317	-65	-68.9936098066
102329	-72	-73.2596899152
102337	-73	-73.7465094656
102359	-71	-72.0923000604
102367	-73	-74.1415495355
102397	-61	-66.8333593123
102407	-58	-64.8679494095
102409	-59	-65.7898207476
102433	-58	-64.4023129184
102437	-59	-65.1855779155
102451	-59	-65.0004960729
102461	-59	-65.1454825423
102481	-53	-59.7361659227
102497	-55	-60.6593456738
102499	-55	-61.3565007401
102503	-57	-63.0384698086
102523	-52	-59.2809752565
102533	-54	-61.2472508853
102539	-54	-61.5091373897
102547	-52	-60.5237434794
102551	-52	-61.0303921055
102559	-54	-61.6220174772
102563	-57	-63.7476164030
102587	-55	-61.3308694601
102593	-56	-61.3663493007
102607	-60	-64.2051061601
102611	-60	-65.0291312551
102643	-60	-62.9047190495
102647	-62	-64.7984671637
102653	-61	-64.5471703787
102667	-61	-65.0776192084
102673	-63	-65.7988823249
102677	-63	-66.1813102141
102679	-63	-66.8531289093
102701	-58	-62.9439371013
102761	-52	-53.0480487301
102763	-53	-54.0145635896
102769	-55	-56.0814631962
102793	-48	-52.6086026208
102797	-51	-54.7553048192
102811	-53	-55.3733454728
102829	-54	-55.6344778451
102841	-56	-57.3376143235
102859	-53	-55.0968124514
102871	-56	-57.1040835353
102877	-57	-58.2950273897
102881	-57	-58.6403600138
102911	-53	-56.7801580333
102913	-54	-57.7814309654
102929	-53	-57.0616702022
102931	-55	-58.3190781492
102953	-50	-54.0446003998
102967	-48	-52.3038564579
102983	-47	-53.6307337147
103001	-44	-51.2135560350
103007	-46	-53.1408174424
103043	-43	-48.9150953771
103049	-46	-51.2183109016
103067	-41	-47.3805146693
103069	-42	-48.3330023472
103079	-38	-46.8568174877
103087	-37	-46.2975822746
103091	-39	-47.8996163091
103093	-40	-48.8860265057
103099	-42	-49.5475080568
103123	-40	-47.1309772912
103141	-37	-43.8018316151
103171	-38	-43.5016167006
103177	-40	-44.6141896967
103183	-41	-45.6609253146
103217	-32	-38.7601896102
103231	-30	-36.9464574268
103237	-34	-39.6224085911
103289	-32	-35.4403748494
103291	-34	-36.6820148919
103307	-30	-34.7109040758
103319	-28	-34.5435150864
103333	-28	-34.3286994648
103349	-27	-33.3466573492
103357	-30	-35.0924624649
103387	-23	-28.3890281777
103391	-23	-28.5331614872
103393	-24	-29.5400769158
103399	-23	-29.0680364970
103409	-21	-27.3471936036
103421	-18	-25.4860125770
103423	-18	-26.1831659872
103451	-19	-27.3028915473
103457	-18	-26.8616497737
103471	-12	-22.3720831375
103483	-14	-23.9519845055
103511	-12	-23.5359957223
103529	-14	-24.2032607079
103549	-7	-18.5039441912
103553	-9	-19.9923502200
103561	-8	-19.3370545907
103567	-8	-20.3322794328
103573	-10	-21.9473361114
103577	-10	-22.5641595703
103583	-10	-23.2810575895
103591	-8	-21.5890577483
104381	-4	-22.1156767311
104383	-5	-23.1526850274
104393	-5	-22.8373520633
104399	-4	-22.2941825915
104473	-3	-19.6887554494
104701	-3	-18.0593159362
104707	-7	-20.8921383062
104711	-6	-20.6835997642
104717	-8	-22.2129914302
104723	-9	-24.0007647126
104729	-10	-25.1754387124
104743	-9	-25.1272341216
104759	-12	-27.3195914634
104761	-13	-28.3122508753
104773	-14	-29.5784909404
104779	-13	-29.2352123923
104789	-14	-29.9803005405
104801	-19	-32.2984735944
104803	-21	-33.6317783022
104827	-18	-29.7202303447
104831	-19	-31.2599246003
104849	-15	-28.8886638057
104851	-16	-29.8709527898
104869	-20	-32.9456303601
104879	-26	-36.9192181053
104891	-23	-35.5760869453
104911	-21	-32.6052409536
104917	-20	-32.0012985355
104933	-19	-31.9437902115
104947	-22	-33.2321025394
104953	-22	-33.4140660910
104959	-24	-34.6867662136
104971	-24	-35.1373951077
104987	-26	-34.8657804439
104999	-30	-36.7430012410
105019	-27	-33.8219975315
105023	-27	-34.3179583923
105031	-29	-35.2163585115
105037	-31	-37.3461914907
105071	-30	-33.5814850594
105097	-27	-31.3432132747
105107	-27	-31.0917119080
105137	-23	-28.6103390227
105143	-23	-28.6079835104
105167	-18	-25.6358947341
105173	-18	-25.5937518154
105199	-17	-24.7935289322
105211	-19	-25.6544690752
105227	-21	-26.3511903116
105229	-22	-27.2978109828
105239	-25	-28.9041506602
105251	-26	-30.4377579820
105253	-27	-31.4174543297
105263	-26	-31.6120100568
105269	-26	-32.0410081956
105277	-28	-33.1000280460
105319	-32	-32.7710884423
105323	-33	-33.6329077511
105331	-35	-35.7755429210
105337	-33	-35.0645812425
105341	-34	-35.7671384534
105359	-33	-35.9638385560
105361	-34	-36.9305716615
105367	-36	-38.8551008283
105373	-34	-37.9590100548
105379	-34	-37.8245067279
105389	-32	-36.5736098692
105397	-33	-38.0829545162
105401	-35	-39.5870913056
105407	-36	-40.4868675399
105437	-31	-36.9162293941
105449	-30	-35.3840585430
105467	-23	-30.3439754334
105491	-25	-29.7158263985
105499	-25	-30.3581593410
105503	-24	-30.3404576894
105509	-25	-31.4558775994
105517	-23	-30.9755233139
105527	-26	-32.9387303394
105529	-27	-34.0220352442
105533	-28	-35.4882337506
105541	-27	-34.9624778681
105557	-30	-37.2459882026
105563	-30	-37.7056335037
105601	-31	-34.9662470469
105607	-29	-34.4408701778
105613	-27	-33.5548736392
105619	-25	-32.8938164865
105649	-24	-30.8131779152
105653	-25	-32.0812192457
105667	-28	-34.0299812331
105673	-29	-34.4690612008
105683	-31	-36.8212229747
105691	-34	-38.3763195331
105701	-36	-39.0148177875
105727	-33	-36.5405419269
105733	-33	-36.7937776341
105751	-34	-35.2953944644
105761	-33	-34.5714565931
105767	-34	-35.9935659751
105769	-35	-36.9681424064
105817	-28	-32.1998849922
105829	-33	-35.8738055162
105863	-28	-32.0042996087
105871	-29	-32.7401920184
105883	-27	-31.5506926991
105899	-30	-32.5192362191
105907	-29	-32.4120709613
105913	-31	-33.2694978729
105929	-25	-29.4233240690
105943	-25	-30.3291458984
105953	-21	-27.5321364724
105967	-21	-27.3911023634
105971	-22	-28.1848784723
105977	-23	-29.0759294269
105983	-22	-28.4070211575
105997	-20	-27.1170046149
106013	-20	-27.0177075701
106019	-19	-26.5814393263
106031	-18	-26.1894804848
106033	-19	-27.1903387162
106087	-23	-27.6764900561
106103	-20	-25.7050940280
106109	-22	-27.2434728278
106121	-24	-28.3079772838
106123	-24	-28.9895418980
106129	-25	-29.8739848316
106163	-22	-26.0526031371
106181	-21	-26.4173084808
106187	-22	-27.5723164754
106189	-23	-28.7389548902
106207	-20	-27.2300835534
106213	-21	-27.2986637008
106217	-22	-28.1506580847
106219	-23	-29.1190156135
106243	-20	-26.0492972154
106261	-22	-27.5036908114
106273	-20	-26.7293017813
106277	-22	-28.0587247878
106279	-24	-29.3920298932
106291	-27	-30.6317408206
106297	-29	-32.0925060716
106303	-28	-32.4830100912
106307	-29	-33.4712565146
106319	-29	-33.1063868342
106321	-30	-34.0731193398
106331	-28	-33.0336441936
106349	-24	-30.7804656833
106357	-26	-32.3377660561
106363	-27	-33.9032934478
106367	-28	-34.6580275104
106373	-27	-34.3706557223
106391	-30	-35.0043744000
106397	-28	-34.4432929881
106411	-29	-35.6690676461
106417	-29	-36.3935861753
106427	-34	-39.0685595934
106433	-34	-39.2773859600
106441	-37	-40.7879778404
106451	-37	-40.7889244746
106453	-38	-41.8444518484
106487	-33	-38.7834897167
106501	-31	-36.7236961877
106531	-26	-31.7354025382
106537	-25	-31.0608680889
106541	-26	-32.0168154058
106543	-27	-33.0538242849
106591	-23	-28.0506424310
106619	-21	-28.1835260738
106621	-22	-29.0502583941
106627	-23	-30.2724288355
106637	-22	-29.3274903141
106649	-21	-29.0015180370
106657	-22	-29.7669428663
106661	-24	-31.6276978936
106663	-24	-32.3063744606
106669	-22	-31.6790100851
106681	-21	-31.3646075269
106693	-23	-33.5018406483
106699	-25	-34.3600576797
106703	-28	-36.3789654726
106721	-24	-34.2127637043
106727	-25	-35.5323986068
106739	-29	-38.5192218464
106747	-32	-40.1897503387
106751	-33	-41.1402956692
106753	-34	-42.1428717332
106759	-34	-43.2447924515
106781	-33	-43.0365354446
106783	-34	-44.0284348283
106787	-36	-45.5025701076
106801	-33	-42.8103393284
106823	-27	-39.3473636325
106853	-24	-35.4354415251
106859	-23	-35.7133995086
106861	-24	-36.8355687018
106867	-24	-37.3755210930
106871	-26	-38.6070040303
106877	-25	-37.9102985871
106903	-17	-31.4511778298
106907	-18	-32.3831866107
106921	-18	-32.1937494400
106937	-19	-31.8564351595
106949	-22	-33.2529783520
106957	-23	-34.5225356031
106961	-24	-35.6380989744
106963	-26	-36.9714042603
106979	-27	-38.0414456402
106993	-24	-35.9609322107
107021	-20	-33.0809835493
107033	-22	-33.8663903444
107053	-26	-36.1080069433
107057	-26	-36.4917121647
107069	-26	-36.1886925787
107071	-28	-37.4460102213
107077	-28	-37.8067386064
107089	-29	-37.7022954582
107099	-28	-37.8558010388
107101	-29	-38.8629625700
107119	-30	-39.2460636089
107123	-33	-41.2451812493
107137	-31	-39.6477953888
107171	-24	-34.5467405188
107183	-25	-34.3688775487
107197	-20	-31.5352152900
107201	-22	-33.1166326560
107209	-21	-33.1156112352
107227	-19	-32.4187325134
107243	-17	-31.2449620045
107251	-18	-32.1003056707
107269	-16	-30.7649204579
107273	-16	-31.3533901352
107279	-14	-31.2388647298
107309	-13	-28.1475342430
107323	-12	-28.0571693099
107339	-13	-27.3026445015
107347	-18	-30.2795833641
107351	-20	-32.0545819142
107357	-20	-31.7899529074
107377	-23	-33.8562657951
107441	-12	-25.3745312545
107449	-13	-25.0952370266
107453	-14	-25.5546853484
107467	-14	-24.1817209783
107473	-15	-25.6740853148
107507	-12	-21.7443771879
107509	-13	-22.7354383181
107563	-5	-12.5686069815
107923	-4	-10.0845057435
107927	-4	-10.5461610127
107941	-4	-10.7320428477
107951	-5	-11.0676654627
108533	-4	-9.6887251991
108541	-4	-9.4473473541
108553	-7	-12.3099514656
108557	-8	-13.5574415467
108571	-7	-13.3282889178
108587	-4	-10.4497755615
108929	-4	-13.6871459683
108971	-3	-15.3985245449
109423	-3	-17.1736260871
109441	-4	-18.2868092248
109451	-3	-16.8241697243
109453	-4	-17.6814130820
109469	-5	-18.0612060075
109471	-7	-19.3184362988
109481	-5	-18.4920475748
109507	-3	-16.7641254896
109517	-3	-16.4762773838
109519	-5	-17.8095833243
109537	-8	-19.8895607419
109541	-8	-20.5969743711
109547	-7	-19.9276572935
109567	-8	-20.4892537879
109579	-8	-20.9657384203
109583	-7	-21.0726969833
109589	-7	-21.0082867240
109597	-10	-22.6122960113
109609	-8	-20.6288362046
109619	-12	-23.7103032800
109621	-13	-24.7225546939
109639	-9	-21.4958613426
109661	-7	-20.1853714716
109663	-8	-21.1446554532
109673	-6	-20.3668334481
109847	-4	-18.0294886927
109849	-5	-18.9501699977
109859	-8	-20.9928439929
109873	-11	-22.1996416383
109883	-13	-23.7294049180
109891	-12	-23.9561340498
109897	-16	-26.9462285765
109903	-16	-27.7734669910
109913	-14	-26.6003897237
109919	-12	-25.8962767082
109937	-10	-23.5625269154
109943	-13	-25.9928869073
109961	-12	-25.2955625152
109987	-13	-25.7256162133
110017	-13	-24.9602724223
110023	-11	-24.3242749697
110039	-13	-25.2495764800
110051	-14	-25.6247984291
110059	-15	-25.3286318100
110063	-17	-27.2135111532
110069	-19	-28.7551245814
110083	-19	-28.6992649627
110119	-7	-19.2891885130
110129	-5	-19.0301235581
110977	-4	-13.7440636629
110989	-5	-13.8615143657
111127	-3	-11.1238480538
111143	-6	-12.7142952234
111149	-4	-12.0125176485
111253	-4	-8.4754009915
111263	-3	-8.3499480674
111269	-3	-8.6141919376
111271	-3	-9.3475881808
125693	-3	-27.9701269022
125707	-4	-28.3209507434
125711	-3	-28.5126362713
125717	-4	-29.3694357106
125731	-5	-30.9189137347
125737	-4	-30.5130820220
125789	-3	-29.3448161643
125791	-5	-30.5729980547
125803	-6	-30.8652801302
125813	-4	-30.3108936495
125821	-4	-30.0730322554
129641	-4	-30.6614023561
129643	-6	-31.9575949479
129671	-5	-28.3945327068
129707	-9	-29.4151747267
129719	-7	-27.1066680381
129733	-13	-30.6060281908
129737	-15	-31.9373464893
129749	-14	-31.4241690104
129757	-12	-30.2352072366
129763	-11	-30.1536374144
129769	-13	-31.7214974802
129793	-8	-28.8677126344
129803	-6	-28.8082204110
129841	-10	-28.7325875792
129853	-7	-25.8284990157
129887	-7	-24.8713235266
129893	-7	-25.3431298442
129901	-11	-28.2278004253
129917	-9	-27.1407398283
129919	-9	-27.8139413861
129937	-8	-26.2742787380
129953	-7	-25.0076145850
129959	-7	-25.3916673221
129967	-8	-25.4852700591
129971	-8	-26.2241410707
130003	-4	-20.9564389800
130021	-3	-20.6855934774
130043	-5	-21.0018862286
130051	-7	-22.6783575682
130057	-6	-22.5415978527
130069	-4	-21.3653788004
130073	-7	-23.5482964166
130079	-10	-25.7518267341
130087	-11	-26.4577616362
130099	-15	-28.1952776187
130121	-14	-27.3106893356
130127	-15	-28.5193597360
130147	-11	-25.1110953940
130171	-11	-23.6606058962
130183	-8	-22.4868418063
130199	-3	-19.1686542732
130201	-4	-20.1797065005
130279	-4	-24.2865148204
130307	-3	-22.6730406414
130337	-3	-21.9748701083
130343	-4	-23.0556220414
130349	-5	-24.3692355479
130363	-8	-26.3800995648
130367	-8	-26.8391052892
130369	-9	-27.8302610943
130379	-9	-28.2677703051
130399	-6	-26.2628507910
130409	-10	-29.2268168095
130411	-11	-30.2349066798
130423	-15	-32.4511204756
130439	-22	-37.2603908075
130447	-21	-36.6896589219
130457	-20	-35.5507320615
130469	-19	-34.9714189140
130477	-21	-37.0039986020
130483	-19	-35.8304893876
130489	-22	-37.5648439469
130513	-24	-37.1159419834
130517	-25	-38.2736116323
130523	-27	-39.3285961469
130531	-29	-40.7154740522
130547	-30	-40.5799125016
130553	-29	-39.9142001500
130579	-25	-37.9968652602
130589	-24	-37.5517441463
130619	-20	-35.1732156710
130621	-21	-36.2871262513
130631	-21	-35.9908165447
130633	-22	-37.0741269127
130639	-24	-38.6835643283
130643	-27	-40.7010891443
130649	-25	-39.9583993718
130651	-26	-41.0068876993
130657	-27	-42.4350777369
130681	-27	-41.1657209961
130687	-28	-42.9112056268
130693	-28	-43.9240517839
130699	-30	-44.9899573614
130729	-24	-40.2568224860
130769	-18	-35.0620642170
130783	-17	-33.7497799210
130787	-18	-34.8133310183
130807	-18	-33.2148694557
130811	-19	-34.5160682711
130817	-18	-33.8562437425
130829	-20	-34.8903858145
130841	-17	-33.2759588056
130843	-18	-34.3129729142
130859	-18	-35.2214912263
130873	-17	-34.3217405729
130927	-11	-28.2583139607
130957	-9	-25.1629254146
130969	-13	-27.7532511520
130973	-14	-29.3176387659
130981	-14	-29.5919474126
130987	-14	-29.7110172143
131009	-11	-25.9675244845
131011	-13	-27.2093304534
131023	-14	-27.7452674635
131041	-14	-26.6282597068
131059	-16	-26.8368836251
131063	-18	-28.5175340581
131071	-20	-29.0112100827
131101	-19	-29.1586734190
131111	-18	-29.2957988409
131113	-19	-30.3050352189
131129	-20	-31.0736086051
131143	-17	-28.1010535043
131149	-17	-28.1922605873
131171	-15	-26.4097923678
131203	-11	-21.5723531017
131213	-12	-21.3988052380
131221	-12	-22.5443925262
131231	-11	-22.5750934599
131249	-6	-18.1825352816
131251	-7	-19.1821619482
131267	-4	-18.5644302548
131293	-3	-16.8077202034
131297	-4	-17.8693255323
131639	-3	-18.5041205188
131641	-4	-19.4375070274
131777	-3	-18.6979395068
131779	-4	-19.8090278523
131783	-5	-20.4659616283
131797	-8	-22.4471546736
131837	-9	-21.7645095903
131839	-11	-23.0397488991
131849	-11	-23.6099677765
131861	-6	-19.7759222493
131891	-5	-17.4389989301
131893	-6	-18.2784963977
131899	-8	-18.9541371684
131909	-5	-17.1756260748
131927	-6	-19.0366305612
131933	-7	-20.3700343320
131939	-6	-20.1538476622
131941	-7	-21.1094562721
131947	-10	-22.9743536694
131959	-9	-22.0590492942
131969	-5	-19.4278914100
132047	-3	-15.8435624384
132049	-4	-16.8317409795
132059	-3	-17.1625502328
132313	-3	-14.5355112392
132329	-4	-15.7228306334
132331	-6	-16.9646427697
132347	-5	-15.5160384116
132361	-4	-14.6410589661
132367	-5	-15.7034077415
132371	-6	-16.3006141202
132383	-6	-16.3159087585
132409	-4	-13.6828030657
132437	-7	-14.7854705547
132439	-9	-16.1187812359
132469	-13	-16.7449693263
132491	-8	-13.1466997726
132499	-8	-12.3689669950
132511	-10	-13.5111161000
132523	-13	-15.8634168809
132527	-13	-16.5848858445
132529	-14	-17.5471504225
132533	-15	-18.9682924907
132541	-16	-19.3239096113
132547	-17	-20.1956138116
132589	-13	-15.2965644408
132607	-16	-16.3675502796
132611	-15	-16.3096687969
132619	-18	-18.3834326673
132623	-19	-18.9563689483
132631	-20	-20.1186110211
132637	-21	-21.2003285966
132647	-23	-22.7359983127
132661	-27	-25.0237505552
132667	-29	-26.1400940976
132679	-29	-26.0430647170
132689	-27	-25.3390307280
132697	-27	-26.2850731956
132701	-28	-27.2560409352
132707	-28	-27.4135679530
132709	-29	-28.5802120135
132721	-27	-27.9125283510
132739	-28	-29.0609227198
132749	-28	-29.3377476068
132751	-29	-30.3342447819
132757	-29	-31.0103774258
132761	-31	-32.6201393818
132763	-33	-33.8934630738
132817	-34	-31.4463881748
132833	-29	-28.0480819179
132851	-30	-29.1420036844
132857	-30	-29.3214429724
132859	-31	-30.3124032457
132863	-32	-31.6242002069
132887	-36	-34.2423757985
132893	-36	-34.2541293749
132911	-36	-34.2809900910
132929	-39	-36.2153894072
132947	-42	-36.9083153146
132949	-43	-37.9268112679
132953	-43	-38.3553917595
132961	-44	-38.3892764003
132967	-44	-38.7190514693
132971	-47	-40.8920971685
132989	-47	-40.3567282348
133013	-47	-40.8371570723
133033	-46	-40.6347766004
133039	-47	-41.1726238514
133051	-48	-41.6589281257
133069	-44	-39.1175842831
133073	-43	-39.0457558591
133087	-43	-39.7340029004
133097	-42	-38.8561748074
133103	-42	-39.2816612164
133109	-44	-41.2891777550
133117	-43	-41.3473595190
133121	-45	-43.0323969210
133153	-40	-39.2601323072
133157	-42	-40.2776433169
133169	-43	-40.6271612051
133183	-45	-41.5703933183
133187	-44	-41.5631889361
133201	-43	-41.2175384195
133213	-42	-39.3897147047
133241	-41	-39.5761643817
133253	-38	-37.1420235842
133261	-39	-37.8479056733
133271	-44	-39.8786479118
133277	-47	-42.1145992033
133279	-47	-42.7861353907
133283	-49	-44.4952124739
133303	-46	-42.6903054421
133319	-45	-41.0874719548
133321	-46	-42.1474704546
133327	-47	-42.9613443783
133337	-46	-42.5426972280
133349	-45	-41.6935775070
133351	-46	-42.7389243386
133379	-42	-38.4415791656
133387	-44	-39.1018815428
133391	-46	-40.0296443270
133403	-48	-42.0531083815
133417	-45	-39.7950277853
133439	-45	-40.3190779341
133447	-46	-42.0329952321
133451	-46	-42.3986194174
133481	-45	-39.5730817050
133493	-42	-37.1074003061
133499	-40	-36.2092965704
133519	-39	-35.5980375962
133541	-41	-36.4282989956
133543	-42	-37.4653135677
133559	-40	-34.8793141573
133571	-36	-32.2720207079
133583	-35	-31.6351650743
133597	-34	-30.1822192119
133631	-34	-29.9779387050
133633	-35	-30.9783502830
133649	-34	-29.6454415438
133657	-35	-30.4043793042
133669	-37	-30.5389679761
133673	-40	-32.5526763602
133691	-38	-30.9755781307
133697	-39	-32.3834303013
133709	-41	-33.5620209735
133711	-41	-34.2954066588
133717	-44	-36.6335078410
133723	-44	-37.2817733433
133733	-41	-36.0943863994
133769	-36	-32.0404012275
133781	-37	-33.2853477339
133801	-32	-30.2655095348
133811	-34	-31.8183383907
133813	-35	-32.8131295903
133831	-36	-32.0830631930
133843	-37	-31.9340643710
133853	-35	-30.5269875886
133873	-32	-30.3603996014
133877	-32	-30.6690294004
133919	-14	-18.6331215169
133949	-9	-13.4743348507
133963	-9	-13.6862800867
133967	-10	-14.8309386593
133979	-11	-15.2579905477
133981	-12	-16.1576696042
133993	-16	-18.7481529801
133999	-15	-18.8290534799
134033	-12	-15.3781900307
134039	-14	-17.6909260721
134047	-11	-15.5713767463
134053	-10	-15.0605601354
134059	-14	-17.8017620399
134077	-13	-16.5719231179
134081	-12	-16.5975018339
134087	-10	-15.4094812013
134089	-11	-16.3289296231
134093	-13	-18.1012344535
134129	-11	-15.3898735269
134153	-11	-13.6292018109
134161	-14	-16.5287141810
134171	-14	-16.7476802993
134177	-15	-17.5061881174
134191	-18	-19.4400354873
134207	-19	-19.2091300506
134213	-20	-19.3293933045
134219	-24	-21.9373058238
134227	-24	-21.5292390931
134243	-23	-21.4776235460
134257	-27	-24.9938517362
134263	-27	-25.8524557335
134269	-27	-26.0541072859
134287	-27	-26.2599877920
134291	-27	-27.0592812606
134293	-28	-28.0512316373
134327	-21	-22.2579802613
134333	-21	-21.6910259047
134339	-23	-23.4285051064
134341	-24	-24.2952238797
134353	-29	-27.0952214986
134359	-30	-28.2633214371
134363	-30	-28.6410843293
134369	-29	-28.5143962518
134371	-30	-29.4255594578
134399	-23	-25.7663325842
134401	-24	-26.7659680008
134417	-25	-26.2960666445
134437	-15	-20.8352385640
134443	-15	-21.1767252675
134471	-11	-17.2032652719
134489	-13	-16.4682369427
134503	-10	-15.1324070756
134507	-12	-16.4956827565
134513	-14	-17.4454932350
134581	-6	-11.2275089061
134587	-10	-14.0282100813
134591	-11	-14.8680865901
134593	-12	-15.8784809671
134597	-14	-17.6100335455
134609	-12	-16.4447263021
134639	-5	-10.5934757791
134669	-7	-10.7472714355
134677	-7	-10.6145232876
134681	-6	-10.5248539480
134683	-8	-11.8581650066
134699	-8	-12.7130231311
134707	-12	-15.0153760844
134731	-13	-15.0544527214
134741	-11	-14.5679662775
134753	-8	-12.5108003382
134777	-9	-13.0723568828
134789	-8	-12.6009443302
134807	-4	-9.4307655973
134857	-3	-8.7190706329
134887	-3	-8.5192282253
135511	-4	-14.6385290118
135671	-6	-19.5195735806
135697	-6	-19.6144722964
135701	-7	-20.3837521817
135721	-3	-17.5986080492
135727	-5	-18.7859928838
135731	-6	-19.8630811073
135743	-6	-19.8758457504
135757	-10	-22.9115397770
135781	-8	-19.3608083398
135787	-10	-21.0600275575
135799	-7	-19.9932324200
135829	-7	-19.4615851764
135841	-12	-22.5879610356
135851	-14	-24.5867464128
135859	-13	-23.8426512672
135887	-9	-20.8410422974
135893	-8	-20.7940001704
135899	-9	-21.4132157754
135911	-13	-23.6192185557
135913	-14	-24.5478709189
135929	-12	-23.6441163341
135937	-14	-24.9854238973
135977	-10	-21.5570542001
135979	-10	-22.2281701158
136013	-6	-18.6016760497
136027	-8	-18.5403529883
136033	-6	-17.8475772180
136043	-11	-21.0055035965
136057	-12	-21.6140700960
136067	-13	-21.7801600314
136069	-14	-22.9250214242
136093	-14	-23.4183435593
136099	-15	-24.4526948403
136111	-17	-25.3020434703
136133	-16	-23.4339134972
136139	-20	-26.4383371464
136163	-19	-24.8161425563
136177	-20	-25.8876528471
136189	-20	-25.5434395826
136193	-23	-27.5501096207
136207	-20	-25.9933190992
136217	-19	-26.1612334517
136223	-18	-25.9433192264
136237	-16	-23.9443913366
136247	-14	-22.1472860871
136261	-18	-24.6645846481
136273	-20	-25.6255211652
136277	-22	-26.8100869139
136303	-18	-23.7254697928
136309	-17	-23.0427282732
136319	-17	-23.7673591464
136327	-17	-23.7630941375
136333	-19	-24.7108122576
136337	-20	-25.5817149381
136343	-18	-24.4925020937
136351	-19	-25.2035333582
136361	-21	-26.6425844580
136373	-25	-29.7947071392
136379	-28	-31.2856488601
136393	-26	-30.6577145343
136397	-28	-31.7729952317
136399	-28	-32.4441267732
136403	-31	-34.4951642484
136417	-30	-34.6247850298
136421	-31	-35.5839599903
136429	-29	-34.2666092345
136447	-32	-36.7112868126
136453	-34	-38.2533627926
136463	-34	-39.1339531717
136471	-34	-39.9316941348
136481	-32	-39.8601827263
136483	-33	-40.8466351522
136501	-32	-38.9818592594
136511	-35	-40.4760107316
136519	-32	-38.4879463030
136523	-32	-38.9156358156
136531	-32	-39.1280125988
136537	-34	-40.4607042203
136541	-36	-42.2250228119
136547	-37	-43.0849947061
136559	-36	-43.0247827372
136573	-32	-40.5715830137
136601	-37	-42.0076454583
136603	-38	-43.1187346078
136607	-39	-43.9363568238
136621	-41	-45.4390275354
136649	-40	-43.3980371117
136651	-41	-44.3447550041
136657	-41	-45.3673386368
136691	-34	-38.1693147779
136693	-35	-39.2248483862
136709	-37	-40.5341078885
136711	-38	-41.5446338193
136727	-43	-44.3134329704
136733	-42	-43.5115537686
136739	-42	-43.6582966109
136751	-47	-48.0587256910
136753	-48	-49.0903084100
136769	-46	-47.7773696431
136777	-48	-48.3223831778
136811	-48	-48.2177234439
136813	-49	-49.0640454039
136841	-47	-48.7264648573
136849	-50	-50.3695925776
136859	-52	-51.4066913526
136861	-53	-52.2734091664
136879	-57	-55.1735670156
136883	-59	-56.8377823470
136889	-61	-58.9450180168
136897	-58	-57.3039269405
136943	-57	-53.7008801091
136949	-59	-55.4428335092
136951	-60	-56.4907269009
136963	-59	-55.0802659836
136973	-59	-55.5257768859
136979	-57	-54.9288829705
136987	-56	-54.8197668067
136991	-58	-56.5950036308
136993	-59	-57.6158150650
136999	-59	-58.0788915349
137029	-52	-52.4164821831
137077	-48	-48.3107637754
137087	-48	-48.2380621415
137089	-49	-49.2366542867
137117	-53	-49.8357835517
137119	-55	-51.1690950060
137131	-55	-51.3759082669
137143	-54	-50.3817610195
137147	-55	-51.2504139677
137153	-57	-52.9687051308
137177	-59	-53.0637614991
137183	-61	-54.4189500808
137191	-62	-55.0521131398
137197	-62	-55.8214763360
137201	-63	-56.7151162002
137209	-64	-57.7992943551
137219	-65	-58.2460580027
137239	-64	-57.5371679883
137251	-66	-58.1333984211
137273	-63	-54.8205696072
137279	-62	-54.9404387768
137303	-66	-57.2974835408
137321	-70	-59.4021675881
137339	-64	-55.8917724172
137341	-65	-56.9295108765
137353	-67	-57.9356993452
137359	-69	-59.1250576848
137363	-70	-60.0239406104
137369	-71	-61.1593928868
137383	-71	-61.7372938715
137387	-73	-63.1740127466
137393	-75	-65.3335370493
137399	-74	-65.0069550829
137413	-75	-64.8369834158
137437	-77	-66.1351283272
137443	-79	-66.7069266464
137447	-81	-67.9863567926
137453	-82	-69.4928398106
137477	-79	-68.6113510793
137483	-78	-68.1053948633
137491	-80	-70.5994778353
137507	-79	-70.0100350378
137519	-83	-71.6152154180
137537	-80	-68.3859568940
137567	-74	-63.3787099468
137573	-76	-64.6397334062
137587	-75	-64.7337652465
137593	-75	-64.2529228227
137597	-78	-66.5235449392
137623	-81	-66.6108717921
137633	-81	-66.2012251899
137639	-81	-66.6276073182
137653	-78	-65.0216028488
137659	-80	-65.8994890533
137699	-77	-62.8658525355
137707	-77	-63.0329298067
137713	-78	-64.5105025603
137723	-81	-65.2825765418
137737	-82	-66.7149875950
137743	-82	-66.7966898108
137771	-81	-65.3329179473
137777	-80	-64.8543942218
137791	-81	-64.5254322045
137803	-79	-63.2382380266
137827	-79	-63.0102762231
137831	-80	-63.4035711033
137849	-82	-64.6929813883
137867	-83	-65.2378518770
137869	-84	-66.4044967836
137873	-84	-66.8598033416
137909	-75	-58.3756097884
137911	-75	-59.1089938794
137927	-73	-57.5403212790
137933	-73	-57.5784406939
137941	-73	-57.4481016064
137947	-73	-58.6272327004
137957	-75	-59.6874351636
137983	-79	-60.9019587702
137993	-80	-61.1670293863
137999	-80	-61.4189116708
138007	-81	-62.1234625252
138041	-81	-60.5682558512
138053	-83	-61.2512177483
138059	-84	-61.7225852441
138071	-85	-62.3546538683
138077	-85	-62.5517330108
138079	-86	-63.5887483209
138101	-84	-61.7750727447
138107	-88	-64.5541634045
138113	-88	-64.7004746661
138139	-88	-64.7292897729
138143	-89	-65.7346116715
138157	-88	-64.9155788524
138163	-90	-65.6752213233
138179	-86	-62.7783973070
138181	-87	-63.7943692276
138191	-89	-66.4184727953
138197	-92	-68.3222212114
138209	-95	-70.0435477007
138239	-87	-64.0483140569
138241	-88	-65.0483646934
138247	-90	-66.4271520165
138251	-91	-67.3049603702
138283	-87	-63.1189033111
138289	-86	-62.6909236597
138311	-89	-64.5676067882
138319	-91	-65.2604123429
138323	-91	-65.9116547104
138337	-92	-67.4250293574
138349	-89	-65.3557823006
138371	-87	-62.8865540176
138373	-88	-63.7328740823
138389	-91	-65.9448080357
138401	-95	-68.4304404398
138403	-96	-69.3969076874
138407	-97	-70.6444255821
138427	-96	-67.4301590109
138433	-96	-67.6981829092
138449	-94	-66.2450090298
138451	-95	-67.2935391850
138461	-96	-68.0713461363
138469	-95	-67.8187365252
138493	-94	-68.0926101166
138497	-93	-68.1319148127
138511	-92	-68.0400469738
138517	-92	-68.8013233977
138547	-93	-70.0010107065
138559	-89	-67.2531105348
138563	-90	-68.0814787618
138569	-92	-69.3059647627
138571	-94	-70.5622900856
138577	-96	-72.4751524651
138581	-99	-74.4871057070
138587	-99	-74.8519566823
138599	-104	-78.3686354703
138617	-106	-79.1881845923
138629	-105	-78.3326373886
138637	-103	-77.4833065990
138641	-106	-79.6758097506
138647	-106	-79.6690625679
138661	-108	-80.7803968866
138679	-104	-77.8533326981
138683	-104	-78.6635705818
138727	-105	-77.1983241339
138731	-108	-79.1329987514
138739	-107	-78.4848220556
138763	-109	-78.7766648927
138793	-104	-74.0573900653
138797	-105	-75.2499565720
138799	-106	-76.1490833606
138821	-102	-72.3840886645
138829	-103	-73.2689092020
138841	-99	-70.6340235893
138863	-101	-71.8242804971
138869	-102	-72.8276577110
138883	-98	-69.8898772251
138889	-96	-68.8300210788
138893	-99	-71.0648247569
138899	-99	-71.2128840701
138917	-96	-68.7412861643
138923	-98	-70.2760950761
138937	-98	-70.7858710493
138959	-98	-71.0013964089
138967	-98	-70.6364372007
138977	-97	-69.7129267164
139021	-89	-61.7413850500
139033	-91	-62.0627018441
139067	-89	-56.7242756673
139079	-90	-58.1539404979
139091	-89	-57.4767427890
139109	-93	-59.3220573253
139121	-90	-58.0137033769
139123	-91	-58.9053021175
139133	-94	-60.6692129783
139169	-98	-61.2933939336
139177	-99	-62.5333807326
139187	-100	-63.6733498713
139199	-96	-60.7253222396
139201	-97	-61.7237058602
139241	-101	-61.3097526838
139267	-95	-56.2124790279
139273	-96	-57.5383232615
139291	-99	-60.2764959648
139297	-102	-62.7215162588
139301	-104	-64.3694969454
139303	-105	-65.2609486115
139309	-104	-65.3779037130
139313	-106	-66.9276195463
139333	-103	-64.5303859221
139339	-103	-65.5083137629
139343	-102	-65.6261872918
139361	-103	-67.0684933926
139367	-107	-69.2902990846
139369	-108	-70.3736108921
139387	-109	-71.0874131830
139393	-109	-71.2479126107
139397	-110	-72.0311957269
139409	-111	-72.8079162533
139423	-108	-70.9425377430
139429	-107	-70.5293140845
139439	-104	-69.7686532337
139457	-108	-73.2871462504
139459	-108	-73.9842521891
139483	-103	-69.6080705975
139487	-104	-70.3511845942
139493	-105	-71.3075219293
139501	-105	-71.4534316101
139511	-103	-69.7733835941
139537	-99	-68.7271901062
139547	-100	-68.9513090498
139571	-95	-65.1230095236
139589	-95	-64.4888051842
139591	-96	-65.5151609403
139597	-95	-65.1234579530
139609	-93	-63.8917071214
139619	-94	-64.3773864366
139627	-98	-67.6485683659
139661	-92	-63.7623571292
139663	-93	-64.8734467599
139681	-90	-61.4192642517
139697	-85	-58.2438392552
139703	-86	-58.8627835643
139709	-85	-58.9991833324
139721	-82	-57.6930185073
139729	-83	-57.8488429848
139739	-84	-58.5357208735
139747	-87	-60.1945847236
139753	-90	-62.7468611836
139759	-90	-62.3856907936
139787	-96	-65.9916042704
139801	-95	-65.8874420544
139813	-93	-64.2131775892
139831	-91	-61.8881890190
139837	-92	-62.2504031896
139861	-94	-62.5460922357
139871	-95	-63.5007479960
139883	-92	-61.0064229858
139891	-93	-62.2669780627
139901	-95	-64.2452143700
139907	-95	-64.6234191430
139921	-92	-62.6872447840
139939	-86	-58.4554012013
139943	-88	-60.1818698237
139967	-88	-58.8600054162
139969	-89	-59.8599839827
139981	-88	-60.2805799363
139987	-88	-60.7672160647
139991	-89	-61.7468062203
139999	-90	-62.6413212141
140009	-87	-60.8762632272
140053	-83	-56.5887993490
140057	-86	-58.5154610105
140069	-87	-58.8203525609
140071	-87	-59.6092509688
140111	-83	-55.2476598635
140123	-82	-54.5859700979
140143	-82	-53.6783761300
140159	-80	-51.5999092441
140167	-80	-52.1240405337
140171	-79	-52.1712442686
140177	-80	-52.8308857098
140191	-81	-53.9426299270
140197	-84	-56.2673287854
140207	-85	-57.3026838943
140221	-84	-55.9144085991
140227	-86	-57.5673911711
140237	-86	-58.2253807909
140249	-84	-57.4277286178
140263	-84	-57.5550965853
140269	-85	-59.3987369556
140281	-83	-58.5682665176
140297	-79	-56.0452153991
140317	-73	-52.0278229504
140321	-75	-53.4492017051
140333	-75	-52.1670650861
140339	-75	-52.8386857379
140351	-74	-51.7285298673
140363	-70	-49.7940162368
140381	-73	-53.3310016475
140401	-75	-54.5094366424
140407	-74	-54.7782608813
140411	-74	-55.0526183187
140417	-76	-56.9533952239
140419	-77	-57.8465072180
140423	-78	-58.8298335525
140443	-74	-56.6323745844
140449	-74	-57.0423875434
140453	-74	-57.1557525100
140473	-72	-56.3840463038
140477	-72	-56.7849554029
140521	-70	-53.6383837775
140527	-73	-55.5284020222
140533	-75	-56.4630107441
140549	-78	-59.2724214137
140551	-79	-60.2191378847
140557	-80	-60.7395719209
140587	-85	-63.0767535060
140593	-84	-63.0378210702
140603	-82	-60.9380607903
140611	-87	-64.6917438562
140617	-89	-65.7409559617
140627	-88	-65.8378707704
140629	-89	-67.0045161042
140639	-89	-66.5166772858
140659	-92	-69.1535603919
140663	-94	-70.2372674998
140677	-98	-72.6350987239
140681	-100	-74.1948367350
140683	-102	-75.5281487436
140689	-100	-74.3803084779
140717	-99	-74.8407891545
140729	-102	-76.8628166579
140731	-102	-77.5961997318
140741	-108	-82.0426469195
140759	-102	-77.3632384562
140761	-103	-78.3832370353
140773	-105	-81.5813493511
140779	-107	-83.0511744832
140797	-108	-83.8582027239
140813	-103	-79.4830878386
140827	-102	-78.6060782892
140831	-103	-79.2002980816
140837	-103	-79.6825132208
140839	-105	-81.0158252530
140863	-100	-77.1188528854
140867	-101	-78.2376861246
140869	-102	-79.2806128361
140891	-98	-76.7176251700
140893	-99	-77.5545995901
140897	-101	-78.8211774386
140909	-100	-77.9605048534
140929	-100	-79.1431489237
140939	-103	-82.7487848447
140977	-101	-79.3259315802
140983	-100	-78.7108770176
140989	-103	-80.5360946243
141023	-96	-75.2769058380
141041	-102	-78.3047953816
141061	-97	-74.3760961522
141067	-101	-77.0747295941
141073	-104	-78.7984922200
141079	-102	-78.2479205173
141101	-100	-78.1600829043
141107	-100	-78.0137485489
141121	-100	-77.8822884533
141131	-98	-76.6931891224
141157	-90	-71.1561733567
141161	-93	-73.4124545417
141179	-87	-70.6777599002
141181	-88	-71.8001497570
141199	-89	-72.2987526821
141209	-92	-74.4033481209
141221	-92	-74.2945907046
141223	-94	-75.6279027948
141233	-96	-77.3724957066
141241	-97	-77.8920647505
141257	-95	-76.1449680464
141263	-94	-75.4886830210
141269	-95	-76.5404170395
141277	-97	-77.0498502638
141283	-95	-75.9429731873
141301	-93	-73.1406506061
141307	-94	-74.5632789300
141311	-94	-75.1347791096
141319	-95	-76.0912355756
141353	-101	-80.0573152376
141359	-101	-80.5952440084
141371	-102	-81.9418835841
141397	-100	-79.0616885824
141403	-103	-81.2159274101
141413	-100	-78.8407116201
141439	-93	-73.7012071148
141443	-94	-74.4576466622
141461	-96	-75.4274348744
141481	-99	-75.3052796635
141497	-100	-75.3049642365
141499	-101	-76.2098038808
141509	-101	-76.4566787216
141511	-103	-77.7153671534
141529	-99	-74.2212400575
141539	-98	-73.7395150644
141551	-97	-73.8316887633
141587	-98	-72.5455179479
141601	-103	-75.1598608042
141613	-108	-79.5268867714
141619	-108	-79.6826203634
141623	-108	-79.8561523209
141629	-111	-81.7120181513
141637	-112	-82.7090392478
141649	-112	-83.0293642668
141653	-113	-84.1013642224
141667	-117	-87.4502368842
141671	-117	-88.3182364688
141677	-120	-90.5520718404
141679	-121	-91.4477154830
141689	-121	-92.0902539950
141697	-122	-93.4880343436
141707	-125	-95.8594586565
141709	-126	-96.8391281176
141719	-129	-99.8735021791
141731	-128	-98.7699053933
141761	-118	-90.6940328047
141767	-121	-92.7275538707
141769	-122	-93.7024353671
141773	-123	-94.5580573894
141793	-124	-94.7233032201
141803	-129	-97.9739423202
141811	-130	-98.3425479650
141829	-128	-96.4493772845
141833	-128	-96.9784982530
141851	-130	-98.8563030108
141853	-131	-100.0229485286
141863	-131	-98.9708213109
141871	-134	-102.1048182077
141907	-125	-95.9025694879
141917	-122	-94.6300617439
141931	-122	-93.9423214530
141937	-121	-93.4789881650
141941	-121	-93.8479473266
141959	-120	-94.1175374098
141961	-121	-95.1215878465
141971	-124	-97.1084664153
141991	-122	-95.1651884545
142007	-118	-92.7071278637
142019	-118	-93.1390973076
142031	-117	-92.2415320820
142039	-118	-92.6908808899
142049	-118	-93.4636587163
142057	-117	-93.3604702991
142061	-116	-93.4741229389
142067	-118	-94.5491989028
142097	-119	-93.6790488916
142099	-119	-94.3761522991
142111	-122	-96.1961505863
142123	-128	-100.3398831256
142151	-121	-93.7802750429
142157	-120	-93.7156678453
142159	-122	-95.0134702905
142169	-121	-94.7977081444
142183	-123	-95.4212648891
142189	-123	-95.6540777594
142193	-123	-96.0176990216
142211	-119	-93.6462748368
142217	-119	-93.6304676187
142223	-119	-94.2140253351
142231	-121	-94.5761468098
142237	-120	-94.4000813121
142271	-117	-92.6071387448
142297	-109	-85.7582893195
142319	-108	-85.1463501585
142327	-106	-84.1080870083
142357	-100	-79.1709745645
142369	-104	-81.8763992343
142381	-102	-80.7680752793
142391	-99	-79.5665002061
142403	-100	-80.2943256491
142421	-103	-81.4680164591
142427	-101	-80.8705774272
142433	-103	-82.1809040521
142453	-109	-85.7380422066
142469	-109	-84.8681593779
142501	-106	-80.9780226051
142529	-104	-79.3290162663
142537	-105	-80.5461329786
142543	-105	-81.0302508246
142547	-108	-83.0401113231
142553	-108	-83.4082021152
142559	-109	-84.8779033669
142567	-107	-83.6098044139
142573	-108	-84.9995794179
142589	-103	-81.5838039129
142591	-104	-82.6161133314
142601	-104	-83.1527095838
142607	-106	-83.9815048257
142609	-107	-85.0231504556
142619	-108	-86.3393887660
142657	-103	-82.9492603121
142673	-102	-81.9864100754
142697	-94	-76.4179729831
142699	-94	-77.1044647349
142711	-93	-75.5725666361
142733	-86	-71.0554398801
142757	-83	-69.6378173867
142759	-84	-70.7235498850
142771	-85	-71.5612654263
142787	-80	-68.8201660634
142789	-81	-69.6567839865
142799	-78	-68.5132550955
142811	-83	-71.3375364817
142837	-79	-68.6156478128
142841	-79	-69.4332634501
142867	-74	-65.2100600402
142871	-75	-65.6450842423
142873	-76	-66.7283965778
142897	-79	-68.6057975057
142903	-78	-68.4413878131
142907	-77	-68.3595878410
142939	-72	-62.7450467240
142949	-68	-60.7210700832
142963	-68	-60.0761162304
142969	-69	-61.7932692340
142973	-69	-62.3558011162
142979	-68	-62.1035658500
142981	-69	-62.9702814745
142993	-68	-62.2194215078
143053	-60	-53.3096563869
143063	-61	-54.2448818400
143093	-59	-52.4413709933
143107	-52	-47.8729148941
143111	-52	-48.0850899571
143113	-53	-49.0039157718
143137	-55	-49.5168707119
143141	-54	-49.1624298382
143159	-54	-48.7487890110
143177	-53	-47.6886788446
143197	-54	-48.0403396923
143239	-52	-44.6347482924
143243	-51	-44.7681774548
143249	-53	-46.0761886528
143257	-55	-47.6374310880
143261	-57	-49.3113107362
143263	-58	-50.2796414868
143281	-63	-52.9731846492
143287	-66	-54.7532632521
143291	-68	-55.9759778409
143329	-64	-51.5082949891
143333	-63	-51.6925218653
143357	-58	-47.9165157776
143387	-58	-46.6921906748
143401	-53	-43.1195745220
143413	-55	-43.2457694273
143419	-55	-43.1221332264
143443	-51	-39.4051068344
143461	-50	-36.5534376640
143467	-53	-38.5500776376
143477	-54	-38.3794185518
143483	-55	-39.7144957152
143489	-54	-39.5736015794
143501	-61	-45.3098077783
143503	-63	-46.6431202060
143509	-63	-47.1071937738
143513	-62	-46.9222025999
143519	-64	-48.0590987326
143527	-63	-48.6759949784
143537	-62	-48.4628901641
143551	-64	-50.4114662254
143567	-63	-49.9985451601
143569	-64	-51.0124131530
143573	-64	-51.0879866332
143593	-61	-48.4363653377
143609	-60	-46.7998744638
143617	-57	-45.1012904688
143629	-58	-46.0177682901
143651	-52	-42.8737354798
143653	-53	-44.0403812626
143669	-55	-45.0483280912
143677	-56	-46.7820930892
143687	-56	-46.3577890343
143699	-60	-49.1021823516
143711	-60	-50.2373910514
143719	-61	-50.6330194416
143729	-60	-50.3984593753
143743	-59	-48.9577918274
143779	-49	-40.9079292932
143791	-48	-40.9588179992
143797	-49	-41.5806396189
143807	-50	-42.2131230524
143813	-49	-42.0985518342
143821	-47	-41.7088302219
143827	-51	-44.3375688592
143831	-51	-45.2661480890
143833	-52	-46.1893849209
143873	-45	-39.2332868474
143879	-46	-40.3061229239
143881	-47	-41.3661660153
143909	-42	-38.5058329283
143947	-36	-31.6381880686
143953	-37	-32.1916169750
143971	-39	-33.0074565280
143977	-39	-33.5424052288
143981	-42	-35.4537026177
143999	-39	-33.4665985376
144013	-45	-36.6728315416
144031	-42	-34.0749448353
144037	-44	-35.4615784927
144061	-44	-34.1660620055
144071	-43	-33.5828683541
144073	-44	-34.5743101331
144103	-37	-27.6106621543
144139	-36	-25.1412121195
144161	-38	-26.8049224616
144163	-39	-27.9160127627
144167	-40	-29.1526498417
144169	-41	-30.2359623659
144173	-41	-30.8832064951
144203	-37	-27.0526843082
144223	-35	-26.3199262351
144241	-34	-24.5673850578
144247	-36	-25.9856177475
144253	-37	-26.5360387474
144259	-36	-25.9125771147
144271	-39	-27.7819759327
144289	-36	-26.0284891869
144299	-35	-25.0044580201
144307	-37	-26.2563540677
144311	-40	-28.5061364368
144323	-42	-30.7618617406
144341	-40	-28.5053098927
144349	-43	-30.9859714411
144379	-41	-27.5895571123
144383	-42	-28.6276145536
144407	-39	-27.4000131323
144409	-40	-28.3243871281
144413	-41	-29.8761346474
144427	-44	-32.0293034028
144439	-49	-33.6638033729
144451	-52	-37.0927509967
144461	-52	-37.4901094262
144479	-51	-36.1692252167
144481	-52	-37.1831717836
144497	-54	-38.0508778589
144511	-50	-35.5743620726
144539	-51	-34.8818180935
144541	-52	-35.9216617353
144563	-50	-33.7866690768
144569	-52	-35.3224760661
144577	-53	-36.4228022223
144583	-52	-35.8876648685
144589	-51	-35.4984808467
144593	-50	-35.5069016198
144611	-52	-35.2522640623
144629	-51	-34.1337348056
144659	-58	-35.7227749106
144667	-57	-34.6397186773
144671	-59	-36.2422450995
144701	-64	-39.6312404087
144709	-61	-37.6895065599
144719	-60	-37.5957377050
144731	-62	-39.8259285210
144737	-62	-39.6957811765
144751	-57	-36.0732002042
144757	-57	-36.4388491250
144763	-57	-37.3033789906
144773	-53	-35.1470961834
144779	-54	-35.6598776609
144791	-55	-36.3070578396
144817	-55	-34.5714008415
144829	-54	-33.6580761225
144839	-56	-35.5867342765
144847	-55	-35.2007605264
144883	-55	-33.4042067099
144887	-54	-33.7338244142
144889	-55	-34.8171370418
144899	-57	-35.3760119776
144917	-63	-40.1612585722
144931	-59	-36.9194236034
144941	-54	-34.4291755462
144961	-53	-32.5773511270
144967	-53	-33.2336368415
144973	-53	-32.9440115918
144983	-55	-34.5501226627
145007	-55	-34.4648350991
145009	-56	-35.4519185703
145021	-54	-33.7887060515
145031	-58	-36.5286832818
145037	-59	-37.3358593709
145043	-60	-38.1391673766
145063	-54	-34.2274617287
145069	-52	-33.3042468515
145091	-50	-30.9896375034
145109	-47	-28.6985403715
145121	-45	-26.9607357480
145133	-46	-27.6988263036
145139	-47	-28.5786990933
145177	-41	-22.6956061399
145193	-45	-24.1399067581
145207	-50	-27.9531046254
145213	-52	-30.4014804555
145219	-54	-31.0903581927
145253	-44	-22.2685319936
145259	-45	-23.4446356474
145267	-47	-24.7634653084
145283	-48	-24.6927110232
145289	-48	-25.2790284473
145303	-47	-24.8402810512
145307	-47	-25.7194837066
145349	-46	-25.7852797467
145361	-47	-26.2802342355
145381	-49	-27.0926293558
145391	-49	-26.7096992071
145399	-48	-26.2791669782
145417	-48	-25.9703417112
145423	-48	-25.5560380091
145433	-47	-24.5207613291
145441	-47	-25.0572179930
145451	-46	-25.0424599990
145459	-49	-27.9522081320
145463	-50	-28.6105793273
145471	-53	-31.5557728202
145477	-54	-32.3142333268
145487	-55	-33.4706976142
145501	-57	-33.6832647731
145511	-57	-33.4431357297
145513	-58	-34.4165743464
145517	-59	-35.5919739231
145531	-55	-32.5330599258
145543	-59	-36.0765648955
145547	-60	-36.9518914750
145549	-61	-37.9007674472
145577	-57	-35.0721053390
145589	-59	-36.2855446466
145601	-63	-39.4189218843
145603	-64	-40.5300123912
145633	-61	-38.4023412791
145637	-62	-39.5684707192
145643	-64	-41.5641314868
145661	-63	-39.8911087614
145679	-62	-39.9334474323
145681	-63	-40.9001621494
145687	-65	-41.6721059959
145703	-62	-39.3045826756
145709	-62	-40.0090634436
145721	-63	-41.2640210944
145723	-63	-41.9349493002
145753	-60	-39.5371766246
145757	-60	-40.1839699192
145759	-60	-40.8704571103
145771	-57	-38.1983212932
145777	-59	-39.8738553005
145799	-59	-39.9830791799
145807	-56	-38.4332522041
145819	-55	-38.3186887472
145823	-56	-39.2432079130
145829	-58	-40.6795058222
145861	-56	-40.6965951519
145879	-51	-37.4825139879
145897	-48	-35.2858885502
145903	-50	-36.7770217141
145931	-45	-32.0409652732
145933	-46	-33.2076113823
145949	-42	-30.3885416288
145963	-42	-30.8329556329
145967	-43	-31.6098220841
145969	-44	-32.6514681983
145987	-44	-32.7802934007
145991	-44	-33.0873310466
146009	-45	-32.5038355098
146011	-47	-33.7602494540
146021	-44	-32.0244852950
146023	-46	-33.3577980835
146033	-46	-34.1522643912
146051	-42	-32.6132464070
146057	-44	-33.5090246518
146059	-44	-34.2061244341
146063	-46	-35.2172319594
146077	-48	-37.0609002251
146093	-45	-35.8451335166
146099	-47	-37.9163617898
146117	-46	-36.7370575481
146141	-45	-35.3622000578
146161	-41	-30.6879978969
146173	-40	-30.3597847208
146191	-41	-31.1667940237
146197	-43	-32.5619239845
146203	-43	-32.4245517190
146213	-43	-31.8743553331
146221	-42	-30.9601841866
146239	-47	-33.3067383965
146249	-50	-35.7332041067
146273	-43	-30.7148030172
146291	-41	-28.0103118403
146297	-42	-28.5386307620
146299	-42	-29.2147917485
146309	-43	-30.2753152648
146317	-45	-32.3319732629
146323	-45	-32.2315663438
146347	-46	-31.9981924642
146359	-43	-29.4908232606
146369	-44	-30.9564351293
146381	-46	-32.3710781955
146383	-46	-33.0489006053
146389	-49	-35.5397171231
146407	-47	-33.1708314877
146417	-47	-32.6370999354
146423	-49	-34.7440404000
146437	-47	-32.4297369469
146449	-45	-30.9538962129
146477	-41	-27.2434256694
146513	-45	-28.5497570456
146519	-46	-28.9044575239
146521	-47	-29.9241067185
146527	-50	-31.8057061747
146539	-55	-35.3994940070
146543	-56	-35.9995128257
146563	-54	-34.3712842882
146581	-51	-31.0094396022
146603	-46	-29.0160889554
146609	-46	-29.4749525363
146617	-45	-28.2701128671
146639	-43	-25.7551865550
146647	-44	-27.1508322297
146669	-41	-25.8034195803
146677	-41	-26.8739515259
146681	-44	-28.8234502460
146683	-45	-29.7165455132
146701	-48	-30.7616634319
146719	-45	-28.0808955269
146743	-37	-21.9467578925
146749	-38	-22.2578132161
146767	-36	-21.9213511209
146777	-33	-20.3723249003
146801	-38	-22.8060205871
146807	-39	-23.4872821462
146819	-41	-24.8140988521
146833	-45	-26.6587573739
146837	-45	-26.7453154152
146843	-46	-27.7907670092
146849	-48	-29.8973629603
146857	-52	-32.8013551078
146891	-50	-30.3740230860
146893	-51	-31.5406693294
146917	-49	-29.8793065655
146921	-48	-29.8126262860
146933	-47	-30.4598399268
146941	-50	-32.6059410744
146953	-46	-30.8291764174
146977	-43	-28.1592102831
146983	-45	-29.3044581864
146987	-46	-30.3331324713
146989	-47	-31.3516305799
147011	-48	-30.3983358632
147029	-45	-28.3331585638
147031	-46	-29.3514337457
147047	-48	-30.5788362436
147073	-46	-28.6842184607
147083	-48	-29.7985890438
147089	-51	-32.4704795903
147097	-47	-30.7055391350
147107	-48	-31.5014523731
147137	-39	-22.8404374400
147139	-39	-23.5113790050
147151	-37	-22.1170560844
147163	-41	-25.3462367312
147179	-39	-23.6310759408
147197	-36	-22.2026314796
147209	-42	-25.9212084060
147211	-44	-27.1494469767
147221	-42	-25.9757132186
147227	-43	-27.3172964201
147229	-44	-28.4839427102
147253	-44	-27.1966495559
147263	-48	-30.1096632317
147283	-47	-29.4874858666
147289	-48	-30.6316389305
147293	-51	-32.8463166325
147299	-55	-35.7273733842
147311	-57	-37.1456915152
147319	-57	-37.0015056584
147331	-59	-38.9940224385
147341	-61	-39.9884340139
147347	-61	-40.6852459141
147353	-60	-40.1635259692
147377	-57	-38.2876617390
147391	-58	-38.3308871864
147397	-61	-40.4822137196
147401	-62	-41.5356504316
147409	-61	-40.7521440181
147419	-58	-39.3244769906
147449	-57	-36.5368693342
147451	-58	-37.4835834745
147457	-58	-38.2466062067
147481	-55	-34.6928555556
147487	-57	-36.5320115044
147503	-60	-38.0019402347
147517	-59	-37.0163106373
147541	-57	-35.3961818989
147547	-57	-35.8724117520
147551	-59	-37.2088479428
147557	-60	-38.9067298039
147571	-63	-41.1448295773
147583	-63	-41.6210461645
147607	-60	-38.4207554683
147613	-61	-39.9097431392
147617	-62	-40.9229359133
147629	-62	-40.3302596863
147647	-58	-38.7023691472
147661	-57	-38.1587251686
147671	-60	-40.1578303113
147673	-61	-41.1340952768
147689	-61	-40.2281779189
147703	-58	-38.4819893745
147709	-57	-38.1450611652
147727	-62	-41.4662643704
147739	-62	-40.2999317178
147743	-62	-40.6903191101
147761	-63	-40.5827167791
147769	-62	-39.7000948384
147773	-62	-40.1756137648
147779	-62	-40.9452253710
147787	-64	-41.8133497013
147793	-67	-43.6182712723
147799	-65	-42.9299058542
147811	-67	-43.2508672620
147827	-68	-43.7663985582
147853	-65	-41.3923788452
147859	-64	-41.1350224990
147863	-65	-42.4880516094
147881	-67	-43.7475038189
147919	-63	-40.2248283344
147937	-59	-37.8407630639
147949	-57	-35.9042998035
147977	-64	-40.2142983799
147997	-63	-38.9612410388
148013	-60	-36.8178804580
148021	-61	-37.2627976267
148061	-59	-35.6061595367
148063	-61	-36.9394726082
148073	-62	-37.0049433535
148079	-64	-37.7334715343
148091	-64	-38.1810661781
148123	-59	-34.7338226310
148139	-59	-34.5803815343
148147	-57	-33.1743224680
148151	-58	-34.4527387582
148153	-59	-35.5360518420
148157	-60	-36.2111269322
148171	-59	-35.4576755597
148193	-59	-34.4215194861
148199	-61	-36.1436337164
148201	-62	-37.1552868877
148207	-60	-36.4005939928
148229	-63	-38.4319327964
148243	-60	-36.0067975571
148249	-62	-36.7831422489
148279	-60	-35.6314793176
148301	-53	-30.7998954813
148303	-54	-31.8856596651
148331	-51	-28.8800322834
148339	-52	-29.7564175404
148361	-49	-26.7406614662
148367	-49	-27.0988106049
148381	-46	-25.8385848937
148387	-47	-27.1197919983
148399	-44	-24.4049610352
148403	-44	-25.0984367636
148411	-45	-26.7918499238
148429	-45	-26.9536692611
148439	-46	-27.1174792762
148457	-46	-26.4875905453
148469	-46	-26.8057458573
148471	-47	-27.8380688855
148483	-47	-27.7524362376
148501	-45	-25.3710213104
148513	-49	-28.7466132367
148517	-50	-30.0268425269
148531	-48	-29.0353974185
148537	-50	-31.0538721955
148549	-47	-29.3449915590
148573	-45	-28.9430103161
148579	-47	-30.4923345939
148609	-42	-25.3345702179
148627	-43	-25.2397362714
148633	-43	-26.2301974461
148639	-41	-25.2670225639
148663	-37	-22.4919138195
148667	-39	-23.7565149907
148669	-40	-24.6028235439
148691	-46	-27.2019205076
148693	-47	-28.3685669983
148711	-42	-24.0397159912
148721	-42	-24.5915088521
148723	-42	-25.3058685298
148727	-42	-25.5913770185
148747	-47	-29.8860201809
148763	-45	-28.3069618597
148781	-47	-29.6090983687
148783	-47	-30.2800195823
148793	-50	-32.0703272275
148817	-48	-29.5219025232
148829	-46	-29.1454895333
148853	-45	-27.4507446117
148859	-49	-30.1071866609
148861	-50	-31.0627892405
148867	-50	-31.9307515228
148873	-51	-32.0107215014
148891	-48	-30.0887341682
148913	-50	-31.1654532327
148921	-47	-29.8321827386
148927	-50	-31.5309498003
148931	-51	-32.7601556996
148933	-52	-33.7443565429
148949	-51	-32.1566902452
148957	-50	-32.3566717039
148961	-52	-33.8380356723
148991	-52	-32.8320823897
148997	-53	-34.4113256778
149011	-47	-31.4523211929
149021	-45	-30.2749250039
149027	-48	-32.5829460786
149033	-47	-32.4329042547
149053	-48	-33.4218671839
149057	-47	-33.4321686524
149059	-48	-34.4311958767
149069	-50	-35.8223141716
149077	-49	-35.6060760218
149087	-48	-34.6451217103
149099	-49	-35.5047342625
149101	-50	-36.5272627668
149111	-54	-38.6525428894
149113	-55	-39.6264618228
149119	-56	-40.5186666069
149143	-58	-41.9115524600
149153	-58	-42.8625583875
149159	-60	-44.3140424921
149161	-61	-45.3741055116
149173	-63	-46.9450220653
149183	-63	-47.3798504655
149197	-61	-46.3197202459
149213	-64	-48.9225477136
149239	-57	-44.3196429136
149249	-57	-44.5287241671
149251	-58	-45.5181044015
149257	-57	-44.9442416384
149269	-59	-44.5836194795
149287	-62	-46.6103877892
149297	-63	-46.4534188165
149309	-64	-48.2021946109
149323	-66	-50.2175593980
149333	-64	-49.1915091560
149341	-67	-51.2463304848
149351	-67	-50.9908437111
149371	-65	-48.6668188859
149377	-65	-49.6029903767
149381	-66	-50.6309683342
149393	-67	-51.0329761427
149399	-66	-51.0799921096
149411	-63	-49.6680130138
149417	-62	-50.0454047092
149419	-63	-51.0824216683
149423	-62	-50.8278938734
149441	-60	-49.1081998198
149459	-63	-50.4251911169
149489	-66	-52.0597343644
149491	-67	-53.1400006029
149497	-67	-53.6260468018
149503	-69	-54.5227437403
149519	-68	-53.4260926532
149521	-69	-54.4543363664
149531	-67	-54.1120716183
149533	-68	-54.9554161866
149543	-67	-54.4002243871
149551	-72	-58.0768091981
149561	-70	-57.3509325642
149563	-71	-58.2557680170
149579	-70	-58.5087593732
149603	-67	-56.4017032653
149623	-66	-56.8060154528
149627	-68	-58.4158776372
149629	-69	-59.2541899851
149689	-61	-50.8515043902
149711	-64	-52.7364311739
149713	-65	-53.7780778021
149717	-65	-54.5515292648
149729	-67	-55.9454884818
149731	-67	-56.7339009576
149749	-59	-51.4208583389
149759	-59	-53.0517639336
149767	-57	-51.7107854374
149771	-57	-52.4572449791
149791	-51	-48.5913448345
149803	-48	-46.1827038277
149827	-45	-44.1452712395
149837	-46	-45.2756838733
149839	-48	-46.5627071918
149861	-44	-42.5696595336
149867	-45	-43.6193447982
149873	-43	-42.5175144301
149893	-44	-42.6038788938
149899	-46	-43.7656212127
149909	-52	-47.9211707583
149911	-54	-49.1728350902
149921	-53	-48.2159989352
149939	-56	-49.2967137418
149953	-56	-50.0683691540
149969	-56	-49.4354005259
149971	-56	-50.1687805352
149993	-50	-46.4412182617
150001	-51	-46.7712685908
150011	-54	-49.9045177657
150041	-51	-48.0258193976
150053	-49	-46.9867340100
150061	-46	-45.4021020362
150067	-44	-44.5355806706
150077	-44	-45.6427261592
150083	-45	-46.1027943976
150089	-48	-48.4893015350
150091	-48	-49.2226815069
150097	-49	-50.7601505004
150107	-50	-51.4572986866
150131	-51	-52.0066175590
150151	-53	-52.5592858611
150169	-50	-50.8951664253
150193	-50	-48.7076645233
150197	-53	-50.3723451349
150203	-55	-52.0384268498
150209	-57	-53.6783397572
150211	-58	-54.5894974697
150217	-58	-55.2533761898
150221	-58	-55.6922110839
150223	-60	-57.0255244467
150239	-59	-56.0502354689
150247	-63	-58.6733829078
150287	-61	-55.8853365321
150299	-59	-54.2563654519
150301	-60	-55.2475231365
150323	-65	-58.4526358016
150329	-67	-59.8778976575
150343	-68	-61.6235752977
150373	-64	-58.4297124025
150377	-64	-58.9169324585
150379	-64	-59.5892182982
150383	-66	-60.8404091678
150401	-67	-61.2220403061
150407	-67	-62.1444489303
150413	-68	-63.1893465723
150427	-68	-62.7389505322
150431	-70	-64.0900051747
150439	-69	-63.1147042377
150473	-58	-57.3351132904
150497	-51	-53.4930034678
150503	-52	-54.3659515196
150517	-51	-53.8753554819
150523	-52	-54.4707777679
150533	-52	-53.5661379014
150551	-49	-52.3200937593
150559	-49	-52.8102683864
150571	-53	-55.3375820923
150583	-55	-56.4879519541
150587	-56	-57.6731467761
150589	-57	-58.6193775514
150607	-52	-55.3865430210
150611	-55	-57.3789574020
150617	-54	-57.3612026632
150649	-47	-52.6604220139
150659	-49	-53.7195190762
150697	-37	-44.2372513004
150707	-38	-44.1320197922
150721	-39	-44.3879252592
150743	-41	-44.6606625740
150767	-41	-42.7409017521
150769	-42	-43.7455114836
150779	-43	-45.3245180757
150791	-41	-44.7106325841
150797	-42	-44.8777631661
150827	-34	-39.3424032069
150833	-37	-41.5700387467
150847	-40	-45.2693385399
150869	-36	-40.9812740218
150881	-36	-41.0206274616
150883	-38	-42.3539409118
150889	-40	-44.0952097836
150893	-39	-43.9057870093
150901	-41	-45.3021897432
150907	-41	-45.8277514464
150919	-43	-46.7167002937
150929	-44	-47.5175221872
150959	-37	-42.7843524532
150961	-38	-43.8148704712
150967	-38	-44.4131885356
150979	-37	-43.7280073333
150989	-38	-43.9278610955
150991	-40	-45.1561079992
151007	-40	-45.6552435866
151009	-41	-46.6536476446
151013	-43	-48.2318516380
151027	-42	-46.8504181854
151049	-37	-43.8789627008
151051	-38	-44.9285290695
151057	-38	-45.4409868526
151091	-32	-41.7537283546
151121	-27	-38.0165585118
151141	-25	-35.3806795916
151153	-23	-34.7737401631
151157	-23	-35.2244148152
151163	-24	-35.4030224148
151169	-25	-36.6886194073
151171	-25	-37.4219990461
151189	-29	-39.9285461399
151201	-29	-40.0948747130
151213	-29	-40.0557958430
151237	-24	-37.4227593459
151241	-25	-38.4344269334
151243	-27	-39.6972044687
151247	-29	-41.1139869139
151253	-28	-40.3963758451
151273	-23	-37.1064583461
151279	-23	-37.7738845802
151289	-27	-40.8219373458
151303	-21	-36.8402757129
151337	-23	-35.9349186836
151339	-23	-36.6320139274
151343	-26	-38.9311111766
151357	-26	-39.4230671742
151379	-25	-38.1050634623
151381	-26	-39.1035771364
151391	-23	-37.3409231073
151397	-25	-38.6510614892
151423	-30	-42.3550395598
151429	-31	-43.0193488325
151433	-32	-44.3316395926
151451	-29	-42.3999251543
151471	-29	-42.8146103343
151477	-32	-44.8159016306
151483	-34	-46.2680557381
151499	-35	-47.1423475909
151507	-40	-50.7679309681
151517	-36	-48.1196378303
151523	-37	-48.6905386020
151531	-38	-49.4567967691
151537	-37	-49.6511851123
151549	-37	-49.8422477850
151553	-38	-50.7489124181
151561	-40	-51.6413299847
151573	-42	-53.8670362945
151579	-41	-53.1330608413
151597	-38	-50.6485076007
151603	-41	-53.3493535350
151607	-42	-54.6483097366
151609	-43	-55.7316232820
151631	-43	-56.9144093472
151637	-43	-57.1253911126
151643	-43	-57.9245234466
151651	-42	-57.7366499200
151667	-42	-57.8080142018
151673	-44	-59.6994849678
151681	-44	-60.2334373012
151687	-46	-62.1744902447
151693	-48	-63.4874740126
151703	-51	-65.7756364056
151717	-52	-65.3813290652
151729	-55	-67.2357586756
151733	-57	-69.0622422928
151769	-51	-65.9934019331
151771	-51	-66.7267813888
151783	-47	-64.8719739371
151787	-49	-66.4072731591
151799	-49	-66.7618300372
151813	-55	-70.7969462923
151817	-56	-71.8520354096
151841	-54	-70.2378515905
151847	-55	-70.7110098065
151849	-56	-71.7024683703
151871	-56	-70.2594304894
151883	-52	-68.5306265027
151897	-55	-70.2598998191
151901	-58	-72.3513059176
151903	-59	-73.3159080953
151909	-61	-74.6064564565
151937	-62	-75.2022331188
151939	-63	-76.0962359357
151967	-61	-73.2307685014
151969	-62	-74.2515820937
152003	-60	-71.1588850584
152017	-58	-69.5628469668
152027	-58	-69.0539715711
152029	-59	-70.0002906702
152039	-62	-72.6190567603
152041	-63	-73.6758773338
152063	-66	-75.7704359796
152077	-70	-77.7583012109
152081	-71	-78.9687211244
152083	-72	-80.0570879265
152093	-70	-79.6269963975
152111	-76	-82.9213518868
152123	-78	-84.1168594813
152147	-77	-81.6984239662
152183	-67	-73.2843827653
152189	-71	-75.7435807151
152197	-75	-79.0690479960
152203	-77	-80.7037556345
152213	-76	-80.8696404204
152219	-77	-82.5260689111
152231	-73	-80.7971485850
152239	-76	-82.7424130017
152249	-78	-84.2123314465
152267	-77	-82.5697795263
152287	-79	-85.1606835839
152293	-78	-84.5263918090
152297	-79	-85.3426472671
152311	-79	-85.0208217663
152363	-72	-78.8847660488
152377	-72	-79.1594542589
152381	-74	-80.2396469390
152389	-76	-81.6624518329
152393	-78	-83.3926447534
152407	-81	-86.0599100083
152417	-81	-85.5773110081
152419	-83	-86.8465639834
152423	-85	-88.5302934530
152429	-84	-88.5415048937
152441	-86	-90.2769315383
152443	-87	-91.2892575376
152459	-91	-93.0205241952
152461	-92	-94.0236660028
152501	-84	-88.0240441506
152519	-78	-84.6116402015
152531	-75	-83.2102496868
152533	-76	-84.1578475679
152539	-80	-86.7450121464
152563	-78	-84.7673582978
152567	-77	-85.0544408127
152597	-74	-82.0815367327
152599	-74	-82.7600580763
152617	-73	-83.0210043395
152623	-73	-82.6998956929
152629	-75	-84.6717594310
152639	-81	-88.5033867615
152641	-82	-89.5006548432
152657	-82	-88.3286881476
152671	-85	-89.3637999993
152681	-87	-90.9566292154
152717	-86	-88.5513264007
152723	-88	-89.6720286284
152729	-89	-90.8447815531
152753	-87	-89.2184508642
152767	-88	-90.6116447551
152777	-86	-88.6844119293
152783	-88	-90.1469207180
152791	-88	-89.4327889659
152809	-88	-89.2852534506
152819	-93	-92.0601507925
152821	-94	-93.0453817832
152833	-97	-94.1246716346
152837	-98	-95.3068760887
152839	-99	-96.2117099650
152843	-100	-97.4269113832
152851	-98	-96.1626919851
152857	-100	-97.4815924375
152879	-98	-95.5871887430
152897	-95	-93.9979302035
152899	-95	-94.6844074628
152909	-97	-95.5068330865
152939	-95	-93.1914214173
152941	-96	-94.0581338535
152947	-97	-95.0841612144
152953	-98	-95.6303915973
152959	-100	-96.2473414628
152981	-94	-93.8177201436
152989	-93	-93.1204778387
152993	-95	-94.7657666022
153001	-99	-98.3466915044
153059	-95	-94.0430292230
153067	-94	-93.5111996248
153071	-95	-94.5931942495
153073	-96	-95.6070635397
153077	-96	-95.9817917934
153089	-96	-97.1410029273
153107	-96	-95.4253905339
153113	-96	-96.2970042999
153133	-95	-94.3630358246
153137	-97	-95.7285134711
153151	-101	-97.5070511287
153191	-93	-90.5488077816
153247	-89	-85.1055845314
153259	-87	-83.1401343893
153269	-87	-82.5139230953
153271	-88	-83.5953415072
153277	-91	-85.3445624411
153281	-93	-86.9164312784
153287	-93	-87.2127825118
153313	-93	-86.6375413714
153319	-93	-86.4426938691
153337	-95	-87.4798077137
153343	-99	-90.6288874823
153353	-100	-91.7300856529
153359	-97	-90.7163212535
153371	-100	-92.7166374403
153379	-100	-93.5861224466
153407	-93	-88.3204698310
153409	-94	-89.3108679849
153421	-96	-90.9233794386
153427	-99	-92.5197869091
153437	-98	-92.8961885115
153443	-98	-93.1541700487
153449	-100	-94.1355678260
153457	-99	-93.8309341851
153469	-101	-95.9316179936
153487	-98	-92.6411928498
153499	-102	-94.8297478509
153509	-101	-94.4545812019
153511	-101	-95.2444515686
153521	-102	-96.3430175376
153523	-103	-97.3800350334
153529	-106	-99.9138619186
153533	-106	-100.9825801828
153557	-96	-94.2183136969
153563	-96	-94.2927751814
153589	-97	-94.3484084591
153607	-95	-92.2015145233
153611	-96	-92.8363959533
153623	-97	-92.3352812062
153641	-97	-92.6052076046
153649	-101	-96.2597275668
153689	-96	-92.9466624750
153701	-94	-91.1778705463
153719	-99	-94.7466463542
153733	-99	-92.7885846577
153739	-97	-91.9753375564
153743	-98	-93.2466620564
153749	-99	-94.7682215970
153757	-100	-95.2657772213
153763	-100	-95.4545640298
153817	-100	-92.6132271670
153841	-97	-88.6613567533
153871	-97	-86.1649815099
153877	-97	-87.0197645955
153887	-98	-87.2008387618
153889	-99	-88.1830530995
153911	-97	-87.1701380856
153913	-98	-88.1633744804
153929	-95	-86.0296566211
153941	-99	-87.8021889253
153947	-99	-87.6427525192
153949	-100	-88.8093996987
153953	-102	-90.4900256813
153991	-90	-82.6749572866
153997	-94	-85.2029057007
154001	-96	-86.8809845389
154027	-96	-85.4330436574
154043	-95	-85.6060955084
154057	-93	-84.7852124809
154061	-94	-86.1432201274
154067	-96	-87.9669566877
154073	-97	-87.8365104263
154079	-101	-90.2078469862
154081	-102	-91.2023368615
154087	-99	-90.1228658424
154097	-97	-88.9929552118
154111	-99	-88.8654938803
154127	-98	-88.4725383132
154153	-99	-89.2596790032
154157	-99	-89.9714415806
154159	-101	-91.3047554534
154181	-101	-90.0993024003
154183	-101	-90.8136594588
154211	-95	-88.7274577776
154213	-96	-89.5640398853
154229	-98	-89.3030295985
154243	-101	-91.6330995110
154247	-104	-93.2976932006
154267	-99	-91.0888270299
154277	-98	-89.9390358319
154279	-99	-90.9760534234
154291	-101	-92.2331752693
154303	-102	-93.2915734125
154313	-100	-92.7004526195
154321	-99	-92.6806772521
154333	-101	-94.5341876479
154339	-100	-94.2744823521
154351	-101	-96.0660297294
154369	-99	-93.3589821180
154373	-100	-94.2907235744
154387	-96	-92.0498598412
154409	-92	-88.3813524497
154417	-95	-91.0055395431
154423	-95	-90.5213305614
154439	-97	-91.8384376536
154459	-94	-89.2917851223
154487	-87	-83.7942439618
154493	-89	-86.1606926736
154501	-88	-85.8182304511
154523	-90	-85.8411434616
154543	-85	-83.1319418983
154571	-84	-80.6846635371
154573	-85	-81.5332713056
154579	-85	-81.4018311179
154589	-85	-81.8363535989
154591	-85	-82.5697322132
154613	-89	-84.1832931212
154619	-89	-84.6298838129
154621	-90	-85.5854846407
154643	-86	-81.7508859776
154667	-85	-80.1132105755
154669	-86	-81.2798578457
154681	-87	-81.8516843347
154691	-86	-81.5374141692
154699	-88	-83.0351919667
154723	-82	-78.9036764257
154727	-82	-79.8358636170
154733	-82	-79.7974233049
154747	-80	-78.0658795483
154753	-81	-78.9346806864
154769	-85	-81.8290762797
154787	-84	-81.2407416933
154789	-85	-82.4073889785
154799	-86	-82.8260405546
154807	-88	-84.0202368166
154823	-88	-85.0267949099
154841	-87	-83.9311510216
154849	-90	-86.4897641104
154871	-87	-84.0047030272
154873	-88	-85.0077700761
154877	-90	-86.7278040036
154883	-90	-86.5625460367
154897	-90	-86.5680216640
154927	-91	-86.3058199382
154933	-93	-87.7255985070
154937	-93	-88.2384163185
154943	-91	-86.9384148058
154981	-83	-80.1064996965
154991	-83	-81.0691600904
155003	-87	-83.1203859385
155009	-88	-84.5354935196
155017	-88	-84.5859779851
155027	-87	-85.1224625174
155047	-84	-82.8967626858
155069	-78	-78.3096188399
155081	-80	-79.3038251456
155083	-82	-80.6371391343
155087	-82	-81.3194407577
155119	-77	-77.4522653266
155137	-72	-74.0332811667
155153	-69	-71.3559130846
155161	-69	-71.6917656977
155167	-68	-71.1007690501
155171	-68	-71.8012209476
155191	-65	-69.1074906873
155201	-65	-69.2645045990
155203	-67	-70.5978186026
155209	-68	-71.0608281040
155219	-71	-72.6375202172
155231	-73	-75.5474231287
155251	-71	-75.1259599723
155269	-71	-74.7283619993
155291	-76	-78.7305732314
155299	-75	-77.8671271383
155303	-76	-78.6689739482
155317	-78	-80.0758704535
155327	-78	-79.5507767342
155333	-78	-79.3884932892
155371	-71	-73.4224147993
155377	-72	-74.3882343053
155381	-72	-74.7119954816
155383	-74	-76.0104019894
155387	-74	-76.5553855091
155399	-70	-74.5246553902
155413	-68	-73.7011573758
155423	-67	-73.4223839590
155443	-67	-74.4153023757
155453	-65	-73.6051828567
155461	-64	-73.0761580581
155473	-60	-70.3506909598
155501	-56	-67.4238174764
155509	-57	-68.3591504605
155521	-61	-71.0111913454
155537	-64	-73.4794717256
155539	-65	-74.5905635488
155557	-68	-77.4355571527
155569	-64	-75.4291940100
155579	-64	-75.2078856895
155581	-65	-76.0745973490
155593	-67	-77.1492184702
155599	-68	-77.7262430005
155609	-65	-76.2657373584
155621	-62	-73.3949009900
155627	-60	-72.6675223404
155653	-63	-73.3049207594
155657	-65	-74.7354602301
155663	-68	-76.5806109704
155671	-70	-77.9607294499
155689	-66	-75.1514603972
155693	-68	-76.0792253288
155699	-67	-75.4321463067
155707	-67	-75.0873068401
155717	-63	-72.9548248641
155719	-64	-73.8469311074
155723	-64	-74.0952720349
155731	-64	-73.6156102912
155741	-61	-71.1099541713
155747	-63	-73.2884136939
155773	-62	-72.3145143399
155777	-64	-73.6975250946
155783	-64	-75.2597024412
155797	-63	-74.0591876747
155801	-63	-74.7311016054
155809	-61	-73.7189365272
155821	-66	-76.6549093732
155833	-69	-78.5964280554
155849	-72	-80.9861023925
155851	-73	-81.9328139742
155861	-75	-83.9254555550
155863	-76	-84.8302880350
155887	-79	-85.5253104921
155891	-81	-86.5608268997
155893	-82	-87.4094336274
155921	-76	-83.6346989160
156007	-60	-68.1365088603
156011	-63	-69.8988397195
156019	-64	-70.9343468538
156041	-66	-71.5765211491
156059	-64	-72.1374466853
156061	-65	-73.1366200801
156071	-64	-72.3429465445
156089	-62	-70.4786333103
156109	-65	-71.4869181828
156119	-64	-71.3411459052
156127	-66	-72.2650802859
156131	-67	-73.5279356447
156139	-63	-71.5087766959
156151	-60	-69.5318143483
156157	-60	-69.6935096061
156217	-55	-62.2922358093
156227	-57	-63.4394539002
156229	-58	-64.2769158148
156241	-58	-64.9001412727
156253	-57	-63.9561109360
156257	-58	-64.9297911320
156259	-59	-66.0408830441
156269	-58	-65.4913448784
156307	-61	-67.1925396720
156319	-60	-66.6758319476
156329	-61	-67.3000304152
156347	-56	-65.3694982748
156353	-56	-65.6164659166
156361	-56	-65.0904514485
156371	-57	-65.8434390706
156419	-55	-62.6690454030
156421	-56	-63.7089316067
156437	-57	-62.5156182292
156467	-46	-54.9087205663
156487	-44	-52.2360100133
156491	-45	-53.0901002100
156493	-46	-54.0884068327
156511	-52	-57.8454491377
156521	-52	-58.2743579898
156539	-46	-54.8176063992
156577	-38	-48.1187924583
156589	-40	-49.5153038339
156593	-40	-50.3289631105
156601	-40	-50.2312221068
156619	-36	-47.5707471989
156623	-35	-47.2735093181
156631	-39	-49.5608299483
156641	-39	-49.6281889821
156659	-36	-46.8544632324
156671	-36	-45.9927088579
156677	-36	-45.9507645841
156679	-38	-47.2840787698
156683	-38	-47.9474687147
156691	-41	-49.9674890071
156703	-41	-50.1686350426
156707	-40	-50.2575949171
156719	-44	-52.5466645193
156727	-44	-52.1752362879
156733	-46	-54.1508685667
156749	-43	-51.8493416722
156781	-43	-49.9553015012
156797	-48	-52.9535397770
156799	-49	-53.8463891756
156817	-45	-51.8028207174
156823	-48	-54.6204997197
156833	-52	-56.7718019867
156841	-56	-59.3231976447
156887	-50	-54.1182839181
156899	-47	-53.2420292863
156901	-48	-54.2154072340
156913	-52	-56.3822918110
156941	-50	-53.3257182642
156943	-51	-54.4368102599
156967	-56	-56.6525383936
156971	-56	-57.6150499116
156979	-54	-56.0136805166
157007	-56	-56.6501667992
157013	-56	-57.2514212316
157019	-58	-59.3062206499
157037	-56	-58.2332529880
157049	-55	-57.4210095022
157051	-56	-58.4032762962
157057	-60	-61.0782059262
157061	-61	-62.3029546111
157081	-60	-63.5430179900
157103	-54	-59.6627449373
157109	-54	-60.0418956062
157127	-54	-59.6194079251
157133	-53	-59.5239456026
157141	-55	-61.2970547290
157163	-50	-58.5884290526
157177	-48	-56.4020147017
157181	-48	-56.8440697590
157189	-49	-57.6114113763
157207	-57	-62.7937857658
157211	-56	-62.9327632720
157217	-56	-63.6952414970
157219	-58	-65.0285557486
157229	-61	-66.9415365431
157231	-62	-67.8526921750
157243	-61	-67.5304155080
157247	-60	-67.7828034168
157253	-59	-66.9214814745
157259	-63	-69.7641021096
157271	-64	-70.2711533537
157273	-65	-71.3544676118
157277	-65	-71.7189360125
157279	-65	-72.4160265147
157291	-67	-74.1592744029
157303	-68	-75.5250361844
157307	-69	-76.5603020817
157321	-68	-76.0331807163
157327	-69	-77.2920900325
157349	-69	-75.8057645934
157351	-70	-76.7524757468
157363	-69	-75.4926923332
157393	-61	-67.9446613698
157411	-63	-69.7529654858
157427	-66	-71.1532698221
157429	-67	-72.2088063212
157433	-70	-74.2956011778
157457	-67	-72.9848079683
157477	-68	-71.7818188704
157483	-72	-74.5748581997
157489	-75	-76.7741026882
157513	-78	-76.8553305407
157519	-80	-78.1144616825
157523	-79	-78.0876488121
157543	-78	-76.1960938434
157559	-77	-75.2483506802
157561	-78	-76.3092735032
157571	-77	-75.7427076164
157579	-76	-74.7117749580
157627	-73	-70.3405995302
157637	-72	-69.5272171542
157639	-74	-70.8213530859
157649	-74	-71.0994246192
157667	-76	-72.5071583910
157669	-77	-73.3643710150
157679	-76	-72.3194505015
157721	-65	-64.1276391993
157733	-66	-64.5180387013
157739	-64	-63.4859319344
157747	-65	-64.5787633613
157769	-62	-62.7374517899
157771	-63	-63.6486072694
157793	-57	-59.6154622708
157799	-58	-60.9075934609
157813	-59	-62.0439579102
157823	-60	-62.0114476325
157831	-58	-61.4387389874
157837	-59	-61.9177874830
157841	-60	-63.0736960355
157867	-58	-60.4619642049
157877	-61	-62.7078119595
157889	-62	-64.3188859816
157897	-64	-65.3534667445
157901	-65	-66.2967686113
157907	-67	-67.1110217598
157931	-68	-66.5910777737
157933	-69	-67.5373774470
157951	-69	-67.3990587298
157991	-67	-64.5922511451
157999	-68	-65.6541134695
158003	-67	-65.5401170472
158009	-69	-66.7698287831
158017	-70	-67.1088442565
158029	-68	-65.0462643950
158047	-75	-67.6355564467
158071	-73	-65.3087288696
158077	-73	-65.4738295961
158113	-70	-63.0644419510
158129	-70	-63.2944478411
158141	-69	-62.4089625373
158143	-71	-63.7422769003
158161	-69	-62.1106008966
158189	-71	-62.1437146234
158201	-73	-64.9049707276
158209	-72	-64.5786652795
158227	-75	-67.0263404796
158231	-77	-68.4183470919
158233	-78	-69.3396209176
158243	-77	-67.8276421707
158261	-78	-67.4337151353
158269	-77	-67.7426612582
158293	-73	-64.1257641906
158303	-68	-61.4424440824
158329	-70	-63.1993781977
158341	-68	-62.3293748026
158351	-70	-63.7637743870
158357	-72	-64.9254846669
158359	-74	-66.2587990557
158363	-75	-67.2337638740
158371	-79	-70.6775541811
158393	-72	-65.7091859494
158407	-75	-68.4992212757
158419	-75	-67.4898776946
158429	-74	-66.8206403091
158443	-77	-68.5442457312
158449	-79	-69.7097681043
158489	-72	-64.7232768932
158507	-72	-62.9110339530
158519	-70	-62.6424639565
158527	-71	-63.3015580212
158537	-71	-62.5710291438
158551	-75	-65.6294019963
158563	-76	-66.0373963210
158567	-76	-66.5528349774
158573	-75	-66.5527569444
158581	-74	-65.5053858543
158591	-77	-67.8276649729
158597	-79	-69.9279330822
158611	-80	-69.8678238847
158617	-81	-70.7504076632
158621	-82	-72.0529334997
158633	-83	-72.8631534519
158647	-80	-70.7790728441
158657	-78	-69.2717836733
158663	-77	-69.2574968698
158699	-69	-63.3979365109
158731	-67	-62.7501722554
158747	-67	-62.5113673227
158749	-68	-63.6780150915
158759	-66	-62.1857443392
158761	-67	-63.1854356972
158771	-70	-65.7913262098
158777	-69	-65.2665018347
158791	-70	-65.4796999270
158803	-69	-64.5613714081
158843	-67	-62.1588953347
158849	-67	-62.6173887323
158863	-65	-61.3481972132
158867	-66	-62.2111213153
158881	-65	-61.1606290508
158909	-63	-58.7364929190
158923	-64	-59.2866422388
158927	-66	-60.9310137943
158941	-65	-58.8919820847
158959	-62	-56.6287712390
158981	-66	-58.3887887611
158993	-64	-57.5263007454
159013	-64	-56.9716812924
159017	-66	-58.4005534357
159023	-66	-58.6858054908
159059	-64	-56.5421109793
159073	-67	-58.9771152751
159079	-67	-58.5356552043
159097	-65	-57.6702125905
159113	-62	-55.9632441379
159119	-62	-56.5319038412
159157	-56	-50.2833447507
159161	-57	-51.1587184027
159167	-57	-51.0718302856
159169	-58	-52.0822281042
159179	-58	-52.7337727684
159191	-58	-53.8137475449
159193	-59	-54.8054493892
159199	-59	-54.6499036133
159209	-61	-56.8784077408
159223	-64	-58.3858870854
159227	-64	-58.9047290718
159233	-65	-59.7264574925
159287	-58	-54.0977094864
159293	-57	-54.2980962855
159311	-53	-52.1105164166
159319	-54	-52.5333626483
159337	-55	-52.6757620305
159347	-54	-51.6171986477
159349	-55	-52.5968595157
159361	-53	-51.5348481768
159389	-50	-48.0856926357
159403	-48	-47.8098003605
159407	-51	-50.0187884899
159421	-49	-48.7973943812
159431	-51	-49.9403329821
159437	-54	-52.6928545751
159457	-52	-50.3369015875
159463	-54	-51.6383783190
159469	-56	-52.8897725582
159473	-56	-53.2451454737
159491	-51	-50.2944192408
159499	-51	-49.9906769180
159503	-54	-52.0694323140
159521	-54	-51.6798819139
159539	-51	-49.5777936338
159541	-52	-50.4445041765
159553	-57	-53.3612625346
159563	-55	-51.7913169467
159569	-55	-52.0190939213
159571	-56	-53.0092612459
159589	-63	-56.2896804971
159617	-62	-56.4794798960
159623	-61	-56.8595499648
159629	-62	-58.1663041450
159631	-64	-59.4164764183
159667	-67	-60.2587124426
159671	-67	-61.3823406371
159673	-68	-62.4656551819
159683	-68	-62.8366821141
159697	-67	-63.2464746662
159701	-68	-63.9804699993
159707	-68	-64.0505396906
159721	-69	-63.6955062739
159737	-69	-64.6460059999
159739	-69	-65.3178624148
159763	-69	-64.6228172223
159769	-69	-64.9116085099
159773	-70	-66.4194252329
159779	-69	-66.6591046346
159787	-66	-64.6135621949
159791	-67	-65.9264201296
159793	-68	-66.9680680218
159799	-72	-69.3190796796
159811	-73	-70.6361130051
159833	-68	-65.6970765668
159839	-68	-66.7055087118
159853	-71	-68.4189700335
159857	-74	-70.5099552087
159869	-75	-71.8187532991
159871	-76	-72.8151441166
159899	-74	-71.1965862865
159911	-76	-73.0225342566
159931	-75	-71.7249087459
159937	-77	-73.4035035960
159977	-68	-66.4039002462
159979	-70	-67.6667301353
160001	-68	-66.2705947931
160009	-68	-66.1579136768
160019	-69	-66.6702646636
160031	-66	-65.8305706430
160033	-67	-66.8513852300
160049	-65	-64.8498185517
160073	-67	-63.8528818655
160079	-66	-64.1627036998
160081	-67	-65.1934820606
160087	-69	-67.1106046210
160091	-68	-67.0384336268
160093	-69	-68.0939704430
160117	-67	-66.0682764332
160141	-61	-61.2894834676
160159	-58	-59.3115049219
160163	-61	-61.4830168710
160169	-63	-63.1068235858
160183	-63	-63.1776030628
160201	-59	-59.9145195303
160207	-61	-61.0258683618
160217	-57	-58.9011249131
160231	-56	-58.6138337066
160243	-59	-60.8250041307
160253	-60	-61.2630362788
160309	-49	-49.9258003212
160313	-50	-50.7309742069
160319	-52	-52.1301203684
160343	-49	-49.0012376430
160357	-45	-46.2207105858
160367	-46	-47.0723288546
160373	-49	-49.2201002270
160387	-51	-50.6201349670
160397	-50	-50.6805220608
160403	-50	-51.0404623312
160409	-53	-53.3314502033
160423	-50	-50.4886265795
160441	-48	-49.0028623123
160453	-46	-47.2103976167
160481	-39	-43.0514084329
160483	-39	-43.7657626906
160499	-39	-44.5244840886
160507	-40	-45.2307048469
160541	-38	-42.9441244183
160553	-36	-40.4779936173
160579	-35	-39.3789970139
160583	-36	-40.3442400434
160591	-39	-42.6302933193
160603	-40	-42.2044371171
160619	-40	-41.5603795421
160621	-41	-42.4270897899
160627	-41	-42.9791462615
160637	-45	-46.2239050404
160639	-45	-46.8991935773
160649	-48	-49.2654067022
160651	-49	-50.2701810564
160663	-47	-48.5228263843
160669	-49	-50.4347452279
160681	-49	-50.8326585744
160687	-51	-52.5545858556
160697	-55	-56.1011953246
160709	-54	-55.0250790449
160711	-56	-56.2669992738
160723	-56	-56.4316877428
160739	-54	-54.1706209785
160751	-57	-57.3571617535
160753	-58	-58.3181389108
160757	-59	-59.0657778923
160781	-59	-58.0613623151
160789	-62	-61.1785810605
160807	-61	-60.9020168067
160813	-60	-60.6244571093
160817	-59	-60.6045802168
160829	-61	-62.6559466628
160841	-60	-61.7393579088
160861	-59	-60.5244885291
160877	-57	-59.1704639414
160879	-59	-60.5037786271
160883	-60	-61.4943713851
160903	-55	-57.3383190833
160907	-56	-58.2002648704
160933	-55	-56.9202650765
160967	-51	-52.2494876040
160969	-52	-53.1707576700
160981	-52	-53.3751980588
160997	-55	-56.9545049447
161009	-58	-58.3308544642
161017	-58	-57.8953550089
161033	-54	-54.3042714337
161039	-56	-55.9282424930
161047	-57	-56.2290045514
161053	-59	-58.1687467518
161059	-58	-58.3702465853
161071	-62	-62.1203847593
161087	-61	-60.7039439669
161093	-60	-60.3131829066
161123	-59	-59.0533941957
161137	-57	-56.7485107794
161141	-56	-56.5465591260
161149	-55	-55.8147504145
161159	-55	-55.3553112675
161167	-57	-56.6595984596
161201	-52	-51.7926493138
161221	-47	-49.4424446775
161233	-48	-51.0118851618
161237	-50	-52.9106678459
161263	-49	-51.2989181926
161267	-50	-52.1732400167
161281	-54	-54.7577918288
161303	-55	-54.8615259452
161309	-56	-55.4295178237
161323	-55	-53.3364302828
161333	-57	-54.8531878776
161339	-59	-56.7466301083
161341	-60	-57.6133401616
161363	-54	-52.0606767193
161377	-51	-50.4834731091
161387	-52	-51.5984050142
161407	-48	-48.9513934567
161411	-51	-51.0191815425
161453	-49	-48.0547652460
161459	-47	-47.6546685686
161461	-48	-48.6677430143
161471	-47	-48.9583210329
161503	-38	-41.7595154136
161507	-40	-43.0702335069
161521	-37	-40.9903369180
161527	-38	-42.1449744770
161531	-39	-43.5194428887
161543	-41	-43.9334989903
161561	-38	-42.8074651542
161563	-40	-44.1407799187
161569	-40	-44.3326546305
161573	-39	-44.5141065285
161591	-42	-46.9861310263
161599	-41	-46.5041570784
161611	-39	-45.8631223851
161627	-40	-46.3631723651
161639	-38	-45.6024920728
161641	-39	-46.5803131566
161659	-39	-45.9314904003
161683	-37	-43.1571519513
161717	-39	-42.7141599769
161729	-38	-41.1656706803
161731	-39	-42.1360843327
161741	-40	-42.4739023068
161743	-40	-43.1882560306
161753	-39	-42.3983250146
161761	-42	-44.1664910544
161771	-41	-43.8829731520
161773	-42	-45.0253896393
161779	-43	-46.2309738861
161783	-44	-47.2424135597
161807	-45	-47.3373574212
161831	-38	-44.0855808768
161839	-41	-46.5376796022
161869	-34	-42.3685285861
161873	-37	-44.4869212494
161879	-38	-45.0947858995
161881	-39	-46.1570480690
161911	-37	-44.0113397176
161921	-39	-44.9836815614
161923	-41	-46.3169963673
161947	-35	-42.3061524531
161957	-36	-42.2412959517
161969	-39	-44.2992185337
161971	-39	-45.0325950848
161977	-41	-46.1291714072
161983	-39	-45.2535947164
161999	-43	-48.6287064180
162007	-41	-47.3452503029
162011	-41	-48.0890625543
162017	-41	-48.0473385708
162053	-35	-43.8052484246
162059	-35	-44.2958602032
162079	-33	-43.0476564542
162091	-31	-41.7095111736
162109	-31	-41.3248429797
162119	-30	-40.0214867834
162143	-23	-34.7083784456
162209	-5	-20.2877611736
162221	-4	-20.2041674265
162229	-3	-19.2365537619
162251	-4	-19.8938530528
162257	-6	-21.6477854081
162263	-6	-21.6651258149
162269	-7	-22.8611335401
162277	-5	-21.7856015055
162287	-8	-23.6321367311
162289	-9	-24.6305038315
162293	-12	-26.9130836990
162343	-6	-20.6892103362
162359	-4	-18.7611323650
162451	-3	-16.3618333100
162457	-3	-16.5471519011
162473	-6	-17.8992757882
162493	-6	-18.5646916724
162499	-8	-19.1749851216
162517	-7	-18.0738989635
162523	-7	-18.0162332656
162527	-9	-19.5302149720
162529	-10	-20.5510298469
162553	-12	-20.9230098463
162557	-13	-21.8035231938
162563	-13	-21.7847131204
162577	-13	-23.1043634958
162593	-8	-19.7794237454
162601	-9	-20.9538021253
162611	-10	-21.4753504857
162623	-10	-20.9577759657
162629	-11	-22.3676354718
162641	-15	-25.0756133136
162649	-15	-24.7574042515
162671	-15	-23.5865684892
162677	-18	-26.1879515368
162683	-21	-28.8508827712
162691	-17	-26.8631435276
162703	-20	-29.1348713921
162709	-21	-30.1813798280
162713	-21	-31.0115732767
162727	-21	-33.0161302049
162731	-23	-34.2940553136
162739	-20	-32.3868361797
162749	-21	-33.5981849058
162751	-22	-34.6070266876
162779	-25	-36.0824839891
162787	-28	-38.6588313991
162791	-29	-39.6220177492
162821	-25	-36.1732073700
162823	-25	-36.8702937587
162829	-27	-38.0510429232
162839	-28	-39.6067372049
162847	-27	-39.7222414538
162853	-28	-40.3752038859
162859	-30	-41.2214020650
162881	-28	-39.5080595285
162889	-29	-39.9944917125
162901	-33	-43.2369712114
162907	-36	-45.9062761459
162917	-35	-46.1060419066
162937	-32	-44.3888452746
162947	-31	-43.9803738589
162971	-28	-41.6184244290
162973	-29	-42.6245788604
162989	-29	-42.1031611767
162997	-30	-42.5517203109
163003	-30	-43.6616940371
163019	-31	-44.4825710388
163021	-32	-45.3765656406
163027	-34	-46.8810811721
163061	-23	-37.9218351653
163063	-24	-39.0329278785
163109	-12	-29.0840144823
163117	-8	-26.9242799398
163127	-6	-26.3749691324
163129	-7	-27.3036079927
163147	-3	-24.9888114877
163151	-3	-25.1286212539
163171	-3	-25.6884968482
163181	-6	-27.1137027933
163193	-9	-28.1004355137
163199	-11	-29.9976051857
163211	-11	-30.3000845403
163223	-10	-29.9001751820
163243	-7	-28.7071466092
163249	-9	-30.0707754573
163259	-8	-29.1833759256
194981	-3	-35.6693176610
194989	-6	-37.2631845929
195023	-5	-36.2222975189
195029	-5	-36.5688263384
195043	-8	-38.4496218468
195047	-9	-39.2329192909
195049	-10	-40.2303301846
195053	-12	-41.7919419738
195071	-15	-42.0359231410
195077	-16	-42.7593390043
195089	-18	-43.6684206345
195103	-17	-43.1912579872
195121	-14	-40.6708351827
195127	-14	-41.2958288332
195131	-16	-42.5235783201
195137	-18	-43.6771639637
195157	-22	-46.6930512055
195161	-21	-46.6050994395
195163	-21	-47.3021664914
195193	-17	-44.5998380963
195197	-19	-45.8498533144
195203	-21	-47.7127705195
195229	-14	-43.1661501325
195241	-10	-40.7210660894
195253	-15	-43.9635699033
195259	-15	-44.2619459211
195271	-17	-44.8424092026
195277	-19	-46.7694067607
195281	-20	-47.7792769809
195311	-16	-44.9823960202
195319	-14	-43.3777786372
195329	-15	-43.9289407993
195341	-14	-43.1838408133
195343	-14	-43.8981828390
195353	-13	-43.2349086810
195359	-13	-44.2228568268
195389	-6	-38.2536533404
195401	-5	-37.7209921821
195407	-4	-37.7343435749
195413	-6	-38.8105385715
195427	-5	-37.2298566126
195443	-8	-38.0965161066
195457	-4	-35.4646094415
195469	-3	-34.5988701511
195479	-5	-35.8778731464
195493	-4	-34.7533432395
195497	-5	-35.9429462579
195511	-7	-37.3051917653
195527	-6	-35.3362464789
195539	-9	-37.0116583611
195541	-10	-37.8783608261
195739	-4	-33.0650896217
195743	-4	-33.5899806765
195751	-7	-35.7185944827
195761	-8	-35.8313760018
195781	-5	-34.4088516258
195787	-7	-35.4366862274
195791	-6	-35.2751760952
195809	-4	-33.1282502369
195817	-7	-34.2875167636
195863	-3	-32.0767714621
195869	-4	-33.9326182079
195883	-3	-33.2707472139
195887	-3	-34.0606736028
195893	-3	-34.8107634678
195919	-3	-34.1773577906
195929	-4	-35.5597488691
195931	-5	-36.6356892560
195967	-4	-34.4346106644
195971	-5	-35.1601212922
195973	-6	-36.0173202797
195977	-6	-36.3788541801
195991	-5	-35.2357151321
195997	-5	-35.4297575920
196003	-5	-35.8315099923
196033	-7	-38.5293198207
196039	-7	-39.3796349403
196043	-10	-41.3954154634
196051	-11	-41.9180317039
196073	-10	-42.0483449386
196081	-10	-41.9216590119
196087	-8	-40.8882201980
196111	-7	-39.2783072400
196117	-7	-39.6841312725
196139	-3	-35.7131813424
196159	-5	-35.4417062108
196169	-8	-37.6587640867
196171	-10	-38.9044234638
196177	-10	-39.2642821955
196181	-11	-39.8988387843
196187	-13	-41.0420747560
196193	-12	-40.7159967749
196201	-12	-40.7487949377
196247	-5	-34.7859229357
196279	-4	-34.9959701096
196303	-4	-35.4700628360
196307	-5	-36.3528089861
196709	-3	-33.5892112488
196717	-4	-33.7964172837
196727	-6	-35.0926899801
196739	-5	-34.6441370405
196751	-6	-35.4032731244
196769	-3	-32.8993627018
196771	-5	-34.1276851087
196817	-4	-31.5757240878
196831	-4	-31.5865857753
196837	-3	-31.0844163745
196879	-5	-32.7765855184
196901	-6	-34.2507890430
196907	-8	-36.3377984897
196919	-6	-34.7479777981
196927	-7	-35.1604530984
197689	-5	-33.1435767379
197699	-4	-33.8350407469
197711	-4	-34.4061917308
197713	-5	-35.4200654461
197741	-4	-35.3367400919
197753	-4	-34.8947620707
197767	-3	-35.1773311018
197773	-5	-37.1198074235
197779	-5	-37.0040827266
198251	-3	-33.4159666224
198257	-6	-35.8349826068
198259	-6	-36.5053061246
198277	-4	-35.8286158824
198281	-4	-36.2063835735
198301	-4	-36.7441436100
198323	-3	-36.8778952549
198337	-5	-37.4531206370
198349	-3	-36.8147922353
198413	-3	-38.1810240397
198427	-4	-37.9009837696
198437	-7	-39.7958161725
198439	-9	-41.1291343877
198461	-8	-39.8291795867
198463	-10	-41.1194064311
198469	-8	-40.0986450235
198479	-6	-39.3414427056
198491	-4	-38.7357412242
198503	-7	-40.5383739670
198553	-4	-35.6127946908
198571	-7	-38.5008358755
198589	-6	-38.2451468234
198593	-7	-39.5709150723
198599	-8	-40.6182946045
198613	-9	-40.5929476223
198623	-12	-43.0480481438
198637	-10	-41.3426856444
198641	-12	-42.8146951712
198647	-14	-43.9232214058
198659	-15	-44.2689912098
198673	-16	-44.0410766666
198689	-18	-44.7382927793
198701	-19	-45.9054807822
198719	-17	-43.2874476545
198733	-19	-44.2897335465
198761	-15	-40.5498335370
198769	-12	-38.3740147994
198811	-9	-36.2069417163
198817	-9	-37.1230547559
198823	-7	-36.4361381984
198827	-9	-37.9540540873
198829	-10	-38.9382363956
198833	-11	-40.2108226852
198839	-13	-41.9534355853
198841	-14	-42.8868041228
198851	-13	-42.1577913036
198859	-14	-41.7276550207
198899	-16	-40.5859813772
198901	-17	-41.5936988231
198929	-20	-42.4162893817
198937	-24	-44.6885975200
198941	-25	-45.8004835925
198943	-25	-46.4725437910
198953	-28	-49.1067283772
198959	-30	-50.0512509664
198967	-35	-53.0916847952
198971	-36	-54.4278953650
198977	-37	-55.8054027894
198997	-35	-54.5102169598
199021	-33	-53.4549523861
199033	-30	-51.6563643258
199037	-30	-52.6243615114
199039	-31	-53.5836004506
199049	-33	-55.5069716407
199081	-24	-48.5278631689
199103	-19	-45.0523979565
199109	-20	-45.3181297667
199151	-17	-41.1867125917
199153	-18	-42.1913271574
199181	-20	-42.8753335914
199193	-18	-41.2777873242
199207	-19	-40.7480305278
199211	-18	-40.8393742164
199247	-10	-34.3535283145
199261	-10	-34.1031655220
199267	-13	-36.4351543998
199289	-12	-34.9510158917
199313	-13	-35.2381993161
199321	-11	-34.4060019423
199337	-3	-28.9544073344
199343	-5	-30.0392574176
199373	-3	-27.8256519231
199379	-4	-28.4446671584
199403	-3	-28.0523250707
199411	-8	-31.7285958197
199417	-7	-30.8850403045
199429	-6	-30.6752758918
199447	-4	-30.3240681106
199453	-4	-30.5911750491
199457	-7	-32.6379648209
199483	-5	-30.3817876751
199487	-7	-31.7047007836
199489	-8	-32.7151024118
199499	-11	-34.9185137288
199501	-12	-35.9228395433
199523	-9	-34.5869962842
199559	-8	-33.8915155341
199567	-9	-34.5262609657
199583	-7	-32.3346495955
199601	-4	-32.1536618287
199603	-5	-33.0512129554
199739	-3	-33.5435731447
199741	-4	-34.4102748569
199751	-4	-34.3189288827
199753	-5	-35.3862073079
199813	-3	-33.8371415079
199819	-3	-33.5267039865
199831	-3	-33.8796203530
199853	-3	-34.0392273528
199873	-5	-34.8418424019
199877	-6	-36.0827267837
199889	-6	-35.9419277594
199909	-9	-36.9446442458
199921	-11	-36.9892582250
199931	-12	-38.2900483812
199933	-13	-39.4567000428
199961	-7	-34.2671501159
199967	-9	-35.0151774892
200003	-4	-30.0311677306
200131	-13	-32.0194288839
200237	-15	-35.1126422683
200363	-19	-37.2905512546
200483	-23	-38.6175837162
200723	-4	-20.4917052634
201923	-6	-20.4978042543
202031	-6	-23.4218065246
202219	-4	-19.4288471589
206749	-3	-13.4078934977
206909	-6	-12.4093252826
207017	-5	-10.4382509943
207139	-13	-14.2987019813
207269	-25	-21.4564278012
207371	-31	-26.5570062130
207481	-34	-27.8071599932
207551	-46	-37.3807000084
207671	-50	-38.5906481287
207799	-43	-35.5166055944
207947	-53	-41.5211866979
208049	-44	-38.4191575725
208147	-49	-40.9586110448
208279	-56	-48.1897408339
208391	-49	-43.8744682116
208493	-48	-42.4867311307
208591	-65	-53.3646093559
208721	-69	-59.7375073275
208889	-67	-56.0272374828
208997	-69	-58.6354881673
209173	-61	-50.7907654373
209257	-69	-57.4256971269
209353	-80	-68.7873119601
209459	-79	-72.3791390990
209569	-72	-69.8668389571
209687	-71	-68.3884332777
209809	-61	-63.5633631791
209927	-59	-62.8701961495
210019	-66	-71.7586264038
210131	-71	-76.9670439255
210229	-84	-85.8773741653
210319	-99	-97.9073686389
210437	-89	-92.2952619561
210557	-71	-80.1421768766
210719	-56	-71.4969550129
210839	-54	-68.7686793169
210943	-72	-80.5307564317
211073	-64	-74.8859741101
211213	-68	-79.3550312576
211297	-73	-81.8135958920
211433	-61	-76.1604143579
211571	-56	-72.5320726504
211681	-62	-78.0681495780
211789	-60	-78.6237973088
211891	-68	-83.9389456559
212039	-62	-74.9852660268
212183	-66	-77.6294904697
212353	-52	-64.6299402215
212467	-57	-66.7466212699
212627	-40	-55.7247923077
212801	-29	-43.7878720613
212903	-23	-44.5587195593
213029	-23	-43.1972686738
213149	-29	-47.4912615766
213253	-40	-54.0267354713
213359	-40	-54.3393191142
213491	-23	-43.9433207693
213623	-12	-36.0381193349
213791	-10	-28.3019935561
213949	-3	-26.5065716807
214033	-13	-35.3945547072
214147	-7	-34.9626336866
214913	-8	-33.9136727371
215123	-9	-25.7647001064
215249	-30	-38.0615402787
215359	-31	-40.3853642151
215471	-31	-38.6933192300
215617	-24	-32.9008646714
215767	-10	-22.6045241903
215893	-4	-19.0998128172
216023	-23	-28.1638777183
216133	-30	-31.4693334877
216289	-31	-30.0900962301
216421	-37	-33.9733296979
216571	-22	-21.3799742070
216703	-19	-18.4166888482
216791	-27	-26.2028440160
216917	-20	-21.6483422827
217057	-22	-22.8915588398
217201	-11	-16.3179848062
217313	-17	-19.8918946016
217387	-35	-35.1036333989
217499	-34	-33.1555282937
217661	-22	-24.0495938731
217747	-26	-28.2800617812
217909	-14	-18.8947278259
218081	-11	-13.3438157273
218171	-18	-20.2729369973
218423	-5	-9.0110089866
218527	-13	-13.6580199231
218657	-4	-11.8057648732
219031	-3	-14.7505561059
219353	-3	-15.0414013072
219463	-12	-17.6072815820
219587	-20	-24.0056252664
219683	-27	-29.7372249384
219767	-22	-30.2805949599
219871	-30	-36.1234319509
219959	-31	-41.1566195478
220063	-42	-49.3303631093
220243	-37	-43.3301933399
220369	-37	-39.7246415728
220511	-45	-42.3972332321
220613	-43	-43.6959552506
220757	-44	-41.2644359022
220873	-52	-45.4449021139
220933	-57	-50.7137099152
221087	-50	-46.5648633922
221219	-48	-48.1865152557
221327	-52	-49.5744624740
221477	-58	-51.3847345433
221603	-73	-57.9183871671
221717	-76	-60.9461124882
221827	-74	-63.7453548784
221987	-64	-56.8843996809
222067	-72	-63.6882017186
222163	-78	-67.0012869593
222323	-82	-70.8116736222
222419	-84	-72.7155443762
222587	-76	-65.3553022276
222731	-73	-61.7265494069
222857	-79	-63.6432843494
222967	-79	-63.0197818116
223061	-80	-66.6348193997
223217	-82	-66.6110186685
223283	-83	-70.1054814940
223381	-88	-72.9908935005
223507	-87	-71.2644847579
223667	-88	-68.9548758516
223823	-82	-63.2676150835
223939	-87	-66.5707111457
224069	-80	-58.4695384122
224197	-76	-57.7913702654
224299	-75	-58.9548485250
224429	-74	-59.1983110509
224563	-73	-56.6325057763
224677	-62	-54.3024260071
224797	-64	-54.5701909908
224921	-65	-52.7095548724
225067	-65	-50.3910064529
225161	-60	-50.4494620850
225287	-67	-57.3294602371
225373	-73	-60.4523191001
225509	-90	-68.7325500577
225619	-88	-67.7366204996
225751	-87	-66.6899209628
225871	-85	-66.0831198505
225989	-88	-66.8088664076
226129	-74	-59.2213702000
226241	-75	-59.2288845984
226397	-65	-52.6523813213
226531	-66	-52.3475155995
226643	-56	-47.2100398980
226777	-50	-43.1127677799
226901	-59	-48.7061140113
227081	-45	-38.3381082745
227177	-58	-46.2076215082
227281	-63	-48.3920315954
227419	-56	-42.9616388081
227519	-50	-40.3861798477
227603	-60	-50.0241147297
227699	-64	-56.3281759703
227873	-64	-47.9486304989
228061	-52	-36.4767648535
228199	-46	-32.8745994132
228307	-54	-39.1070654280
228421	-46	-35.6159253136
228517	-51	-38.2056593202
228611	-64	-49.1982115831
228737	-64	-50.8935314848
228853	-67	-53.9578627419
228929	-73	-60.6245324533
229093	-86	-66.6126684610
229199	-92	-71.5125470389
229283	-99	-77.3574967275
229423	-102	-75.6124752238
229549	-101	-78.9598570224
229637	-104	-84.2054527065
229751	-117	-94.5820344423
229819	-121	-98.7641855711
229961	-123	-97.6606835818
230081	-136	-106.3718943998
230203	-140	-110.3974297190
230303	-143	-113.3325457320
230387	-149	-118.0458572609
230507	-142	-115.4894330903
230663	-138	-112.1882027428
230779	-141	-112.4711401645
230929	-143	-110.1613184782
231019	-147	-115.1765076724
231197	-130	-102.6576333737
231323	-128	-101.7846375996
231433	-136	-104.8889330112
231547	-120	-99.0267427741
231631	-130	-107.6925597356
231821	-108	-91.1670461570
231919	-121	-101.5180215610
232051	-122	-100.0199133804
232171	-119	-99.0509922241
232363	-108	-89.3919452351
232457	-110	-89.7016775828
232597	-102	-86.0033386757
232711	-107	-90.3244412249
232853	-99	-83.6980137247
232963	-99	-82.2050809528
233159	-88	-67.4074979180
233279	-83	-61.8518582168
233371	-78	-60.4073667875
233551	-70	-47.1785106096
233683	-75	-50.0806172926
233851	-79	-49.9841009420
233969	-66	-42.4140743239
234121	-56	-39.7810609878
234197	-56	-40.7785279728
234317	-70	-51.7152393058
234461	-64	-45.8373837471
234547	-58	-43.9518031379
234683	-64	-45.1739063501
234799	-64	-46.3448737280
234907	-67	-54.4477739717
235003	-77	-60.1409292157
235111	-74	-58.8090544252
235243	-72	-55.8204736074
235441	-64	-47.2523118222
235553	-59	-44.2811552924
235679	-55	-38.6847727372
235813	-44	-30.3670677655
235967	-38	-24.1499666834
236107	-39	-25.1791540809
236261	-54	-32.1597555775
236387	-50	-26.7607820626
236507	-45	-22.6425995281
236659	-36	-16.8753159259
236771	-43	-19.0798700801
236891	-43	-17.4931116972
237019	-43	-17.0948693440
237151	-42	-13.7067366298
237271	-40	-14.3601034294
237373	-44	-19.5195715316
237581	-29	-2.6372719512
237733	-20	6.6575117512
237859	-17	8.4183978061
237977	-23	2.4927976085
238093	-29	-1.4486872629
238181	-26	-3.6977044464
238291	-28	-2.9542204532
238397	-35	-10.5398591409
238519	-32	-7.4616787563
238673	-33	-9.4543807260
238781	-36	-12.2805092033
238883	-38	-12.1055753502
239023	-29	-1.2702263005
239171	-28	0.7829123149
239287	-27	-2.2527695205
239423	-28	-1.7543807885
239539	-29	-3.1154233684
239641	-35	-8.2984975673
239783	-24	-1.4136774385
239893	-20	1.1308540508
240017	-29	-5.1128305606
240113	-38	-13.3827993916
240259	-31	-8.5429781356
240371	-30	-7.8487384670
240517	-27	-5.2216473041
240659	-20	3.9488951687
240769	-25	-0.7001876235
240893	-33	-6.6189055650
241037	-42	-7.4153574675
241141	-49	-11.7845886301
241271	-46	-13.0878520274
241363	-44	-12.3259310447
241511	-46	-15.5945486051
241601	-50	-18.5432067450
241711	-47	-16.7736456367
241823	-42	-17.7268946172
241921	-41	-21.0125734656
242057	-37	-20.4119429007
242171	-41	-22.7665807800
242309	-38	-22.6647424272
242447	-39	-24.3742302834
242533	-42	-26.7810929724
242659	-42	-26.4820643795
242789	-37	-27.2658395378
242923	-30	-21.5820510348
243101	-8	-4.1972272236
243203	-4	-4.1816772963
243647	-8	-8.7539780451
243839	-7	-2.7667878309
244033	-7	-6.4254045235
244597	-11	-16.3013246150
244703	-4	-15.4728444516
244837	-21	-28.8631738987
244939	-21	-29.5417953538
245087	-14	-23.1478318535
245257	-3	-13.0794605284
245389	-9	-17.9702326172
245513	-17	-23.0488480136
245621	-16	-21.8824338785
245723	-32	-34.1149926741
245851	-16	-21.9995209724
245983	-7	-15.6809522635
246217	-5	-15.9659426453
246329	-6	-16.8672616438
246661	-3	-18.3965501450
246787	-15	-27.2698800085
246907	-8	-22.5927007885
246979	-11	-27.6396518139
248179	-10	-30.6133415207
248299	-12	-33.2181933275
248431	-16	-37.2243860014
248543	-20	-39.5520581437
248641	-27	-46.9074491757
248779	-14	-39.2608298556
248867	-22	-47.1246728725
248987	-19	-46.0209523407
249131	-18	-44.6727361886
249253	-18	-42.8044410839
249397	-19	-42.6638388847
249499	-22	-47.7366707811
249593	-32	-58.3029739971
249749	-24	-48.5603480169
249863	-37	-55.2899375168
249989	-37	-53.1526039448
250073	-39	-58.9536056428
250267	-21	-43.6525603706
250441	-9	-31.1120453343
251033	-4	-26.0389240775
251143	-11	-29.9447846777
251219	-19	-38.9621359343
251323	-14	-37.3853796106
251443	-13	-38.4588894204
251533	-18	-40.8162795481
251653	-25	-47.6829249081
251831	-25	-43.6729105453
251917	-22	-42.4485243017
252029	-19	-41.0551082525
252173	-14	-34.1060747881
252293	-18	-38.5274273949
252419	-18	-36.6831165576
252559	-20	-35.8986211094
252713	-14	-31.0854338441
252829	-24	-35.8206720512
252937	-32	-45.9408254756
253103	-15	-31.7151982337
253343	-6	-17.6224945946
253433	-8	-22.8774686997
253609	-6	-20.4958415204
253717	-7	-23.0843337878
253811	-23	-34.7001190341
253919	-23	-35.3976627186
254027	-33	-41.5349165169
254161	-35	-36.8141903041
254291	-36	-38.9151127835
254447	-44	-42.2366957992
254647	-34	-31.2253790428
254773	-40	-30.4607264410
254873	-42	-31.8495408086
254971	-50	-38.1797626255
255071	-59	-48.9049630157
255173	-66	-53.5893795061
255251	-74	-60.8485790291
255419	-69	-56.3373267421
255517	-73	-60.2175995009
255649	-77	-62.9847052157
255763	-71	-61.2531054065
255887	-76	-66.9045356498
255989	-82	-71.1096332316
256121	-73	-63.1958155909
256211	-82	-69.1365957453
256391	-79	-62.1639620916
256517	-77	-60.8098986361
256643	-80	-64.1241836357
256801	-68	-52.5606729898
256957	-53	-40.6194548622
257107	-47	-35.2741836767
257249	-46	-33.9026577347
257351	-62	-46.4666007613
257459	-55	-41.5832686040
257611	-57	-38.7378398066
257717	-57	-40.2134695495
257869	-63	-41.0465103924
257993	-60	-41.1306926272
258119	-57	-39.8816946627
258241	-54	-41.0535930718
258353	-47	-37.4248010157
258469	-44	-36.5633432750
258581	-40	-36.1204891128
258677	-39	-35.0263692422
258779	-41	-38.4514020317
258949	-32	-34.1635788251
259033	-28	-33.8570415626
259183	-16	-26.9124177107
259339	-12	-24.9111226892
259459	-6	-21.5449388075
259783	-4	-18.1088838562
260023	-16	-22.8919400807
260263	-3	-15.2254312187
260419	-7	-13.4580408230
265451	-4	-12.9959895355
267469	-4	-24.4692500150
267551	-19	-35.6928347405
267637	-26	-42.1753165303
267719	-31	-48.4669211891
267803	-43	-56.3611672597
267901	-65	-69.9125081879
268049	-59	-66.3315002495
268207	-44	-53.4146180949
268403	-37	-48.4372105260
268531	-32	-49.1411983845
268721	-11	-31.0246157924
268789	-24	-41.3757010906
268897	-30	-44.0281886919
268997	-40	-49.3822521816
269117	-46	-54.1000262043
269219	-43	-55.3411038931
269341	-49	-57.8845322939
269431	-54	-63.4638372285
269573	-55	-61.8105464804
269713	-53	-58.8536733952
269879	-58	-59.1325976636
270001	-51	-53.3877254473
270133	-52	-54.2577027448
270239	-57	-61.1230613605
270337	-53	-60.8865728917
270463	-58	-63.0727713044
270583	-53	-62.5594598819
270689	-60	-67.8631709422
270799	-67	-72.3654420602
270953	-53	-61.3079477432
271067	-65	-71.8704379106
271211	-59	-65.8967676374
271333	-55	-66.4687376426
271471	-47	-59.2545986993
271597	-46	-58.1162739980
271729	-43	-57.9268778267
271853	-41	-54.7570569219
271969	-41	-55.8386338484
272131	-39	-52.4277192368
272231	-39	-54.3688665564
272333	-48	-62.4434101634
272407	-53	-68.3396801184
272539	-43	-58.7756167131
272693	-45	-59.1796553563
272813	-38	-60.1084983013
272971	-30	-52.5862747414
273061	-41	-61.3078115439
273181	-35	-58.2220138449
273311	-35	-58.2531469783
273517	-19	-45.0966480678
273643	-18	-42.9586550720
273803	-10	-37.4964681880
274007	-3	-33.1088485496
274123	-17	-41.2564481611
274223	-11	-40.6044877179
274361	-8	-39.4925940131
275783	-8	-46.8824758286
276011	-9	-47.8599073204
276113	-17	-55.8416795548
276247	-8	-50.0319566840
276359	-14	-54.6798042012
276487	-23	-61.2815144684
276593	-22	-60.8956206177
276763	-10	-52.4192298396
276869	-13	-56.6806360280
276977	-17	-59.2778992100
277157	-8	-51.4925249356
277577	-4	-51.1310933586
277687	-8	-51.8368563338
277813	-9	-52.7624066232
277961	-5	-47.0626623374
278111	-15	-49.6799315371
278219	-11	-49.9094865882
278353	-9	-51.7200704676
322571	-9	-48.3559848333
322649	-21	-59.0519107297
322807	-23	-53.7234258562
322951	-29	-58.1257384359
323083	-25	-53.0557465977
323233	-15	-43.8398346500
323371	-9	-37.7748279176
323473	-17	-44.5844478377
323599	-17	-45.2507475593
323767	-16	-44.3475377690
323923	-18	-42.7341421891
324073	-5	-31.4396303261
324179	-20	-39.8483180687
324301	-29	-42.8368771582
324431	-50	-54.1122746756
324517	-53	-59.6997983512
324641	-65	-69.7388793630
324763	-82	-81.1169462605
324871	-77	-78.5317162371
324983	-89	-89.7490506739
325063	-94	-96.5606821571
325201	-87	-90.8316684159
325319	-87	-93.8665140735
325459	-68	-80.5403044296
325597	-53	-73.6430522870
325697	-47	-70.6398148399
325783	-54	-77.0539348146
325921	-60	-81.3825632829
326063	-56	-80.3189986318
326149	-71	-87.3634982664
326323	-82	-88.1820875013
326503	-64	-75.2009774962
326609	-69	-75.8602295488
326701	-70	-78.4254074299
326873	-60	-70.5044166089
326999	-58	-68.3191931274
327133	-68	-71.6758111375
327277	-66	-73.1680891983
327401	-60	-70.1060522808
327479	-69	-77.8142864446
327571	-86	-91.1794293907
327689	-85	-90.6542448478
327823	-86	-92.3098034610
327917	-101	-101.6779352323
328051	-103	-104.0002358940
328171	-102	-102.7634578281
328327	-87	-91.0783760248
328421	-88	-93.9680876394
328591	-76	-85.5777732527
328721	-65	-77.9853660081
328849	-66	-79.2555360907
329009	-73	-83.0338405435
329143	-78	-83.2360161280
329267	-69	-78.2037379163
329347	-78	-86.7871811786
329519	-76	-82.6108023154
329629	-70	-81.1206256035
329723	-69	-80.1254172610
329873	-75	-81.7355771270
329999	-81	-83.0982470242
330103	-92	-92.1901446352
330229	-91	-93.3525094111
330331	-105	-100.6609519495
330439	-112	-103.6073140465
330641	-127	-110.5713688923
330721	-133	-116.2750000203
330853	-137	-121.2344103095
330997	-135	-119.0156020225
331147	-115	-104.2041613139
331249	-121	-109.3277825789
331349	-130	-114.7448123931
331511	-127	-112.8005315913
331589	-138	-120.0985775825
331739	-130	-115.3596639304
331883	-121	-108.5983389955
331973	-115	-107.1095855751
332113	-122	-106.4610261891
332207	-132	-115.8386716095
332393	-131	-112.7560447485
332477	-136	-117.8565706889
332623	-124	-112.9151782082
332791	-105	-98.1769509404
332947	-102	-94.2611488528
333049	-116	-101.3253804335
333197	-110	-96.7915216468
333323	-110	-100.2386683939
333433	-105	-96.6860344606
333517	-113	-102.0483525561
333673	-119	-106.5420603704
333779	-118	-108.3243275901
333929	-130	-114.1697647840
334057	-118	-106.4938827557
334189	-127	-115.1231782670
334349	-126	-109.2732533032
334447	-131	-113.0498086866
334603	-124	-107.5120556190
334717	-126	-107.7795660372
334793	-133	-113.9004661916
334987	-109	-95.1368649640
335077	-123	-105.9912881212
335171	-135	-115.5497007153
335323	-129	-111.0645437274
335459	-138	-114.6089286051
335591	-141	-117.7691983368
335719	-154	-121.5945757497
335843	-141	-113.2070840241
336029	-147	-109.1992452600
336143	-161	-118.3013507631
336239	-163	-119.6194483481
336397	-168	-122.9221067892
336529	-169	-123.2523373870
336631	-171	-125.9667091476
336757	-173	-128.5338968904
336829	-189	-138.9540522796
336977	-171	-127.2453904698
337081	-178	-133.9684238124
337223	-185	-137.2956137855
337343	-190	-137.4768504784
337487	-178	-127.8877088389
337609	-194	-137.4806504561
337721	-194	-136.2553053045
337861	-182	-128.5967655455
337957	-190	-134.4388457821
338153	-201	-135.1982029373
338231	-203	-141.2304731008
338309	-222	-156.8476042901
338411	-227	-160.8325397768
338543	-234	-166.8014114796
338687	-229	-163.0445059387
338803	-221	-155.5954453501
338999	-210	-142.9825911945
339137	-205	-138.5389022744
339257	-208	-139.0276405091
339433	-189	-122.3646608762
339613	-178	-116.0272409202
339707	-171	-113.5915855872
339827	-169	-112.1295350812
340027	-151	-97.7748030795
340111	-160	-106.0206625936
340261	-163	-108.1126120663
340393	-163	-105.1937923528
340541	-151	-97.7947141877
340643	-157	-101.5781482572
340787	-158	-103.0426390139
340897	-160	-104.1644790252
340957	-179	-120.4121372642
341087	-183	-124.5787724599
341269	-177	-116.1723194650
341339	-181	-121.0056872399
341501	-181	-118.9767916803
341623	-190	-124.6862005079
341749	-194	-128.6257258399
341879	-195	-126.8262283610
342037	-188	-118.6312828913
342131	-186	-118.7392096306
342241	-190	-125.3981232819
342359	-196	-129.8168699897
342469	-205	-134.4453552885
342607	-200	-131.5538873243
342761	-212	-135.5158934450
342871	-213	-134.0881858800
343061	-193	-119.5570777380
343193	-189	-116.4578942936
343307	-189	-117.8731716522
343393	-191	-121.5586043982
343547	-177	-114.4168574676
343639	-194	-125.2702053586
343799	-189	-122.2359752142
343913	-189	-123.7176166454
344053	-186	-118.9603296402
344189	-196	-128.2352899099
344257	-198	-132.6017340333
344363	-204	-138.2418332677
344567	-194	-125.6232345037
344683	-188	-123.0241747694
344819	-186	-119.1249333343
344921	-186	-121.8408428903
345019	-201	-132.6345260227
345193	-201	-132.0787657887
345379	-180	-114.5600296088
345517	-184	-115.8810955537
345637	-194	-121.7572527896
345731	-189	-122.4076272914
345817	-193	-126.5463474838
345953	-196	-129.0408751525
346111	-193	-127.5298196093
346217	-202	-134.0318338941
346349	-201	-131.4858548898
346429	-194	-130.0372220918
346547	-210	-139.8649242618
346651	-220	-150.5366340384
346793	-222	-149.6490805431
346943	-224	-147.9594469779
347069	-227	-150.2808825758
347177	-228	-151.2775961326
347287	-229	-154.8958864464
347443	-211	-140.9803752281
347587	-204	-134.1641665442
347731	-206	-135.7632933332
347873	-198	-133.0608542247
347981	-206	-139.0937414965
348053	-222	-153.8819752732
348221	-210	-146.4578906537
348353	-196	-137.1618614895
348443	-207	-145.2300142053
348563	-207	-146.9731209717
348709	-205	-142.6764807326
348839	-204	-141.9968003923
348989	-204	-140.7874820360
349109	-199	-138.0597357108
349241	-197	-134.6291405342
349379	-198	-135.6684579748
349477	-201	-138.5495361460
349589	-202	-138.6489699108
349759	-210	-142.1483451114
349849	-220	-153.4714844424
349949	-227	-161.1218259209
350093	-221	-154.5843734990
350249	-223	-150.1431017625
350429	-230	-149.7509444474
350561	-238	-154.8193811932
350699	-243	-157.5025320236
350783	-245	-160.6851284036
350899	-239	-158.2355040248
351031	-232	-154.2476660230
351121	-235	-157.1036885759
351269	-236	-155.0124712410
351361	-239	-160.4813395382
351479	-244	-167.0542763632
351653	-226	-150.9677739061
351763	-240	-163.4909292625
351863	-241	-166.2497945748
352021	-220	-150.0136446275
352123	-224	-152.9147651091
352271	-223	-152.5517270170
352369	-217	-152.6945126903
352463	-216	-153.2961515603
352589	-217	-156.1230495829
352741	-197	-144.3966913452
352853	-203	-150.0028292919
352991	-190	-144.0823756728
353123	-182	-141.6882984091
353263	-185	-144.0631144317
353411	-183	-139.2618965743
353531	-194	-145.2228108973
353657	-200	-151.7259556921
353783	-198	-148.8588779082
353897	-190	-146.0233428568
354023	-202	-156.7572019652
354139	-206	-158.0817419328
354257	-203	-155.3027719827
354353	-219	-169.3574572343
354451	-223	-173.3858899684
354587	-231	-174.7070724816
354727	-233	-177.3253848477
354839	-229	-179.0769988619
354973	-229	-177.0963086508
355049	-240	-186.9893386769
355139	-251	-193.6373188383
355343	-254	-190.6960124141
355499	-249	-184.7512011119
355571	-254	-191.4596442130
355717	-253	-186.3890635544
355841	-252	-189.2902681003
355951	-246	-186.8789385156
356129	-235	-176.4148333719
356263	-244	-176.9688227541
356443	-228	-160.8585002674
356563	-242	-169.0420767723
356737	-221	-153.3730832375
356927	-218	-150.9926572349
357031	-213	-147.4655139780
357169	-212	-147.9459748308
357281	-199	-140.6822589391
357421	-200	-138.8568581183
357569	-203	-137.7760865463
357659	-197	-138.2441061901
357737	-209	-150.3404985192
357829	-214	-157.2606205960
358031	-202	-142.0538018083
358181	-194	-136.5640263238
358289	-198	-142.8218447362
358427	-214	-150.2835985554
358541	-210	-147.0593286843
358669	-224	-158.4697662653
358753	-232	-163.8118798879
358877	-221	-161.6004759259
358987	-223	-164.9849421622
359111	-222	-165.2900791588
359231	-218	-163.5834632377
359327	-211	-160.9138264296
359477	-201	-155.6033512508
359587	-203	-156.8000085507
359731	-199	-155.3209486264
359911	-187	-144.7563924938
360089	-166	-125.1246828948
360229	-157	-118.6274962303
360323	-164	-121.2930614569
360511	-160	-113.3938749467
360769	-124	-82.1592557033
360863	-135	-89.5484742547
360979	-146	-92.8572903150
361159	-134	-83.2568175829
361279	-139	-88.8067361717
361409	-153	-99.6855807015
361499	-160	-106.1688572186
361643	-170	-109.9772326695
361769	-170	-110.9994729852
361901	-171	-113.0858920134
361993	-180	-122.7960237514
362107	-169	-112.8367537813
362233	-166	-110.5545591722
362353	-171	-113.8853799645
362431	-176	-120.3544532800
362629	-158	-105.1259226988
362753	-156	-101.1573695345
362941	-144	-94.1927008938
363043	-146	-100.1376466135
363173	-148	-98.9421383714
363317	-125	-84.6380943205
363401	-127	-86.2300916070
363529	-120	-85.0425059044
363611	-128	-91.3520955320
363761	-136	-96.2459139928
363889	-126	-91.6564444843
363989	-128	-91.2346575244
364171	-127	-90.2009891897
364291	-127	-94.3393670668
364411	-116	-88.0421293718
364523	-108	-83.1832717271
364643	-120	-90.2874141671
364753	-116	-88.3113373003
364919	-105	-80.3649941069
365021	-110	-86.9474108311
365159	-110	-91.0222131408
365293	-95	-81.2414822964
365419	-97	-82.1691772946
365509	-115	-93.8090980087
365611	-135	-105.8041037832
365759	-136	-103.7642423480
365929	-132	-98.6095837711
366053	-134	-101.6200289091
366173	-133	-102.2769414157
366269	-140	-108.9593196678
366383	-155	-117.3191046822
366479	-161	-125.5481735397
366677	-123	-100.8427432031
366791	-129	-106.5011064978
366901	-124	-103.9027690753
367001	-121	-104.9014080990
367123	-120	-103.6783042372
367231	-114	-102.1828663912
367357	-118	-105.1999611200
367531	-119	-102.2605349772
367637	-124	-107.9673447221
367739	-128	-112.1537347138
367849	-126	-111.8888926717
368029	-114	-103.1493934727
368129	-118	-108.5007356809
368243	-115	-105.7714850617
368399	-113	-103.6904392509
368531	-127	-111.7406102624
368653	-122	-108.9123544773
368801	-132	-112.7297294099
368957	-126	-105.3379437893
369119	-111	-94.1722158387
369253	-116	-94.6725545149
369407	-111	-86.2729006994
369637	-101	-72.9380940409
369791	-85	-62.2608137162
369913	-84	-61.4321433972
370009	-91	-66.9776830617
370133	-92	-66.9894715673
370247	-89	-62.7161049611
370441	-73	-53.2850601059
370547	-73	-52.5996381144
370663	-63	-46.7190808923
370837	-58	-43.1803557758
371029	-45	-32.0996350604
371153	-32	-23.9118144101
371257	-40	-30.8000631153
371353	-30	-24.6668157040
371491	-15	-15.7126541826
371639	-5	-8.8896863966
373291	-6	-2.6763611994
376081	-4	-15.4980138967
376231	-12	-17.4861780562
376399	-8	-14.0362239240
376531	-9	-12.9626381892
376657	-9	-15.5343839110
376787	-8	-17.4213516655
376853	-5	-18.0372765574
377051	-4	-15.8424305803
377623	-4	-12.4848846053
384061	-16	-1.9184901090
384173	-4	3.8099612553
384299	-12	-5.0509747450
384437	-7	-0.6043511145
384619	-7	-3.4121966193
386437	-5	-12.0370222956
393013	-6	-31.6635863744
393109	-5	-35.6242830555
393209	-8	-39.9670329856
393539	-5	-36.1986844246
393611	-24	-52.3429237529
393713	-31	-55.9798309131
393857	-21	-49.3674186776
393977	-38	-56.8588392596
394123	-45	-61.8910810056
394249	-41	-58.0752541111
394393	-44	-58.9708189647
394549	-25	-48.0995934358
394673	-31	-50.4710415276
394787	-28	-53.0227260905
394931	-28	-52.2716376681
395039	-37	-57.8435641946
395141	-50	-65.5076457013
395261	-48	-65.4549056984
395407	-37	-61.0983703453
395533	-40	-64.9044530705
395677	-41	-63.1429906704
395851	-19	-45.7065207948
396001	-19	-41.1619548130
396119	-27	-49.0637289857
396259	-16	-38.1567596654
396377	-28	-47.5086333131
396527	-12	-37.4918165752
396629	-21	-45.1170990980
396733	-19	-46.2005670299
433261	-11	-37.9282699093
433369	-13	-43.4038997816
433501	-14	-43.4114596929
433651	-8	-38.8871946285
433759	-14	-45.0405314743
433883	-18	-47.4886725125
434039	-13	-45.3586699324
434201	-9	-41.4931514113
434303	-14	-44.4526908859
434407	-13	-44.4828877917
434521	-21	-54.0128779084
434689	-18	-52.5253527069
434821	-16	-53.1925272378
434921	-15	-52.5458678582
434989	-19	-58.0110592554
435151	-18	-57.8533655454
435263	-33	-67.4900155917
435397	-44	-74.4960417369
435529	-42	-72.4423681667
435619	-39	-74.5904656519
435731	-50	-81.4095418790
435857	-62	-87.3406702810
435973	-66	-86.0887097908
436097	-75	-93.0723815404
436273	-58	-83.3096201975
436417	-45	-74.2232905162
436529	-53	-79.3450796758
436651	-50	-75.6589468112
436801	-50	-74.3189853999
436963	-36	-64.7200611438
437083	-40	-67.7246530747
437201	-48	-73.9354112104
437351	-44	-69.3097262091
437497	-41	-66.1351764915
437629	-49	-68.0691184067
437743	-55	-70.2851174826
437909	-54	-67.8040850427
438049	-43	-62.1214124280
438241	-17	-41.8007841467
438377	-12	-36.4729869438
438517	-17	-38.9493093893
438623	-10	-36.7618069350
438761	-5	-32.8574888485
438887	-12	-35.9024498788
438989	-8	-34.7412714941
439883	-8	-39.4887953905
440303	-4	-33.7181353951
440527	-6	-39.9092818174
440681	-3	-39.0613312338
440809	-13	-47.5701304103
440953	-13	-48.0664851413
441073	-26	-59.2342955977
441179	-17	-52.7492673842
441307	-10	-47.1198529270
441479	-23	-55.7833146850
441607	-30	-61.1609655005
441751	-24	-57.5062997904
441887	-9	-48.2256757657
442033	-11	-49.8751727646
442171	-18	-56.3968003207
442271	-21	-59.9805186758
442439	-22	-59.2985313412
442537	-21	-60.6866363881
442699	-16	-55.9200429954
442789	-26	-63.1429727243
442903	-26	-65.9414630381
443017	-22	-62.9970448416
443129	-25	-68.3193717419
443227	-36	-80.2437244179
443341	-37	-82.5271764954
443431	-37	-86.6880378216
443563	-33	-84.6961845556
443701	-47	-94.4670964367
443837	-52	-95.0016944442
443917	-58	-101.6666221388
444043	-50	-97.5141165075
444167	-51	-98.5629631449
444289	-45	-95.2560274869
444443	-37	-89.4470123054
444529	-48	-98.5364473845
444641	-46	-101.3664695434
444803	-28	-87.7677090625
444887	-42	-100.4334048492
445019	-50	-104.2001929861
445157	-61	-111.1161499698
445297	-50	-101.2935664826
445477	-35	-85.8843269595
445619	-34	-86.6803668257
445769	-33	-84.5138436581
445883	-36	-87.7433177235
446053	-29	-79.5115501909
446197	-24	-76.5607053969
446323	-24	-78.4990950512
446447	-18	-72.5862938387
481301	-3	-34.7615676804
482767	-3	-45.7714865645
483247	-3	-46.2996104737
487843	-6	-15.6071419267
490661	-4	-22.6714071427
491857	-9	-24.1017118257
492013	-7	-24.8297167467
492103	-15	-28.7089624687
492911	-3	-16.2603440211
493193	-11	-23.7261535168
493291	-4	-23.5344079644
494383	-5	-16.9211208467
494563	-3	-14.2000067426
494671	-11	-19.1384028228
494743	-13	-25.2811386565
494899	-13	-24.0804304708
495041	-21	-25.9471876424
495151	-24	-30.1995095849
495301	-23	-29.3879965139
495389	-37	-41.9997824575
495511	-54	-54.3649399022
495613	-64	-65.0765734787
495713	-62	-63.3176910270
495821	-68	-69.1929448642
495953	-60	-63.0772662317
496073	-51	-58.0290853496
496259	-45	-54.5098813312
496381	-45	-55.1369871685
496493	-43	-56.0486538769
496687	-23	-40.0067614279
496849	-7	-27.8586915839
496963	-10	-28.6684438855
497423	-26	-40.3736885013
497537	-28	-44.3292269788
497663	-23	-43.9197231616
497771	-26	-47.8137642719
497899	-18	-39.4970163587
498053	-19	-37.1371082426
498181	-13	-32.5802839555
498367	-7	-25.7223526212
498493	-10	-29.7590478036
498611	-14	-34.0758448226
498749	-14	-32.3584060479
498859	-12	-31.3644737082
499349	-6	-32.9800266472
499483	-13	-38.6799548935
499607	-21	-43.7968120417
499687	-25	-49.3663542853
499801	-24	-50.6896589101
499969	-14	-41.8683369918
500113	-3	-35.7495187045
500233	-14	-45.2697692731
500341	-22	-48.9507217281
500471	-22	-45.7752233997
500603	-29	-50.9142484395
500741	-42	-59.4891547724
500887	-50	-62.2935030392
500977	-57	-69.5944816936
501103	-58	-70.6859689533
501203	-61	-74.2365010005
501317	-70	-78.1155896382
501463	-69	-77.7898917701
501637	-78	-82.6893403356
501803	-67	-74.0691190858
501947	-64	-72.8275911139
502063	-62	-71.2356818834
502217	-71	-77.2294380213
502409	-38	-52.9354376767
502543	-29	-47.2148595868
502669	-29	-42.0983083357
502807	-25	-40.9683877011
502961	-20	-37.0353212805
503207	-4	-24.3440096117
503549	-12	-28.1067323104
503653	-14	-29.8102269383
503803	-17	-29.7448536684
503929	-31	-38.8750030293
504017	-35	-43.9070303517
504157	-48	-47.9448916119
504307	-41	-41.2131974299
504403	-53	-50.9951379385
504593	-49	-47.2679672008
504683	-49	-49.8128055058
504857	-53	-51.3871397038
504967	-52	-53.5672647898
505067	-58	-59.9186809588
505159	-69	-70.1149888872
505301	-76	-73.9459841586
505409	-82	-76.3393585685
505513	-86	-80.3091759167
505639	-77	-76.0694607724
505759	-83	-84.4620780731
505907	-71	-72.0192853605
506101	-72	-65.8479360522
506251	-88	-76.4916914851
506351	-98	-84.1280469757
506491	-109	-89.6937438502
506593	-120	-96.9330234339
506729	-111	-93.4717785007
506861	-120	-98.7174814357
506983	-116	-94.0119712939
507113	-116	-95.8299934379
507289	-112	-91.3676128462
507383	-110	-90.8024791550
507557	-92	-75.6790331899
507691	-84	-71.6638826060
507809	-84	-69.8361011632
507953	-80	-67.4975952582
508087	-55	-53.5489136101
508229	-64	-59.5703419965
508349	-78	-68.0657099893
508489	-75	-68.2655516266
508583	-76	-69.5566697535
508789	-69	-63.8136391203
508913	-70	-63.4741533734
509023	-69	-61.3847635179
509149	-67	-59.8868513581
509317	-63	-55.7718372748
509449	-54	-50.6465418772
509581	-54	-49.2678805605
509689	-56	-53.1974997497
509801	-65	-61.5543757209
509939	-59	-60.0022007847
510067	-54	-57.4289161939
510179	-43	-53.2916799211
510287	-44	-54.1642010038
510449	-26	-40.1874709200
510583	-28	-41.8818097611
510709	-25	-38.3509015715
510889	-10	-26.8016568852
511409	-4	-27.4115901990
511541	-4	-28.4960602471
512717	-3	-20.4547264134
512959	-14	-27.5881786366
513053	-5	-24.6709542791
513167	-3	-24.2006826642
513473	-15	-32.7062476140
513649	-15	-28.0523557679
513749	-26	-37.3152750008
513899	-34	-39.1785195959
514021	-49	-47.5601011027
514123	-43	-45.0330874030
514249	-48	-47.2467852189
514379	-41	-44.5244899907
514529	-41	-42.4804620149
514651	-23	-32.6644384002
514769	-24	-32.6246400715
514867	-36	-43.0822252214
515089	-14	-21.2666754674
515237	-7	-18.1597471254
515381	-13	-22.3986729506
515597	-7	-13.8399173141
515693	-16	-21.6366538537
515813	-14	-23.6105873166
515941	-24	-30.0173554068
516127	-16	-21.8938473772
516223	-22	-28.7569288916
516323	-23	-35.0678813980
516433	-29	-39.4039838176
516541	-34	-41.2876405758
516653	-45	-50.8645264703
516793	-58	-61.2413121650
516911	-71	-69.9338514628
517043	-66	-66.0341313949
517169	-71	-68.0699728516
517249	-82	-77.1492788416
517381	-89	-82.6434095292
517481	-93	-89.9341732040
517571	-99	-96.5988429953
517711	-98	-97.0119863289
517861	-94	-92.4310844322
517991	-97	-94.6680596541
518123	-105	-95.5858256985
518209	-120	-107.4445728755
518341	-116	-103.0395855912
518473	-105	-96.9225978358
518657	-101	-89.5537366531
518761	-117	-100.3429359765
518867	-124	-106.6093933834
519037	-123	-106.4051307159
519151	-128	-108.1628925505
519287	-127	-107.7256600961
519413	-136	-116.3264053959
519539	-144	-121.0656481118
519667	-140	-120.1248216258
519797	-152	-124.6513648305
519931	-144	-123.1917388860
520063	-133	-118.1979800332
520241	-129	-109.6543417712
520361	-139	-114.7542316959
520433	-142	-121.9696253912
520609	-141	-118.0227071011
520721	-141	-119.5990096837
520889	-133	-112.7177618467
521021	-131	-111.2224922249
521153	-127	-104.2152656007
521267	-133	-106.5311166798
521377	-141	-114.3168455071
521503	-132	-109.4983806347
521603	-135	-111.9463072947
521749	-125	-106.3027430382
521861	-129	-108.3526694588
521993	-137	-114.5485935899
522113	-131	-110.6712331184
522233	-133	-114.3379323727
522371	-139	-117.3585142014
522497	-143	-120.6932307751
522659	-145	-119.9111432102
522749	-153	-127.5502496482
522857	-162	-135.6830693501
522989	-158	-132.5061191188
523177	-161	-130.8104417221
523357	-151	-122.1882456826
523493	-139	-113.5493566673
523603	-123	-104.6756744081
523729	-133	-111.0534610387
523867	-137	-112.7751818808
524047	-127	-102.5286951053
524123	-131	-108.5251306388
524243	-131	-109.7522856619
524369	-131	-110.0076733195
524519	-133	-110.1858234495
524707	-132	-108.7963460838
524869	-119	-100.6755851496
524959	-129	-110.2427014846
525029	-129	-114.3849130334
525193	-129	-112.4331061093
525353	-128	-110.8989223841
525433	-136	-117.3177102122
525541	-154	-130.6961756835
525697	-169	-138.4107762781
525809	-165	-133.3928899697
525947	-185	-144.1348139858
526063	-192	-148.0948429626
526189	-191	-147.7638480522
526291	-181	-143.4128122693
526429	-174	-139.9393846846
526571	-180	-144.1075822409
526657	-188	-150.5425205655
526759	-197	-157.4914809611
526909	-197	-156.9010336105
527053	-193	-155.3011419935
527159	-193	-156.4727876488
527281	-185	-151.4665513436
527407	-198	-161.6008889574
527563	-192	-155.3142189381
527701	-178	-144.0349697769
527851	-168	-134.9325824205
527987	-167	-140.6566166597
528127	-172	-142.5470846750
528263	-172	-142.8419871932
528403	-164	-138.4026246770
528559	-157	-132.8507753744
528707	-151	-128.6304786064
528833	-151	-130.6918753838
528973	-140	-122.2396806002
529097	-144	-125.3214108000
529213	-147	-131.2873944005
529327	-143	-129.6460499155
529489	-140	-124.4570986545
529637	-134	-122.8536380080
529741	-141	-131.8025241786
529927	-122	-118.9889886346
530017	-122	-119.2009237785
530143	-124	-116.4400978121
530261	-129	-123.1270749579
530359	-132	-127.5535561745
530527	-122	-117.8660240711
530641	-117	-114.6192779307
530743	-110	-112.6955364414
530857	-95	-102.6802319448
531017	-103	-103.9657612536
531163	-95	-98.9159604859
531287	-98	-102.5047751090
531481	-97	-99.1480485579
531613	-100	-101.0080217440
531799	-93	-92.9091264972
531877	-100	-99.7458948727
532027	-105	-98.7572032697
532183	-94	-95.6055549500
532307	-80	-88.3744713428
532417	-92	-98.4796793830
532531	-99	-101.2414909141
532639	-107	-108.3916391345
532771	-104	-105.7201678779
532907	-112	-111.5612689189
533033	-109	-108.1742234034
533177	-120	-111.5767507623
533263	-129	-117.9786052809
533399	-121	-113.6609116220
533593	-108	-99.1876213335
533747	-87	-83.7722068361
533893	-84	-84.6239224986
533999	-81	-87.3731007291
534077	-90	-92.9371225767
534229	-110	-105.8204824975
534367	-121	-112.6945085184
534553	-112	-103.4482806665
534647	-108	-100.8757095351
534827	-110	-101.8056613318
534943	-104	-99.2575293086
535123	-89	-90.2218722745
535237	-92	-96.3099889786
535391	-74	-82.0402933295
535571	-61	-72.9710040194
535679	-55	-71.7160414512
535811	-50	-73.3276657527
535967	-51	-71.0637533229
536087	-50	-69.4230192972
536213	-51	-69.6774461433
536293	-68	-81.5713627114
536443	-64	-77.9994378913
536531	-69	-83.9438157308
536677	-72	-82.2505173176
536777	-70	-84.5855057036
536891	-76	-90.7296564128
536999	-85	-96.6643202993
537079	-92	-102.6953747303
537221	-105	-107.4378611955
537373	-92	-97.6276828928
537587	-82	-87.0675482996
537743	-76	-82.5122589575
537853	-83	-89.3703451691
538049	-79	-83.4703076410
538151	-77	-83.3306407879
538283	-67	-80.2252138928
538399	-68	-81.7704878252
538523	-75	-89.1461876995
538651	-77	-90.2304244903
538777	-68	-85.9154795575
538921	-68	-85.0166687369
539089	-58	-76.9247900935
539167	-60	-82.8880187226
539303	-50	-74.3746082452
539447	-53	-76.8810517312
539629	-40	-67.8298649757
539723	-36	-66.4316206287
539863	-48	-72.6552050942
540101	-50	-66.7867172968
540187	-51	-66.8441609903
540343	-41	-64.6067909619
540437	-49	-71.0171941419
540577	-54	-70.2914504237
540691	-61	-74.7817210691
540809	-56	-72.1886821819
541001	-43	-61.4914163041
541153	-43	-59.5946900503
541283	-42	-57.9163873495
541417	-42	-57.0896134698
541537	-31	-51.5264282237
541657	-32	-54.4690762427
541771	-51	-68.5260572164
541927	-39	-57.3345588951
542053	-37	-57.9914408145
542131	-39	-62.4496870598
542237	-49	-72.8747837391
542441	-45	-62.0763462385
542539	-44	-64.1651976872
542693	-35	-56.2676010107
542821	-33	-55.1355781441
542947	-40	-58.9405462610
543113	-37	-55.4007178484
543217	-46	-61.0874994718
543299	-49	-66.3538970704
543407	-61	-73.9148000742
543601	-54	-66.3528714689
543703	-58	-71.3645007968
543827	-58	-71.4311267641
543901	-61	-74.9197585219
544021	-60	-75.5142318294
544177	-60	-74.9535436011
544399	-55	-67.3153523025
544543	-31	-50.3690949477
544721	-24	-46.5030781952
544837	-18	-42.6694539749
544937	-20	-44.2335605198
545089	-23	-40.3196169270
545231	-23	-42.1469058370
545443	-6	-29.2902327252
545549	-15	-36.3373544403
545663	-13	-33.6247216525
547787	-4	-20.1235876278
548869	-17	-23.0249520953
549011	-21	-28.3000662545
549139	-20	-28.4615702513
549247	-24	-31.0327090216
549403	-11	-20.8343148003
549533	-22	-25.4814201357
549643	-21	-25.3899163981
549737	-27	-30.7741556319
549883	-17	-22.0690686057
551039	-11	-29.1574391262
551207	-4	-22.8652846909
551743	-7	-25.9627163747
551909	-3	-24.4294350751
554317	-5	-25.8848404983
559901	-5	-6.6320290610
560039	-11	-7.3956463520
560137	-15	-13.6728175451
560227	-24	-23.1031564285
560311	-28	-28.8578222752
560477	-24	-24.6114715748
560597	-28	-30.3851486490
560719	-22	-27.3460074308
560837	-40	-40.9460847727
560941	-45	-43.2131713211
561091	-37	-35.8223025805
561229	-37	-38.0949124751
561377	-26	-28.7255204267
564391	-7	-5.7282115506
564491	-12	-12.5850631480
564761	-10	-5.9245469983
565111	-7	0.2918112372
565603	-5	-3.3935276637
567991	-8	17.9110396525
568133	-10	14.7805577492
568207	-20	6.8604347428
568367	-15	9.0561842013
570733	-11	-0.7444269895
570859	-11	1.8050248035
571031	-4	6.1176748927
571229	-7	2.6964189944
571433	-5	6.4592225987
572051	-4	14.5571790695
572177	-3	11.5863847271
572333	-9	7.3846579810
572471	-16	1.5989796363
572587	-25	-5.8165267935
572659	-33	-13.1245783715
572807	-45	-21.8480668477
572909	-57	-29.8472551852
573047	-62	-31.4837081883
573247	-43	-15.6098301723
573371	-39	-12.1149478790
573487	-46	-20.2157602243
573637	-44	-19.7158462594
573763	-38	-16.9517369280
573883	-50	-25.4536714536
574003	-57	-29.2652688933
574159	-44	-17.0768484395
574289	-45	-16.2039500525
574433	-42	-12.9285697259
574597	-32	-5.5230690885
574703	-30	-3.0720532605
574817	-34	-4.6616236890
575009	-43	-9.9047935483
575131	-42	-9.8737727755
575249	-45	-13.0223322592
575417	-35	-2.6116636068
575557	-46	-8.6117967840
575669	-61	-18.8683543594
575777	-62	-22.3107615152
575921	-69	-25.6572648750
576029	-79	-31.3822580323
576167	-74	-26.4924637173
576293	-70	-27.8566322933
576431	-77	-36.2287856239
576539	-82	-41.8977504375
576659	-70	-34.4272545785
576739	-65	-33.3619584247
576899	-54	-25.3652521272
577067	-50	-22.4907184265
577177	-58	-30.8677911833
577333	-76	-39.4799297933
577463	-89	-44.2038076106
577559	-90	-47.1518669018
577739	-89	-44.0058352298
577873	-87	-41.0426589979
577979	-85	-41.6728440237
578131	-91	-45.2066995844
578299	-76	-36.9524388456
578407	-69	-34.0208227572
578509	-71	-37.4183997693
578621	-79	-45.6007478662
578777	-77	-45.8620045016
578861	-82	-52.2160474652
579023	-78	-45.2800122506
579199	-64	-32.9563641805
579331	-67	-34.7567914327
579499	-54	-25.4172750815
579571	-53	-27.2670095785
579673	-65	-33.8275706481
579809	-62	-38.3475077573
579949	-51	-30.9146492793
580093	-45	-29.9415387106
580259	-35	-19.5095949087
580379	-29	-17.0139932875
580553	-35	-17.0504792966
580687	-43	-20.7862367112
580787	-48	-26.0283575832
580901	-36	-19.9815142347
581047	-43	-26.9310210891
581173	-55	-32.0225714997
581293	-59	-39.0285408796
581393	-63	-43.8370633247
581527	-61	-40.7949433054
581663	-66	-43.5639775934
581773	-76	-53.5464167386
581909	-75	-53.3196191202
582031	-71	-51.7264565078
582173	-72	-47.8525633745
582317	-76	-49.2413376074
582469	-68	-44.3183007816
582643	-60	-37.4891196842
582761	-56	-35.2220570575
582859	-68	-47.0018567322
583007	-73	-49.8601533262
583153	-75	-50.7790183904
583267	-79	-53.7160624749
583397	-88	-58.1374182391
583501	-80	-54.5484407715
583621	-86	-56.8029041287
583769	-98	-67.0958510782
583879	-115	-78.0873273767
584033	-114	-76.6137452044
584203	-100	-69.7442653871
584387	-111	-70.4155575442
584531	-94	-58.5945471117
584659	-107	-66.0695714452
584767	-107	-69.2746067924
584897	-108	-71.0335771235
585019	-105	-71.4577908282
585077	-115	-81.7946582197
585269	-87	-63.0376693060
585391	-91	-66.4713200623
585551	-82	-57.3347341752
585671	-78	-57.0069389141
585779	-89	-67.7956991321
585881	-92	-71.8395670512
585997	-93	-72.3584041309
586123	-106	-76.4595153011
586291	-102	-74.7718898536
586429	-99	-72.8437332552
586543	-93	-73.3735920610
586633	-107	-84.3991276975
586801	-119	-89.8520551778
586909	-131	-96.5068185786
587017	-130	-98.5427861245
587117	-143	-106.8889482157
587219	-138	-105.5472174185
587381	-140	-103.1523483243
587497	-145	-107.1928310438
587599	-141	-105.2262487249
587693	-153	-114.0561750223
587813	-156	-117.8720172499
587947	-168	-125.5018788243
588043	-169	-128.8162968667
588167	-162	-125.1723216637
588293	-171	-131.5399487176
588437	-168	-129.5172951340
588571	-156	-125.7156214771
588733	-153	-124.2641486155
588877	-150	-118.0191148420
589021	-160	-122.7072136768
589181	-167	-121.2266274367
589289	-184	-131.5685570242
589451	-178	-124.1390006326
589591	-171	-121.3229632943
589753	-153	-108.3467518456
589861	-165	-117.0658367046
590033	-151	-103.6300919497
590141	-155	-110.4518096478
590279	-155	-108.8920922919
590399	-159	-111.1385604090
590599	-149	-99.9551756616
590719	-141	-94.3383371671
590867	-144	-92.3169308913
591053	-146	-88.9345519152
591161	-156	-98.1503044976
591317	-147	-87.5981574182
591457	-147	-86.1247309251
591611	-144	-82.5535569235
591749	-137	-80.6991657571
591887	-138	-82.3129548924
592061	-121	-71.2222045432
592217	-130	-76.4711102427
592337	-136	-77.6327639655
592451	-142	-82.0546040442
592561	-141	-86.4294854316
592661	-150	-93.0351213734
592793	-150	-92.3789569639
592931	-158	-95.6935464498
593059	-147	-91.0540640639
593179	-146	-92.2034768912
593273	-152	-97.2868089488
593401	-150	-97.6788346018
593507	-157	-104.4858976379
593629	-170	-112.2187541991
593783	-169	-111.7769745698
593977	-166	-104.4006480453
594137	-154	-93.5489852543
594241	-168	-104.2491579424
594367	-186	-114.8567711492
594469	-198	-125.7731637827
594577	-198	-126.4431240967
594739	-195	-121.3030582484
594889	-196	-122.5584828031
594989	-204	-127.0044881962
595093	-223	-142.3557867291
595183	-229	-147.5634429187
595291	-230	-149.8947573702
595381	-232	-153.6186080069
595571	-243	-153.3706200550
595733	-230	-145.1852460694
595943	-203	-124.8540683266
596027	-211	-131.9621569889
596143	-215	-135.5033152474
596261	-215	-136.4527552731
596419	-220	-135.9172366000
596587	-214	-130.9825214690
596693	-216	-132.3687809205
596831	-200	-124.9643579815
596929	-198	-127.7170372468
597059	-206	-131.4386164053
597253	-211	-128.5786700902
597383	-226	-140.0240376270
597497	-224	-140.2969912580
597599	-230	-145.8435211946
597697	-242	-155.7397423059
597853	-247	-157.2725818194
598007	-255	-156.5184942039
598151	-248	-153.4505349828
598307	-240	-144.1224180157
598447	-246	-146.4124380370
598643	-242	-141.9294355706
598727	-248	-148.2100907904
598877	-236	-137.8454005047
598987	-240	-142.1474069965
599147	-235	-136.3524973657
599303	-233	-131.1018452959
599407	-230	-131.3079557585
599551	-234	-136.7114168416
599681	-232	-136.6350267582
599803	-227	-132.2797355453
599941	-226	-132.2074862294
600091	-230	-132.3662153309
600241	-231	-133.4243964494
600337	-239	-142.3960978437
600449	-242	-141.9481236873
600601	-241	-138.2021367076
600727	-236	-137.3979333874
600883	-230	-132.5372005953
600983	-237	-137.0647950852
601127	-242	-141.3071005563
601247	-240	-140.4421207371
601339	-246	-145.4439298649
601507	-239	-142.8337438034
601697	-233	-134.7236536346
601819	-234	-135.0860701646
601949	-231	-136.3281124720
602083	-228	-133.8167342783
602197	-228	-137.0295403142
602309	-250	-152.6712084095
602411	-259	-160.8083869494
602543	-260	-159.1993061059
602687	-252	-153.2554426241
602779	-266	-167.3235404495
602929	-271	-168.9650597595
603047	-271	-171.7984328748
603203	-272	-171.7602110183
603391	-249	-154.0041437775
603529	-252	-156.4599913813
603667	-256	-159.3974080518
603791	-250	-157.0095606158
603893	-248	-157.9724113010
603947	-258	-166.1508241717
604073	-264	-171.3127271380
604309	-268	-166.8912954772
604411	-251	-159.2070421649
604579	-227	-143.3256072253
604699	-223	-140.9951599330
604811	-225	-139.6562852625
604931	-223	-141.8495557981
605051	-222	-143.3530891807
605191	-222	-143.8453560258
605329	-211	-138.8815348270
605477	-211	-138.4140053753
605597	-214	-142.7136615554
605719	-206	-135.8486589762
605887	-182	-118.3849026192
606017	-183	-117.8852302445
606091	-195	-128.7762516999
606299	-192	-120.7470586338
606443	-190	-118.1188537488
606581	-201	-125.5670148108
606731	-204	-124.3174669975
606847	-206	-126.4515107947
606971	-208	-130.3146213486
607081	-214	-137.2631768946
607157	-216	-143.8804144885
607303	-212	-139.4785151860
607417	-214	-141.1589727121
607619	-186	-122.1429456668
607741	-199	-130.5964096618
607909	-185	-118.1846365753
608011	-189	-120.0769785925
608147	-180	-116.2608024104
608303	-181	-116.2551712616
608401	-191	-125.2372228148
608521	-187	-123.3169358548
608669	-184	-123.2736165451
608819	-178	-118.3359745944
608903	-188	-126.0651711464
609067	-189	-127.9907200946
609179	-206	-139.5949125605
609283	-216	-142.9786064472
609397	-238	-158.7527038781
609517	-238	-160.4968682004
609613	-248	-165.2293641220
609757	-236	-157.1379787951
609911	-224	-149.1465054742
610081	-211	-142.2170580735
610243	-207	-140.1056234399
610417	-199	-128.0601334502
610553	-210	-131.8503645303
610667	-225	-146.0972684245
610783	-213	-141.6413646803
610867	-213	-144.6708996934
610993	-204	-139.8713793329
611113	-211	-145.1366614875
611293	-223	-151.9461646634
611453	-221	-149.6827150863
611561	-217	-149.1556974387
611753	-197	-133.4860410514
611887	-201	-134.9880427240
611993	-198	-134.3750844379
612071	-199	-138.8645626335
612181	-206	-143.3606938884
612319	-215	-148.0558507575
612439	-219	-149.7787461611
612643	-215	-140.6635187840
612791	-198	-130.2044474696
612877	-202	-133.8147168550
613013	-203	-133.3238879024
613181	-196	-126.4141532405
613267	-220	-145.0531995327
613427	-225	-148.8420933111
613507	-229	-154.7197787322
613637	-218	-149.1221444084
613763	-213	-144.9774826657
613903	-211	-142.9315054157
614071	-222	-147.3108612848
614179	-232	-152.3453371500
614377	-211	-139.0528105487
614543	-210	-139.2667524981
614657	-211	-139.4488995740
614743	-214	-143.7472456578
614881	-205	-138.4669428411
615047	-212	-141.0204515226
615229	-196	-130.8264215913
615343	-197	-134.3405410204
615449	-199	-136.5638099598
615577	-204	-139.5761308544
615731	-214	-142.8251770316
615821	-213	-144.0415934043
615949	-222	-151.3414109017
616111	-208	-138.5353006189
616207	-211	-142.9941642874
616313	-203	-140.4762173449
616433	-215	-150.3995187845
616523	-218	-156.4945505542
616673	-200	-143.6198306641
616789	-212	-149.5665136395
616909	-220	-155.5927282660
617039	-221	-156.7508636424
617147	-234	-168.0544788156
617269	-251	-176.4540314490
617369	-255	-181.9884802599
617479	-261	-185.7299260710
617677	-253	-180.8627222357
617759	-257	-185.6439393932
617873	-251	-182.6333192881
618031	-254	-185.4146402709
618227	-235	-171.7082940471
618329	-237	-173.6916630420
618439	-240	-176.9717905586
618589	-242	-178.4978118690
618799	-217	-159.0763851452
618929	-219	-164.7594766713
619033	-229	-172.7672909205
619181	-214	-165.1927317388
619303	-219	-167.8468012316
619511	-205	-155.7476687467
619621	-211	-158.3166510542
619763	-196	-148.8339130663
619867	-204	-155.1973830711
620029	-206	-150.0136442945
620197	-210	-150.5034401565
620311	-208	-153.7090027898
620413	-211	-156.7721077883
620549	-218	-164.6715995558
620663	-216	-165.2532275966
620777	-211	-162.3687360931
620929	-220	-167.7630776926
621031	-228	-172.4878645551
621223	-226	-169.5650846144
621347	-226	-167.4955388774
621461	-227	-168.6609930494
621631	-197	-147.5380992936
621757	-190	-141.9101757021
621913	-189	-143.7286970049
622051	-177	-136.7811193160
622157	-184	-140.3602844221
622301	-189	-142.2040811131
622477	-165	-126.2712697808
622571	-166	-128.2051651270
622669	-171	-134.4862770662
622861	-155	-123.4274118613
623003	-161	-124.8975571387
623209	-151	-113.6387768320
623321	-155	-116.5419928882
623423	-155	-118.1514821110
623621	-132	-100.1086072514
623717	-141	-107.1104121314
623851	-147	-110.7449575541
623957	-149	-113.9365783332
624067	-161	-122.9700306545
624203	-169	-128.8504321673
624313	-177	-136.1481936003
624467	-177	-139.3967845061
624577	-177	-138.4320831631
624709	-175	-139.3382671713
624803	-171	-140.0644722726
624977	-174	-136.6213471971
625111	-185	-142.4364836660
625237	-172	-137.1775143046
625369	-169	-136.8729374255
625543	-154	-122.2249114277
625661	-156	-124.2469356802
625837	-153	-119.0124998064
625979	-147	-116.3157933893
626159	-132	-103.6785096011
626317	-126	-98.8069919744
626477	-119	-91.8128762986
626617	-113	-86.6500911798
626711	-104	-83.2204425101
626833	-102	-80.6483466793
626963	-112	-84.7250023260
627101	-108	-86.6046190452
627251	-94	-79.6607654271
627379	-100	-81.1395969321
627547	-84	-70.1575028514
627667	-80	-67.4876691895
627799	-65	-60.6062752029
627961	-60	-56.2092355039
628097	-42	-41.5208511810
628219	-44	-43.7511924683
628379	-33	-32.3996745432
628547	-36	-31.7120076371
628709	-28	-23.7801036339
628811	-30	-22.6815149217
628973	-29	-21.8174277896
629113	-33	-24.3588139444
629311	-38	-20.5815835174
629429	-42	-23.9925598576
629591	-44	-29.6387169123
629701	-52	-32.5276641255
629807	-52	-30.0094062981
629921	-52	-31.5541933145
630029	-46	-27.0885665119
630181	-32	-15.4828740536
630349	-51	-26.7296420951
630523	-32	-14.0013546180
630659	-21	-8.4262394104
631339	-5	2.5333081748
631529	-11	-2.0293066716
631619	-24	-13.3545540118
631751	-21	-10.0448898845
631867	-27	-15.7295108241
631991	-42	-24.5854881654
632117	-50	-29.5982458351
632251	-55	-32.3885498373
632347	-61	-42.2480517248
632473	-58	-40.7175816134
632623	-51	-38.4705507095
632743	-40	-33.2660775681
632897	-30	-24.6271343761
633013	-37	-31.0542094947
633197	-46	-36.2208342966
633337	-41	-31.2667736849
633463	-34	-26.2998422555
633599	-14	-12.5960836824
633767	-4	-1.8971981281
633931	-3	-4.2528061657
634061	-7	-5.6747637896
634181	-15	-10.6786409398
634273	-26	-19.1909889442
634397	-17	-12.7488868879
634531	-19	-16.4830178642
634651	-35	-27.7837184842
634757	-43	-36.9227097530
634891	-31	-28.7877813263
635021	-43	-35.0647384720
635207	-33	-24.5788634450
635317	-36	-28.3475479423
635413	-37	-31.9900765661
635527	-40	-35.7607767587
635689	-29	-30.7558647284
635821	-37	-36.2459992463
635939	-40	-40.6969124012
636059	-36	-39.5371130045
636211	-45	-43.7751219254
636313	-51	-47.7643085119
636469	-39	-40.1956770407
636613	-33	-39.0738079622
636749	-38	-40.1645774264
636863	-40	-41.5853479220
637001	-40	-38.1984236452
637171	-43	-38.8698553123
637309	-45	-41.5331269627
637421	-38	-39.5208868705
637529	-39	-38.3838190893
637669	-48	-44.9426434733
637771	-51	-45.4867636470
637909	-57	-50.7609577691
638117	-37	-32.8264345246
638263	-44	-35.1493095391
638437	-44	-30.2751037886
638621	-30	-15.1683483387
638801	-15	0.5289371670
778793	-3	-7.0140365901
778993	-9	-10.3880934120
779249	-4	-9.7082224409
779869	-12	-11.4407187409
779993	-11	-13.0794694907
780173	-7	-8.7023810456
780433	-3	-7.7231443306
782009	-12	-18.6675085211
782129	-12	-23.4475854484
782231	-28	-35.7210800920
782387	-26	-33.5418150960
782519	-29	-35.6981961642
782707	-25	-28.7470903380
782911	-22	-21.7631120545
783023	-33	-27.6227105483
783151	-31	-25.1746696582
783317	-37	-30.0891322487
783421	-38	-29.8968303342
783599	-27	-20.1469111896
783703	-29	-23.7209498472
783779	-33	-28.7230161831
783931	-36	-29.0418722052
784117	-33	-24.8546263578
784243	-34	-27.0850371310
784367	-34	-27.6646712705
784463	-37	-31.9480329032
784573	-26	-29.2121588408
784723	-15	-21.2895976408
784957	-4	-15.0676904959
785839	-10	-21.3502443508
788891	-6	-32.0929998564
788999	-18	-40.1045722303
789109	-26	-45.4883360657
789311	-17	-38.8828497349
789443	-7	-32.3083898799
789977	-3	-30.7486608651
793981	-6	-26.3155905795
794077	-22	-41.8565542945
794173	-36	-53.4289890010
794327	-32	-48.7645058463
794473	-32	-49.1294381686
794569	-41	-56.8108763021
794711	-25	-48.2528091582
794923	-22	-45.1328596024
795079	-14	-37.3234225630
795187	-27	-46.6645847595
795323	-30	-48.6388886414
795493	-29	-48.0287051403
795643	-38	-55.0288892496
795713	-51	-66.3392769498
795827	-53	-66.5697706205
795947	-55	-65.9862424395
796139	-37	-53.1823564193
796259	-33	-49.0373258599
796379	-39	-56.3972812504
796531	-42	-56.8415149984
796657	-51	-64.5263671826
796777	-53	-65.7426547417
796871	-49	-67.3017360832
796981	-65	-78.5089100878
797063	-78	-88.4312809297
797281	-70	-81.0741440992
797417	-70	-81.4909688165
797561	-68	-79.6782062216
797647	-75	-86.8503835342
797813	-74	-84.4627324260
797957	-67	-79.1007085410
798097	-71	-77.5460259214
798197	-66	-76.3026999213
798319	-57	-71.8928707152
798481	-50	-67.1302407090
798641	-55	-70.4167198141
798751	-58	-70.0523115273
798929	-60	-67.0944498565
799093	-45	-56.2816188112
799301	-20	-34.8023255424
799427	-21	-35.3130355402
799543	-18	-34.6215111801
799657	-22	-36.7864353931
799801	-26	-39.2700092513
799961	-21	-35.6775688724
800083	-19	-34.3171082394
800171	-30	-44.4778856108
800311	-34	-52.1626711604
800447	-46	-60.6418562748
800539	-43	-61.9001182427
800651	-38	-58.8141308097
800731	-59	-73.3389904920
800897	-52	-71.3645859551
801001	-46	-69.1552045719
801127	-59	-76.8553266580
801301	-57	-74.5057685371
801421	-53	-74.3407859596
801571	-60	-75.8064969134
801709	-68	-82.9105916320
801883	-70	-79.7828217454
802037	-62	-70.4780903901
802163	-67	-74.5336508328
802331	-63	-67.7326969893
802511	-52	-58.6159838851
802649	-53	-63.4144247849
802777	-52	-63.7978044074
802913	-59	-65.7584587080
803059	-55	-66.7741612500
803251	-37	-51.6123085722
803393	-29	-46.4232832588
803497	-22	-44.4838146763
803629	-21	-43.2984015091
803813	-7	-32.0218291518
804017	-9	-30.5478653947
804127	-12	-36.8979784603
804313	-14	-38.7468097953
804449	-18	-37.6145259771
804577	-32	-46.0203917148
804703	-29	-48.4005566822
804833	-27	-48.7909900428
804941	-44	-59.6231816903
805061	-48	-64.4360849889
805159	-63	-75.0900339093
805279	-73	-86.3950918615
805381	-83	-92.2369245305
805507	-83	-91.2480942311
805639	-74	-84.3409305237
805807	-85	-89.0012605024
805913	-82	-90.7920349761
806041	-96	-98.0504922542
806177	-91	-92.5652000699
806317	-92	-94.1062019312
806467	-81	-82.9624287361
806639	-62	-71.2270262745
806807	-49	-61.9458409554
806977	-58	-65.0564974556
807119	-55	-64.1276863834
807241	-61	-68.8304967232
807407	-58	-63.4816686956
807509	-67	-71.0758412054
807647	-61	-63.8560292155
807817	-38	-46.9787858574
807973	-39	-47.4094133023
808169	-29	-36.6107933241
808309	-30	-35.6755003518
808417	-47	-48.6816085453
808579	-45	-48.2568607631
808693	-42	-48.2379994553
808793	-42	-51.8753777836
808993	-16	-32.6116965855
809147	-21	-33.6925867326
809261	-24	-36.1167285872
809383	-27	-34.8986449656
809491	-41	-46.1518585964
809629	-47	-48.4977214638
809771	-60	-56.7995992804
809869	-64	-62.2220132566
810023	-61	-57.1064763543
810151	-61	-57.3759970652
810307	-63	-55.3141450495
810391	-72	-64.5053437477
810493	-59	-57.0723629544
810583	-63	-64.3213192083
810769	-77	-70.9452295589
810923	-81	-71.4931661257
811081	-76	-66.1187401233
811199	-84	-72.5205033096
811337	-77	-67.5259037931
811501	-59	-58.2291620923
811637	-62	-59.4137007696
811753	-65	-61.8404252833
811897	-68	-64.0060916939
812033	-70	-64.2934156374
812179	-72	-63.7174824137
812297	-71	-63.3912656449
812387	-74	-65.9712772810
812503	-79	-70.4902380053
812671	-79	-67.0326931153
812807	-80	-68.8299638166
813023	-86	-65.6421335501
813133	-87	-67.2117952763
813269	-82	-66.9554744669
813377	-75	-64.5570017385
813529	-79	-66.5764755786
813697	-77	-56.1769124459
813847	-79	-58.5738721032
814003	-66	-48.2135886666
814069	-80	-60.2263622787
814211	-88	-64.9170308327
814379	-90	-65.8106583518
814501	-87	-62.0305720572
814631	-76	-55.3985334628
814783	-79	-59.5079737367
814901	-93	-67.6935311653
815047	-92	-68.8322019845
815231	-84	-58.1078032867
815351	-99	-68.6545434273
815491	-90	-62.9155134706
815621	-88	-61.2733303651
815713	-99	-68.6482680888
815923	-78	-53.5578891814
816047	-79	-58.7005461843
816163	-79	-58.8308560756
816271	-90	-67.2134049881
816451	-98	-70.5392605263
816593	-106	-74.2925850399
816769	-103	-68.5122799578
816869	-98	-67.3167001394
816961	-106	-77.1143713901
817093	-107	-75.7307540067
817211	-113	-82.1489420489
817337	-119	-88.4423684995
817529	-107	-74.7938581206
817709	-114	-77.9117715424
817793	-120	-85.4239863327
817907	-129	-95.3611649718
818093	-107	-77.1698351273
818231	-100	-69.1371676016
818341	-108	-77.9660088203
818453	-115	-78.3061016146
818683	-106	-70.7188536237
818837	-103	-67.5507536112
819017	-88	-56.0133222652
819157	-90	-59.3599624717
819271	-79	-51.2342528517
819407	-76	-47.8781360456
819487	-78	-50.5361286077
819607	-86	-56.7470028796
819719	-101	-66.6931182568
819823	-102	-70.9330126682
819989	-97	-67.4345471514
820133	-103	-73.8506587018
820247	-109	-75.8916703234
820361	-113	-78.1376716633
820489	-116	-77.3351124110
820643	-116	-74.7458233972
820753	-118	-75.0159667732
820909	-129	-81.1013072154
821053	-133	-87.1394066159
821143	-140	-94.4047546157
821297	-144	-93.1498317906
821461	-150	-98.3136585531
821603	-141	-93.2221745914
821771	-146	-95.2716238385
821869	-154	-99.9599356863
822011	-156	-100.7370281114
822163	-139	-93.2146915225
822259	-143	-96.4265179884
822361	-155	-106.3996807564
822541	-151	-103.2739727675
822611	-154	-105.8502986688
822727	-160	-109.7119890145
822823	-167	-118.3370926156
822971	-164	-116.2593611120
823129	-164	-114.6241933990
823243	-174	-120.8496536163
823399	-155	-106.4103525156
823541	-159	-112.1515942876
823651	-166	-121.5753856314
823741	-165	-124.5097622454
823841	-179	-131.7312020681
823997	-187	-138.1376782099
824137	-177	-131.4782238657
824281	-178	-130.3403638077
824459	-169	-123.5368617946
824609	-165	-119.7930190809
824741	-176	-124.8129475609
824861	-189	-133.5114595171
824981	-185	-128.1437209538
825073	-194	-136.2009443462
825229	-196	-136.7639819550
825337	-197	-144.1643413523
825439	-213	-155.3886316693
825553	-211	-153.6163567302
825697	-220	-157.0949425956
825827	-220	-159.1621244443
825983	-211	-149.6413000446
826093	-214	-151.1328646657
826271	-207	-145.6764923319
826379	-207	-147.4012641242
826541	-217	-153.2086410148
826663	-224	-159.6685055109
826729	-243	-176.0439236897
826879	-236	-172.1246106838
826997	-236	-174.3901674007
827147	-239	-175.5310805629
827327	-227	-162.7384897931
827473	-236	-171.8068217644
827639	-226	-163.4541536018
827791	-214	-151.6362975854
827873	-216	-154.8166647783
828007	-209	-151.7508510616
828119	-203	-150.2149057667
828349	-191	-139.1523270415
828517	-197	-140.3077798823
828673	-191	-133.5120740291
828787	-193	-135.0065911176
828889	-185	-133.1915698883
829013	-191	-136.6852390836
829159	-189	-133.5208563382
829273	-196	-138.0376402240
829511	-162	-114.6564452605
829643	-156	-115.0459041115
829757	-157	-114.7226285287
829877	-162	-117.3873468512
830051	-165	-115.0814601089
830233	-148	-103.9286262480
830339	-146	-103.6502982088
830441	-149	-106.4618120913
830561	-154	-115.5679969864
830693	-152	-111.6531373865
830839	-151	-109.0061075330
830957	-157	-113.7849533533
831091	-164	-118.2748251745
831253	-154	-108.0352225673
831409	-153	-109.1403507873
831547	-168	-118.6771706593
831647	-169	-119.9366726261
831731	-174	-125.7658387849
831847	-176	-125.4395241622
831967	-182	-132.7496846973
832129	-177	-129.5373630223
832297	-180	-127.4215920815
832399	-189	-133.9213939304
832499	-197	-143.4122910394
832633	-204	-150.1694899250
832721	-213	-158.6092734596
832861	-204	-154.9977041497
832963	-211	-161.2654578210
833101	-204	-156.1961132880
833269	-199	-152.8697991374
833429	-196	-146.9637270241
833557	-202	-149.9118195332
833713	-206	-149.9733244656
833843	-216	-154.9011852033
833977	-219	-158.9447602118
834143	-213	-153.0289980101
834283	-200	-146.1859616536
834497	-183	-132.3395415457
834611	-190	-136.3523003805
834761	-186	-132.5605662468
834893	-183	-132.7108771473
835013	-183	-131.1139349999
835207	-171	-120.5055127054
835369	-164	-113.2965449398
835469	-173	-122.5652758717
835633	-157	-112.0151497272
835759	-162	-111.8453636819
835897	-174	-118.2125650285
835993	-167	-115.1319159459
836153	-179	-121.2598420968
836243	-198	-135.8991427406
836387	-199	-136.6812111020
836569	-181	-126.7679582447
836701	-176	-123.7509268453
836821	-184	-131.1530209674
836939	-174	-124.1689782530
837079	-173	-120.7378306211
837283	-170	-114.7411463120
837413	-173	-116.1747048062
837583	-162	-106.5467156984
837721	-149	-98.4271640490
837887	-144	-91.6949864398
838039	-144	-93.8211618515
838153	-150	-100.9800801022
838363	-134	-85.1799602472
838447	-139	-91.4125076105
838583	-151	-100.1141083067
838687	-158	-106.0564339051
838813	-153	-101.0102786665
838939	-140	-94.3646138707
839071	-151	-101.9347307002
839269	-135	-89.6754522805
839437	-134	-84.9830295905
839539	-141	-92.0417882986
839651	-134	-89.6140248841
839809	-153	-100.9708362805
839921	-149	-97.9080655007
840083	-155	-97.5066843667
840223	-158	-99.0188551892
840341	-167	-105.5473367166
840523	-165	-104.2880991273
840703	-148	-88.6172375746
840821	-151	-93.1528970893
840941	-143	-89.1599898816
841063	-149	-95.0857333611
841193	-158	-98.4078997086
841277	-175	-110.3944571347
841397	-182	-115.2247154260
841597	-172	-104.7299016464
841751	-153	-91.9906442573
841927	-159	-97.2410948830
842071	-152	-91.4183980564
842161	-158	-97.8428397833
842293	-174	-107.6148749407
842393	-178	-113.8131058104
842483	-192	-121.7712124520
842599	-196	-126.6785979540
842771	-180	-112.5591337932
842939	-174	-112.1296503045
843079	-187	-121.8625003310
843209	-202	-129.1737668359
843347	-215	-136.8278156956
843461	-209	-133.9253537184
843589	-213	-136.1585748901
843757	-213	-134.2282156955
843881	-221	-139.7792004335
844069	-220	-134.0741736520
844157	-232	-144.9373246458
844289	-231	-145.6107210841
844439	-244	-151.4596550577
844511	-244	-156.9629740277
844621	-244	-157.0341153060
844769	-255	-164.1740314520
844913	-262	-167.9296918794
845083	-260	-163.4425499721
845209	-247	-158.3256623115
845347	-250	-158.5576525460
845489	-247	-153.0176033121
845717	-236	-144.9699564496
845863	-212	-126.5490212462
845981	-229	-140.6872575867
846149	-210	-129.2867417531
846323	-188	-111.3810086640
846403	-197	-118.0634180104
846563	-177	-101.5301136695
846739	-161	-86.9533269655
846877	-155	-88.7841956919
846977	-160	-94.9969895251
847079	-164	-101.2997454316
847193	-167	-102.2189470802
847309	-169	-102.5871379596
847493	-155	-89.5548126887
847601	-158	-92.7494325084
847727	-166	-103.0572039516
847901	-154	-95.2361168365
848017	-166	-103.8736704932
848201	-156	-91.8863062473
848363	-144	-86.9925550509
848473	-146	-89.0812449953
848611	-151	-94.6099429253
848737	-153	-97.4987678615
848843	-149	-94.4077061740
848933	-145	-96.2180878380
849097	-146	-93.1920714240
849217	-145	-94.1765045503
849353	-138	-88.3923246125
849539	-128	-79.7372392665
849703	-120	-73.3439189942
849833	-120	-75.2512510309
849973	-129	-75.6860701254
850063	-144	-85.2020236226
850207	-152	-89.2971738773
850303	-166	-99.6549753125
850417	-177	-106.7167789247
850571	-161	-97.7805620713
850781	-161	-95.4717035362
850951	-150	-82.0114286433
851093	-158	-88.9272734436
851209	-156	-87.1181783381
851321	-160	-92.2516961412
851419	-167	-100.4179387553
851573	-170	-99.3991470338
851689	-167	-99.0420621100
851831	-167	-98.8799543005
852011	-163	-94.7886931414
852151	-163	-93.5296186799
852259	-165	-93.7966659194
852427	-167	-93.9490533843
852583	-167	-90.7120404928
852749	-175	-94.2328971809
852833	-164	-89.7971838113
852953	-175	-96.7686421082
853091	-185	-100.6882912671
853283	-167	-85.4994541419
853439	-162	-79.4954163178
853637	-148	-65.8541820469
853759	-138	-64.2440436617
853873	-138	-64.5491762094
854017	-140	-67.3157289962
854111	-133	-67.8246908155
854299	-118	-52.0685751645
854407	-122	-56.0625999057
854527	-116	-53.5574122992
854683	-125	-54.7932199203
854897	-109	-45.4469063108
854999	-109	-48.0484336813
855187	-95	-39.7650151208
855293	-103	-41.0589290876
855401	-104	-43.1334579164
855581	-95	-38.8524168706
855713	-114	-48.2349368895
855821	-124	-55.9458591906
855947	-113	-50.7420976837
856099	-108	-47.5202525655
856213	-119	-56.1837703888
856351	-120	-57.9110640219
856469	-114	-55.0473088284
856571	-129	-65.9698230077
856721	-125	-63.2086360744
856847	-127	-65.2772096879
856969	-129	-67.2153963216
857081	-131	-70.8564651720
857249	-131	-69.5280971855
857357	-127	-67.4547613180
857539	-128	-65.3472092064
857669	-128	-68.2304935806
857749	-127	-72.7832532789
857929	-128	-68.2131518702
858043	-127	-68.4780242058
858217	-131	-71.0340498349
858301	-122	-69.9161266070
858467	-114	-64.0482766465
858673	-113	-63.9443509663
858787	-111	-61.7556568145
858919	-113	-66.0832688493
859049	-114	-66.6565814839
859213	-107	-61.0044726406
859361	-102	-57.4067399579
859493	-93	-51.2577182363
859619	-97	-52.1866089459
859783	-100	-54.2674545371
859913	-94	-53.8808770771
860029	-94	-54.8299748345
860117	-84	-53.7215904328
860323	-91	-55.6454870170
860413	-84	-54.5277565111
860569	-88	-56.8125069519
860689	-86	-57.1299185513
860819	-114	-73.9549507555
860939	-132	-88.5793848015
861043	-139	-93.1459314011
861163	-148	-97.0244507927
861353	-138	-90.9463436207
861547	-125	-77.0964598679
861659	-126	-79.3818218965
861799	-116	-73.8969156031
861901	-122	-80.4967247810
862013	-128	-83.2564846145
862157	-124	-79.1851709115
862241	-136	-87.4790369878
862331	-149	-99.3564242037
862447	-158	-109.6657472275
862567	-152	-111.8159457803
862703	-149	-111.8761830305
862879	-143	-104.2322000214
862991	-156	-112.5459517006
863143	-147	-107.1345331633
863323	-151	-107.2621166810
863539	-145	-98.2569369335
863729	-134	-88.7114763833
863851	-132	-88.4131996556
863959	-133	-90.6974328715
864077	-136	-92.4281762317
864167	-143	-98.6690549541
864299	-138	-100.2757605938
864419	-134	-98.7842451312
864551	-140	-105.4027481128
864679	-134	-104.3375046595
864817	-118	-95.4320957918
864979	-109	-87.0299898858
865091	-117	-92.9886301404
865231	-109	-90.9829283593
865339	-112	-95.9141566015
865483	-108	-92.0546873210
865637	-111	-93.3261479824
865747	-117	-96.7260346741
865829	-136	-111.5178056724
865979	-140	-112.8466906993
866083	-142	-115.4642773193
866221	-141	-115.8315336492
866417	-136	-112.9656046746
866623	-119	-98.9228013322
866717	-125	-103.0394850197
866857	-129	-106.6532260623
867001	-132	-108.6394611240
867131	-133	-108.6229129430
867257	-144	-116.3408535041
867389	-138	-117.5605321849
867487	-135	-115.7519991371
867617	-120	-107.0911198110
867719	-124	-109.8813526903
867857	-129	-116.6452759719
868039	-123	-107.7391615220
868157	-127	-110.8299927326
868291	-129	-110.9684229716
868409	-132	-114.9027603735
868537	-134	-116.8670774128
868691	-147	-125.4314573511
868801	-154	-135.4227299843
868937	-140	-128.8391308810
869039	-145	-131.2588531687
869179	-148	-135.5204652464
869303	-138	-126.0207612270
869437	-136	-123.4049038755
869563	-143	-128.3217325853
869717	-132	-124.2214213318
869863	-140	-130.4413542150
869989	-141	-132.1181916375
870127	-124	-122.0221793694
870229	-131	-126.1426521447
870367	-121	-121.4605236780
870491	-116	-117.7145564920
870629	-106	-115.4151278305
870787	-100	-110.8532001689
870907	-107	-117.7822409057
871001	-110	-119.6215057973
871181	-101	-107.8396023494
871393	-90	-101.5983685043
871589	-74	-90.3116946586
871687	-74	-90.6126335130
871901	-70	-86.0909532324
872033	-68	-83.8243405051
872143	-74	-90.4953854771
872237	-81	-95.2881512680
872369	-91	-102.6225915788
872453	-107	-114.5980128540
872609	-104	-113.1384908167
872737	-99	-110.8485972862
872951	-93	-100.4158053023
873091	-97	-103.6619056239
873263	-89	-94.0188034443
873419	-95	-96.6605483019
873539	-88	-93.7010718424
873667	-84	-87.3330375990
873781	-84	-87.8941884999
874009	-76	-76.7292631339
874127	-82	-79.6010212113
874301	-76	-78.7523578014
874409	-85	-85.6064906204
874583	-80	-79.9414658527
874697	-82	-84.3504521635
874807	-86	-89.6066116470
874919	-106	-103.1025052962
875117	-85	-85.9041932201
875261	-84	-85.6884098765
875339	-99	-98.6017121170
875447	-102	-103.0552534466
875591	-104	-104.2872338794
875683	-114	-113.9159290305
875779	-114	-113.6525864661
875947	-129	-122.0290153923
876067	-130	-125.0605411087
876181	-140	-132.8364283100
876301	-148	-138.8958765629
876433	-158	-139.2477080876
876607	-163	-137.9811832885
876731	-159	-134.5615108762
876833	-160	-136.7400646306
877027	-168	-142.6332069175
877181	-148	-127.7826886633
877313	-159	-135.2038729330
877403	-159	-139.3038048177
877601	-160	-136.4430456992
877817	-154	-132.0083988086
877907	-160	-135.3559448013
878041	-162	-136.4688341200
878159	-176	-145.6806136358
878287	-170	-142.1790668558
878443	-167	-140.0067784504
878597	-156	-129.6212588957
878699	-162	-138.3670209839
878831	-158	-134.5892438908
878953	-151	-133.4520546856
879097	-165	-140.1941104530
879227	-167	-137.4485286835
879341	-163	-137.1514478009
879523	-145	-123.7084698097
879649	-144	-126.0867330120
879709	-147	-131.6899989589
879863	-133	-122.3261086551
880007	-146	-131.2575672439
880109	-159	-136.2536999121
880249	-163	-136.0614436508
880367	-171	-145.1590461219
880541	-161	-143.8945965079
880673	-164	-144.6730062864
880793	-169	-148.2403161619
880903	-169	-149.5355607582
881009	-179	-157.9849268541
881147	-188	-163.3155554194
881269	-178	-156.3491839881
881407	-177	-157.6964567342
881527	-176	-158.8755407004
881681	-162	-146.6177366744
881899	-152	-135.4096628904
882029	-152	-138.1541180977
882169	-136	-127.9343025416
882263	-148	-139.5748742854
882449	-143	-130.2053667816
882587	-132	-119.3880184756
882719	-124	-118.6133582913
882881	-112	-113.9492674750
883013	-105	-107.9065274051
883163	-92	-100.8122964258
883249	-104	-109.6387504091
883397	-121	-119.2868251019
883517	-119	-118.2181491301
883667	-126	-119.9504419842
883781	-136	-125.7604361873
883973	-142	-124.7169256280
884111	-143	-126.2522182308
884243	-154	-136.9490725670
884353	-139	-126.4589017558
884489	-128	-121.8387036105
884651	-120	-116.4905983632
884827	-114	-108.7418266522
884987	-121	-112.0275709096
885127	-119	-112.6895966693
885251	-120	-112.5198025145
885389	-133	-119.7905074937
885509	-133	-119.6267713667
885713	-123	-114.1625022419
885821	-129	-119.3226433357
885931	-136	-124.5301830948
886013	-147	-135.9555849728
886177	-141	-132.3408637885
886307	-141	-130.9842256478
886429	-146	-137.9484135184
886537	-148	-142.3287851484
886651	-155	-147.0563961796
886807	-150	-141.6396940552
886979	-153	-141.6854787988
887101	-145	-136.3658062434
887261	-134	-130.9825185979
887401	-131	-128.2618053920
887567	-125	-124.4651226471
887657	-128	-128.7687608978
887749	-133	-135.0847386090
887921	-133	-132.5366305420
888061	-123	-127.7164899182
888179	-141	-139.4508078729
888323	-142	-140.0992045164
888443	-136	-136.4162010533
888623	-137	-132.5990419876
888737	-141	-135.6096241370
888857	-138	-133.0673511094
888983	-129	-128.9577811652
889081	-135	-135.4457769246
889271	-146	-139.9065308489
889367	-154	-145.9457798633
889519	-164	-151.3679320076
889699	-158	-147.9674438013
889879	-143	-139.5783084561
889997	-135	-137.5589085540
890119	-134	-137.7252378756
890291	-121	-127.3138506705
890459	-124	-124.1406729575
890657	-121	-117.6218441522
890803	-133	-122.3928438644
890893	-139	-125.8063882856
891017	-132	-123.0340597167
891161	-130	-118.7133867880
891329	-129	-116.6064958158
891481	-144	-123.6140515153
891563	-144	-127.2030480452
891659	-158	-140.6956282956
891799	-152	-135.7209329855
891893	-163	-146.5906763649
892027	-171	-150.7204041718
892153	-185	-157.3667885858
892271	-180	-155.4772061592
892457	-188	-156.9616979941
892597	-190	-160.8517356781
892747	-194	-160.1959158214
892877	-194	-161.5375576110
893029	-196	-162.4471187517
893119	-198	-160.9208980166
893257	-208	-165.0931866528
893383	-218	-166.0404656357
893521	-213	-166.7665996929
893701	-206	-159.7627349869
893873	-206	-158.0880197706
894011	-207	-159.6401830530
894151	-200	-154.7509710014
894227	-216	-168.1401175448
894343	-218	-169.4538239928
894451	-227	-177.1950849008
894611	-227	-176.7396801016
894749	-218	-168.5605189241
894923	-213	-161.8983221096
895079	-217	-162.5352234070
895231	-215	-161.5426931269
895319	-228	-171.9597357125
895457	-213	-159.6346446656
895613	-222	-165.4660499817
895703	-229	-170.1148081216
895801	-238	-178.1230734462
895927	-240	-179.6147373868
896111	-235	-173.3406732360
896297	-238	-173.4611124338
896443	-227	-169.8355120122
896543	-238	-176.4676514296
896677	-249	-182.0473189003
896879	-256	-182.2813292599
897019	-274	-190.2603931060
897137	-276	-191.7252109068
897271	-277	-190.2043175814
897433	-279	-193.3853055207
897553	-291	-201.6365229139
897647	-293	-204.3665229039
897781	-289	-201.8579548021
897947	-278	-194.7733232210
898097	-278	-195.2106243551
898211	-283	-198.3320366035
898291	-282	-198.8250795903
898439	-280	-198.2142145167
898553	-272	-192.2865769318
898717	-264	-185.8822639801
898867	-263	-187.6927136052
899051	-262	-181.2903877287
899183	-244	-171.6823306353
899321	-247	-173.6484214220
899519	-228	-159.9143434850
899711	-215	-147.3756660353
899851	-230	-156.7397836225
900001	-226	-152.9947042256
900143	-228	-154.8288426075
900259	-233	-158.1698605484
900443	-216	-146.5414783435
900577	-214	-145.2547483392
900673	-226	-152.9307668068
900797	-232	-157.9213704017
900959	-234	-156.9013482598
901093	-232	-157.5113932107
901207	-235	-161.6482429444
901339	-220	-149.2068842175
901457	-223	-150.8348642647
901591	-232	-157.1489467142
901751	-214	-145.2640950725
901919	-208	-139.6575625231
902039	-213	-142.6675903745
902201	-205	-137.8073729059
902351	-216	-145.2147088734
902501	-218	-142.9157395955
902639	-207	-136.0392897753
902767	-194	-130.3091040959
902933	-192	-129.4543536868
903073	-195	-131.5080179693
903223	-188	-126.7917954818
903389	-169	-113.0137119547
903493	-171	-116.9276938488
903673	-165	-113.0516771032
903827	-152	-102.4659124592
904019	-144	-97.0679217154
904117	-147	-99.5113287524
904261	-142	-97.2148126153
904459	-136	-89.7235612696
904573	-130	-87.6835202848
904667	-140	-97.6742709063
904777	-156	-107.2456426240
904873	-161	-112.9921734577
904999	-166	-116.5752492166
905143	-158	-111.2245677000
905227	-172	-122.5264446728
905413	-171	-119.3990446302
905587	-174	-116.4362368610
905687	-176	-120.9680259335
905819	-179	-122.8313332161
905999	-169	-114.5127681213
906121	-179	-122.2015075966
906263	-175	-121.0878613627
906377	-177	-124.3664168799
906487	-185	-130.5529621111
906617	-176	-126.9277353146
906749	-176	-130.6713906916
906847	-180	-134.9904557042
906973	-191	-144.1202658961
907141	-204	-147.5763757519
907237	-205	-148.3230355703
907369	-215	-156.6427764712
907471	-225	-166.8217116142
907637	-212	-155.4149203774
907727	-220	-161.3905286139
907849	-213	-160.5321994613
907999	-214	-163.0391881145
908137	-203	-157.3406883049
908317	-202	-155.0017513411
908449	-209	-156.5722658715
908539	-216	-162.4330644641
908627	-227	-169.0765720624
908771	-212	-159.1436505537
908863	-215	-165.4939969433
909019	-224	-169.4461408983
909107	-226	-173.3303207301
909247	-234	-178.3277643834
909331	-243	-187.9323387796
909457	-247	-192.3976188343
909611	-254	-198.3161543223
909743	-267	-206.8033328607
909859	-273	-214.2807622400
909973	-271	-214.8188723265
910109	-272	-211.1314289957
910213	-276	-214.0623132751
910451	-266	-199.4655903557
910619	-252	-189.3601066260
910751	-239	-182.8626806964
910909	-235	-177.3411375848
911077	-216	-166.5405230514
911171	-218	-174.3276643981
911291	-224	-178.8744194861
911371	-227	-183.1449165655
911593	-224	-171.7254581539
911707	-235	-180.5529898848
911837	-240	-182.6738639999
911947	-232	-177.9919961825
912061	-227	-177.5758424470
912227	-223	-176.8341529096
912397	-230	-176.0981981803
912487	-234	-181.5922438242
912631	-235	-178.4768000434
912829	-228	-173.4895888692
912953	-221	-170.0343462517
913063	-209	-161.9361180332
913279	-192	-143.5313685244
913433	-192	-140.6320194832
913589	-178	-130.4344622068
913811	-186	-128.3163466610
914021	-198	-132.6622787977
914219	-187	-122.9120072444
914351	-195	-123.7096486054
914467	-198	-125.4481417311
914581	-190	-119.6746648521
914723	-196	-125.5062630722
914827	-190	-123.7714582453
914951	-192	-127.8882326081
915071	-200	-135.2152901072
915221	-192	-128.6619677805
915367	-192	-129.0016673274
915547	-190	-125.3963523032
915659	-200	-131.5788904558
915799	-212	-137.8647386996
915961	-222	-140.1014524693
916103	-210	-130.6377459841
916189	-224	-143.6028209494
916339	-219	-135.6144392604
916469	-217	-136.9026745595
916613	-213	-130.2057784792
916787	-202	-123.5045480307
916933	-196	-115.6514291404
917083	-199	-117.1790804739
917173	-202	-120.3692676622
917291	-197	-120.9107026270
917461	-193	-118.0237585671
917611	-190	-116.5073445277
917729	-195	-120.8375459617
917809	-192	-121.8412918825
917927	-183	-118.4896380252
918103	-180	-114.0748328253
918199	-185	-116.4741690244
918341	-202	-128.1733277419
918443	-208	-130.8386761911
918613	-199	-121.4481235244
918763	-204	-124.7581775537
918889	-216	-133.7948060200
919019	-204	-127.0813367481
919147	-209	-129.4962216358
919267	-219	-138.5109412937
919417	-212	-133.9671905920
919591	-215	-133.5022374674
919759	-219	-129.9808256117
919901	-218	-128.5501789941
920011	-225	-134.5337359901
920197	-217	-122.3481439453
920281	-225	-130.6501970427
920411	-217	-126.1505801067
920539	-230	-134.0457484352
920729	-222	-127.7765917776
920833	-232	-135.1246626908
920971	-226	-130.6299239607
921121	-236	-133.8754039963
921223	-244	-140.4726914827
921379	-236	-136.7748538540
921523	-231	-131.1882397823
921667	-235	-134.9685340936
921787	-244	-140.8562008347
921919	-249	-145.9366638108
922067	-250	-149.0145600371
922217	-257	-154.8076605130
922321	-264	-160.1490296450
922463	-265	-160.0433719740
922601	-264	-159.7587032570
922681	-262	-161.9125225520
922861	-251	-153.7671379897
923051	-241	-144.1457266304
923179	-247	-147.6751605199
923333	-250	-147.2544773335
923441	-253	-151.1605578019
923551	-271	-161.6684491698
923653	-269	-161.2068491343
923833	-283	-169.9742166952
923953	-292	-177.1475756161
924037	-303	-186.5231568906
924151	-305	-187.0785727200
924337	-288	-174.2207417789
924437	-300	-184.1401262429
924601	-304	-184.4715300985
924719	-326	-202.7366816841
924809	-322	-201.7687167284
924961	-323	-201.9522706781
925079	-317	-200.7548886337
925159	-324	-208.2094548034
925279	-338	-218.4270183682
925409	-333	-215.0161885727
925559	-327	-206.9959101013
925669	-333	-211.1679478714
925843	-330	-208.8966886316
925979	-346	-217.1871910383
926111	-350	-219.9355136244
926227	-358	-225.7637726584
926377	-360	-224.5158188944
926507	-350	-216.1968669153
926633	-343	-212.8317761790
926767	-353	-221.4302578664
926903	-342	-216.0023965736
927049	-340	-217.8582567742
927191	-346	-224.5487314423
927373	-325	-208.8237930887
927541	-318	-201.8477914105
927677	-323	-203.1015669202
927821	-305	-189.5518114570
928001	-298	-184.9156734680
928153	-300	-184.8400700418
928273	-292	-183.5912184856
928427	-280	-172.0227146633
928561	-269	-163.2455778557
928679	-269	-162.4463283571
928819	-262	-160.1170104522
929003	-259	-155.2525431025
929077	-265	-161.2881817322
929207	-257	-159.8499206104
929333	-256	-157.7254566871
929497	-252	-154.2285246116
929609	-247	-149.5670105017
929737	-255	-158.1941988585
929861	-260	-163.1022847182
930011	-263	-165.4602878508
930157	-250	-156.8711132429
930277	-248	-158.2327337024
930437	-238	-154.2565668756
930571	-243	-156.9163101375
930719	-236	-152.8510303803
930859	-225	-144.4719747634
931013	-230	-147.1992044823
931181	-222	-143.0386636272
931313	-228	-144.1996439999
931529	-228	-137.3941318524
931691	-221	-128.8374449917
931789	-227	-135.0706468777
931913	-240	-143.1957681468
932039	-251	-150.9318129139
932189	-240	-148.9699651172
932317	-238	-146.3212922506
932447	-243	-152.2557701336
932563	-256	-162.0244365691
932677	-267	-169.8691357413
932839	-271	-174.1010000351
932963	-270	-176.6737724101
933073	-279	-185.6520292944
933263	-282	-184.0663239510
933403	-281	-178.3570235526
933563	-277	-172.1188406069
933739	-254	-158.4087828604
933851	-263	-164.0459840500
933973	-277	-175.7525394585
934069	-280	-179.1279917973
934229	-288	-186.4769527302
934393	-283	-182.4948763690
934499	-289	-186.0691194701
934603	-294	-192.4739608369
934753	-284	-183.5198315231
934883	-287	-187.2052839197
934961	-295	-195.0616895097
935107	-296	-195.0779221168
935243	-297	-196.0894374375
935399	-289	-189.6100361751
935537	-283	-189.1867845721
935677	-290	-195.0585472898
935791	-292	-198.5569396919
935999	-271	-180.5728819195
936179	-263	-170.1608239571
936283	-265	-172.6856414750
936437	-263	-170.4607585483
936557	-272	-180.5575712661
936697	-266	-177.5526571482
936811	-263	-177.0217934092
936953	-253	-169.0711619946
937127	-242	-159.0965030855
937253	-235	-156.7397331604
937477	-233	-151.6532797211
937627	-234	-150.2011385214
937709	-240	-157.8936280391
937841	-231	-153.6501664331
937949	-223	-147.5956173888
938059	-235	-161.5892400745
938219	-247	-168.2851723266
938341	-236	-162.7634730252
938459	-247	-171.6073108979
938617	-234	-160.0766052729
938831	-218	-149.1999281475
938963	-218	-145.9629574621
939091	-218	-144.2837010948
939229	-217	-144.0844607456
939373	-219	-146.7006594620
939511	-218	-145.3842351045
939707	-214	-142.4487028448
939823	-213	-142.0073555521
939973	-212	-138.6391845366
940097	-214	-138.0621873412
940249	-210	-133.1659868731
940361	-218	-141.3582751733
940529	-216	-141.3103989813
940669	-218	-144.1622327783
940787	-215	-141.2864221146
940913	-210	-141.1170625954
941027	-228	-154.7257756116
941167	-220	-151.8297472452
941299	-220	-152.5342270541
941449	-219	-149.1416180833
941519	-218	-151.0389366865
941653	-207	-145.4083636998
941753	-225	-161.8757400890
941933	-203	-147.8682981119
942041	-205	-149.3571023465
942167	-207	-148.5143570518
942311	-214	-152.9214757589
942449	-213	-151.1740057181
942607	-202	-145.4995758629
942763	-208	-147.0792964167
942883	-215	-154.0251080090
943013	-215	-155.5770263537
943139	-213	-154.6326566340
943277	-219	-155.8758616352
943373	-223	-161.9496731523
943541	-217	-155.1772311007
943699	-226	-160.0354619944
943799	-241	-171.6617165371
943913	-243	-172.8390383848
944123	-240	-165.1273682397
944257	-225	-158.3740638154
944399	-223	-158.5065778124
944521	-230	-159.9815605185
944621	-240	-166.9015674362
944731	-252	-177.4360429221
944897	-253	-177.4103328058
945089	-255	-175.5317928996
945293	-245	-165.7863634125
945409	-249	-167.6900980640
945587	-259	-175.8608583181
945731	-252	-171.8900119999
945851	-247	-167.7009759544
945949	-249	-170.7934585651
946093	-254	-173.0661445698
946249	-248	-168.9132611863
946411	-234	-160.9586416773
946549	-253	-173.0958097107
946717	-235	-164.4363219299
946853	-232	-161.2380601100
946961	-231	-162.4971691787
947137	-216	-151.3218027604
947351	-202	-137.0357573865
947417	-210	-144.7214448234
947603	-203	-135.6268690163
947729	-209	-141.3467873568
947851	-207	-143.6587560677
947987	-205	-139.8818600944
948091	-202	-140.4226620639
948263	-180	-122.3378819177
948403	-174	-116.4419552343
948533	-164	-110.4279771207
948721	-149	-96.2519136117
948901	-149	-94.8017271119
949021	-142	-92.0771709817
949159	-144	-93.0394834458
949381	-130	-77.6921262328
949471	-137	-83.7520703365
949621	-136	-82.9053518143
949699	-137	-86.8303988167
949891	-113	-70.3589857326
949979	-128	-80.4440101937
950099	-126	-77.5890178307
950233	-128	-79.4131340271
950393	-120	-76.3048651544
950501	-128	-85.2715848473
950639	-139	-94.2684462452
950743	-128	-88.9846868421
950869	-114	-83.2161192443
951019	-117	-84.3115340087
951101	-126	-92.6994573890
951281	-127	-91.2573175169
951407	-124	-90.2293648977
951557	-129	-93.2028756599
951659	-125	-92.5947221983
951859	-103	-75.8593577798
952009	-102	-71.7820096989
952141	-87	-63.7904450996
952253	-96	-72.1652821605
952397	-93	-67.9128637600
952559	-102	-73.0156229333
952687	-125	-84.4398138957
952823	-120	-82.1347578691
952937	-113	-77.9789737536
953053	-111	-80.3350731711
953221	-109	-80.3806903919
953399	-100	-71.3542022278
953521	-96	-69.8628810209
953671	-97	-71.3450588819
953851	-88	-65.7940776676
953983	-80	-59.8483547670
954133	-86	-64.9556885177
954257	-105	-78.2432155343
954377	-110	-79.8222368408
954509	-112	-78.8947588000
954677	-100	-70.8238858821
954847	-96	-66.0265047170
954971	-98	-65.6966398275
955091	-95	-63.7706843201
955217	-91	-62.8834192696
955319	-106	-73.7632518705
955469	-103	-69.4565970555
955649	-93	-63.5318797548
955781	-86	-58.8520364527
955901	-90	-63.6579954543
955993	-87	-63.6389025314
956177	-78	-58.7809308670
956353	-73	-53.1400932459
956503	-71	-53.5760117975
956723	-63	-41.1790553937
956903	-46	-31.4921891177
957037	-37	-23.3581945683
957133	-48	-31.4028773811
957263	-41	-26.1456438462
957419	-31	-18.3684103457
957599	-29	-14.1733960355
957731	-12	-0.3900053108
957889	-4	6.6630879947
958039	-19	-2.7862396420
958163	-22	-3.0649220988
958333	-12	4.9580073140
958423	-17	0.6970523458
958543	-15	-2.6996132468
958673	-15	-3.9672069552
958829	-27	-9.4191331038
958933	-34	-13.4449975895
959143	-18	1.7871418170
959263	-19	-1.4999261834
959377	-43	-19.2995563313
959489	-51	-23.3697185454
959681	-44	-15.3992913453
959831	-24	-5.7807154291
959941	-32	-11.6474550546
960077	-32	-9.1213598910
960217	-29	-9.3880188901
960373	-3	7.2036144951
960649	-7	7.9511875242
963491	-3	-14.1960208598
963659	-8	-15.8575229873
963793	-6	-20.6498535601
963899	-20	-29.8459808284
964049	-4	-18.1333798165
964697	-5	-18.6642580346
964897	-3	-17.4826209861
965171	-9	-22.1761133121
965267	-10	-25.4938684508
971521	-7	-16.0422726434
971693	-21	-24.0903755903
971851	-26	-26.2651126400
971959	-33	-32.6553981673
972079	-50	-45.5664704303
972197	-58	-52.8310587356
972319	-51	-51.6813312678
972427	-60	-60.7890608595
972581	-56	-56.8248915119
972701	-50	-55.3849639394
972887	-47	-50.2687520433
973031	-46	-55.8463788693
973151	-43	-52.8592427328
973321	-34	-51.8585633282
973439	-22	-48.0992274258
973631	-4	-33.1033358878
1114723	-3	-30.1421101342
1116173	-18	-27.7986394475
1117763	-8	-25.0983492924
1133777	-6	-10.5440761459
1135093	-34	-36.4654676163
1136461	-36	-46.5866355787
1137911	-50	-47.8211139408
1139393	-34	-21.4263598072
1140911	-19	-12.5771470021
1143161	-4	-6.3224297039
1162093	-21	-38.6627373784
1163329	-58	-80.8892680549
1164689	-43	-73.1612680149
1166093	-70	-91.0179121198
1167571	-38	-74.8619450327
1168931	-59	-94.8534183351
1170317	-44	-81.2235147789
1171771	-26	-66.9899085324
1173173	-15	-61.1256596046
1178953	-17	-89.7987451582
1180241	-71	-129.6110415058
1181549	-108	-160.6011075313
1182967	-148	-196.0926276008
1184303	-165	-208.2504227563
1185671	-149	-203.6972906522
1187167	-109	-176.3297303021
1188377	-181	-229.3590447811
1189801	-164	-226.1719276667
1191191	-143	-215.8492221162
1192571	-161	-228.1701902426
1193939	-173	-228.7025616774
1195387	-150	-221.7545227924
1196861	-128	-198.6706664102
1198229	-140	-207.6800458650
1199659	-164	-218.7842011674
1201073	-116	-182.9513807130
1202497	-130	-196.2878098697
1203931	-121	-185.9382392020
1205549	-59	-142.7052526204
1206941	-53	-128.3469786740
1208447	-15	-95.2911900959
1210241	-25	-93.7017072698
1211647	-67	-117.1426747281
1212919	-64	-116.0220388429
1214237	-67	-126.3343541686
1215587	-113	-157.0301221069
1217033	-105	-143.6856787297
1218391	-103	-150.2173367360
1219793	-107	-157.0629415935
1221223	-116	-157.0644497701
1222723	-63	-111.4567904628
1224133	-42	-94.6132402943
1225571	-71	-112.6954191288
1226831	-97	-147.7624479763
1228393	-36	-93.8774203607
1229731	-73	-116.1037097108
1231207	-70	-109.7493209823
1232563	-93	-127.3134029376
1234133	-21	-68.4945928552
1249861	-25	-63.6837295228
1251427	-31	-52.2485125392
1252897	-53	-57.0727248183
1254317	-55	-51.8169086647
1255609	-71	-61.5164049587
1257043	-75	-55.7844058542
1258403	-89	-66.6484507393
1259677	-102	-90.0665348066
1261133	-134	-104.3026909278
1262617	-151	-106.8204592644
1263947	-143	-112.7168378827
1265377	-135	-111.3451851799
1266583	-198	-161.6410679002
1268017	-226	-173.1835339400
1269379	-192	-163.3581799497
1270817	-188	-160.9484781033
1272151	-162	-150.8575208413
1273499	-161	-155.0302472793
1275121	-125	-118.7660448201
1276543	-102	-100.4189949828
1277993	-123	-101.2195899443
1279417	-150	-105.3181367893
1280821	-149	-104.0971580298
1282187	-170	-124.7392651897
1283549	-163	-123.0383210563
1285057	-186	-131.5947495727
1286381	-219	-154.0201076265
1287739	-203	-146.9681789482
1288993	-188	-148.1692871586
1290463	-159	-129.0322525492
1292009	-167	-120.4283733864
1293401	-180	-131.2776672899
1294957	-124	-86.2006070829
1296319	-111	-77.7458805624
1297573	-137	-104.8605792429
1299203	-112	-75.6417831723
1300571	-89	-64.0407349008
1301939	-102	-70.9425607920
1303321	-118	-75.9513512368
1304713	-138	-87.4273594893
1306237	-93	-59.6112091478
1307633	-79	-50.2051316424
1309093	-80	-51.6389159558
1310383	-87	-61.8998576186
1311767	-83	-62.2146955341
1313297	-62	-41.8397800309
1314767	-113	-62.7951149025
1316213	-116	-58.3901804099
1317541	-144	-80.4347544340
1318927	-137	-74.2830570027
1320391	-116	-55.5873616710
1321763	-88	-43.4249712263
1323001	-125	-82.9486570283
1324451	-133	-85.7518155941
1325939	-148	-94.6032401260
1327237	-110	-70.3057236242
1328777	-78	-44.8033257606
1330229	-32	-4.0515527147
1333489	-31	-2.4062023769
1334903	-26	7.8266550942
1336499	-22	7.6322062342
1337911	-30	11.8567914185
1339337	-26	12.5306739656
1340687	-86	-28.6424481930
1342069	-91	-33.0551068258
1343389	-128	-57.8966138396
1344829	-88	-41.7541420916
1346341	-88	-34.4718723810
1347769	-88	-32.0428243529
1349219	-80	-30.0422846234
1350751	-21	15.5437735076
1352149	-18	20.7862468713
1354391	-11	35.3304522540
1356227	-38	9.9241862928
1358479	-10	26.7211891000
1361123	-13	11.1914048298
1369019	-17	19.3866570352
1370521	-9	23.0301891554
1371989	-24	21.3407178690
1374007	-38	19.9818143591
1375373	-53	9.3854030880
1376729	-32	19.9466445762
1378061	-48	5.0185522424
1379383	-111	-42.6218669706
1380763	-116	-40.5640861142
1382099	-147	-59.7914616010
1383761	-79	-2.3733344716
1385147	-93	-14.8372361577
1386479	-131	-28.1193328907
1387943	-98	-13.3930813350
1389431	-136	-28.2684064138
1390783	-102	-24.9381889576
1392311	-93	-5.1241640028
1393723	-95	-8.5775307560
1395073	-88	-9.6204312394
1396429	-126	-46.1399488225
1397681	-171	-81.5209170959
1398997	-201	-111.3868399601
1400261	-235	-143.3300263611
1401791	-209	-126.4811157977
1403357	-150	-77.2132069128
1404763	-178	-99.2465806310
1406281	-167	-83.6287432175
1407611	-188	-102.4363256167
1409063	-151	-82.9960328716
1410499	-134	-69.8825719922
1411931	-123	-66.5715127368
1413161	-132	-81.4629028361
1414741	-62	-24.5333933682
1416577	-4	36.3899229829
1418009	-44	16.7471728172
1419527	-13	34.3639194070
1432031	-9	2.7493213980
1433473	-40	-13.0079574318
1434779	-36	-25.7123611959
1436111	-56	-28.0162042228
1437511	-61	-26.1416341158
1438937	-70	-35.2747548925
1440443	-101	-54.0853726523
1441729	-106	-73.3105518691
1443257	-60	-56.6143207136
1444771	-65	-53.9291118045
1446073	-60	-47.2582421209
1447387	-49	-48.8947454244
1448929	-22	-25.8564887044
1450873	-17	-40.1459292842
1452377	-23	-36.1522698878
1453817	-27	-38.1102435744
1455037	-69	-71.3287506382
1456417	-116	-102.8505496278
1457941	-84	-78.1744850593
1459439	-72	-70.3215198518
1460887	-67	-59.9948657314
1462157	-92	-89.0387369334
1463537	-65	-80.1703755155
1464997	-49	-67.9429663572
1466293	-71	-82.7441341175
1467703	-84	-91.0969887141
1469323	-83	-68.8052636993
1470841	-15	-22.5490731260
1473091	-48	-49.0211966814
1474579	-77	-60.7244028607
1476191	-23	-22.8775279270
1477501	-77	-62.2998392430
1478863	-72	-72.6267441185
1480201	-67	-71.2004515262
1481671	-116	-98.7782898722
1483021	-118	-111.4375591756
1484369	-128	-124.4170664838
1485917	-142	-123.1345077077
1487351	-121	-113.4180743277
1488793	-170	-137.4362680278
1490081	-234	-181.4533921275
1491517	-285	-209.6044154373
1492819	-266	-198.8666337816
1494187	-313	-231.1295974170
1495597	-352	-257.5480828710
1497043	-379	-278.3284006070
1498513	-327	-242.6500692762
1500101	-298	-203.3307087760
1501447	-353	-250.3700391342
1502869	-297	-224.4208392508
1504231	-273	-213.8240966821
1505431	-302	-247.1113263632
1506797	-299	-254.2530464796
1508321	-306	-254.8280886818
1509659	-342	-280.3813937270
1510967	-346	-291.9492312208
1512431	-312	-269.5349664151
1513777	-325	-289.0415292087
1515347	-299	-253.7759960016
1516733	-323	-272.8850706813
1518137	-344	-284.7186839760
1519631	-291	-253.5185957570
1521089	-291	-253.4749544283
1522643	-249	-216.7176818056
1524059	-266	-223.3844954467
1525351	-280	-237.7943539953
1526933	-242	-203.5036684225
1528399	-231	-194.2351260818
1529807	-224	-199.1330555628
1531331	-218	-181.7158548091
1532903	-186	-148.4037490013
1534321	-154	-117.2792100927
1535761	-177	-130.2515801473
1537141	-200	-151.3512223982
1538501	-180	-143.0047402987
1539991	-163	-122.3795170845
1541363	-148	-122.1112264520
1542899	-101	-95.9071279343
1544437	-112	-88.7994252396
1545811	-131	-102.0456361571
1547251	-132	-103.5184102686
1548587	-112	-94.9651982742
1550027	-109	-93.5936614897
1551497	-89	-85.4668210493
1552913	-79	-69.4240337877
1554347	-79	-77.3561757080
1555711	-87	-85.1873154988
1557067	-71	-86.2563789258
1558541	-24	-56.7239403527
1559807	-50	-89.3102105636
1561279	-56	-82.0472512896
1563773	-4	-37.4612646435
1566559	-33	-76.7317870998
1572751	-4	-35.5567428490
1574197	-14	-44.1698650292
1575647	-22	-49.6370477280
1910917	-7	-57.8380760713
1912481	-41	-83.0298446797
1913861	-40	-78.6776091120
1915259	-102	-119.8951593963
1916641	-143	-144.4786736323
1917967	-174	-174.3813275142
1919549	-151	-147.0644157971
1921021	-176	-154.9630432574
1922563	-143	-121.0332462182
1923983	-151	-128.8108676429
1925461	-146	-129.9605618919
1926773	-152	-139.7221311260
1928071	-218	-193.8814243011
1929553	-218	-190.3029893593
1930961	-236	-204.0502598120
1932361	-253	-210.9505887552
1933957	-205	-165.1389597544
1935379	-231	-178.4684924092
1936859	-253	-190.9618867325
1938367	-241	-179.0727115373
1939727	-221	-170.9253855889
1941169	-202	-164.5178716218
1942519	-210	-175.2739244729
1943959	-194	-177.2757924536
1945453	-144	-139.7717223523
1946731	-207	-194.5302858099
1948181	-283	-236.4036320115
1949809	-227	-186.1574816236
1951249	-238	-185.5359769788
1952747	-215	-171.4373811436
1954193	-251	-194.6934991615
1955521	-296	-224.3763481916
1957027	-278	-200.0086217582
1958633	-252	-173.7203480564
1960033	-309	-211.5269184773
1961467	-306	-215.5655132431
1962881	-293	-212.1726762622
1964381	-268	-195.2638929267
1965889	-281	-181.1728203227
1967347	-278	-177.9101139954
1968853	-272	-160.0597931374
1970431	-227	-122.5872397440
1972079	-202	-93.2480099166
1973471	-214	-97.7350442301
1975073	-162	-53.6494829399
1976617	-166	-44.6240131536
1977971	-173	-57.9201957157
1979339	-202	-74.6227684382
1980761	-205	-76.0299269265
1982191	-192	-64.1630668329
1983563	-230	-89.4198347927
1985003	-272	-109.2801579918
1986553	-275	-111.4965184884
1987987	-288	-129.5980614057
1989479	-289	-120.3769023554
1990927	-249	-89.5879837925
1992337	-255	-100.8927071128
1993697	-231	-89.8281053066
1995223	-229	-93.3570562553
1996573	-227	-104.5305985801
1997903	-245	-127.1484131745
1999303	-276	-144.9273269035
2000753	-266	-135.6323532730
2002327	-239	-111.1252655077
2003741	-252	-126.3926567806
2005139	-301	-164.3379476354
2006573	-285	-154.1526633488
2007913	-302	-181.3528889484
2009317	-323	-202.7703353893
2010733	-325	-205.5186235347
2012299	-329	-204.8712960728
2013727	-343	-218.3678298255
2015033	-378	-256.1403359351
2016407	-361	-252.3660236687
2017909	-351	-251.0617307291
2019403	-291	-205.7415223573
2020853	-342	-224.2636238225
2022239	-337	-226.2309975510
2023667	-376	-255.1959387047
2025341	-315	-211.2177722000
2026751	-294	-194.4259375878
2028139	-320	-212.4681861759
2029549	-341	-227.9204223355
2031059	-370	-249.8723800642
2032543	-379	-259.1024495181
2033743	-427	-306.2838685474
2035151	-426	-309.4867324463
2036701	-410	-294.9432122913
2038247	-382	-280.0471633728
2039761	-299	-227.1974664128
2041159	-302	-227.0919896746
2042597	-304	-235.7238572959
2043989	-291	-231.9153968286
2045599	-297	-223.9336899762
2046971	-278	-218.2201841812
2048537	-260	-195.1235545887
2050079	-257	-181.2549900967
2051459	-301	-220.7857883198
2053021	-279	-204.9208300083
2054537	-283	-194.3807209861
2056069	-298	-198.9044066631
2057387	-276	-193.7632858213
2058767	-257	-189.1888809711
2060159	-252	-193.9566588997
2061667	-238	-178.0239891329
2063141	-261	-181.0938859694
2064437	-309	-222.5405942832
2065961	-334	-227.0665197698
2067413	-303	-205.4080284826
2068877	-324	-221.3356302739
2070301	-330	-218.1489524113
2071733	-361	-237.5047550864
2073209	-327	-203.5383798426
2074811	-304	-185.1677259368
2076289	-273	-154.2731760369
2077853	-274	-144.1753430184
2079197	-297	-155.9420677571
2080609	-360	-200.1590666221
2082181	-334	-184.8932681545
2083591	-351	-197.7555825908
2085151	-335	-186.7278276112
2086573	-336	-185.8026934289
2087941	-334	-187.9326369720
2089357	-341	-184.0746383122
2090831	-357	-193.3200943643
2092319	-338	-181.7636511359
2093701	-379	-211.3465315442
2095361	-357	-193.5522794844
2096873	-364	-189.0723206213
2098279	-362	-198.5036777410
2099743	-374	-203.0673956574
2101157	-389	-209.1199063829
2102557	-394	-209.5395153705
2104021	-433	-231.0449638647
2105419	-450	-255.1119319412
2106847	-454	-247.2856952746
2108339	-458	-248.0073301977
2109761	-461	-255.4880813361
2111189	-517	-293.1477334345
2112793	-466	-255.8431185625
2114221	-439	-233.5907621037
2115629	-399	-207.3926460051
2116981	-431	-237.9209867250
2118397	-407	-228.9672820201
2120017	-403	-218.7541028609
2121503	-362	-186.5971654026
2122961	-430	-228.7298319333
2124443	-421	-212.9820460168
2125933	-443	-220.6822910449
2127341	-426	-211.3044151407
2128733	-416	-212.8452703640
2130061	-418	-220.6758210918
2131627	-461	-238.0216310076
2133049	-481	-257.8499868244
2134633	-433	-217.3431011679
2136119	-410	-208.2425172875
2137441	-399	-209.8006260289
2138909	-366	-193.3580947348
2140399	-349	-187.4322340234
2141879	-362	-200.3189897540
2143279	-408	-229.8758939395
2144641	-420	-249.4849284728
2146091	-426	-250.5489575219
2147527	-435	-252.5024835892
2149039	-438	-247.1659806312
2150657	-361	-198.2966135021
2152069	-385	-222.8144341869
2153429	-425	-243.5510670929
2154941	-430	-238.4100195386
2156339	-445	-257.9528469516
2157677	-484	-291.8571237870
2158909	-514	-333.5434137905
2160373	-498	-331.2893501960
2161933	-424	-279.4148776455
2163347	-417	-280.5036054513
2164901	-375	-266.4477848656
2166457	-352	-238.5064063504
2168009	-346	-223.7214110897
2169361	-357	-228.9297981901
2170813	-365	-235.7107637829
2172337	-319	-202.3637727311
2173663	-344	-226.5865366631
2175247	-325	-203.9290263688
2176633	-312	-202.5284677838
2178037	-356	-238.7616454873
2179589	-327	-220.1684939081
2181017	-341	-227.6288782030
2182567	-323	-207.4244617420
2184071	-299	-199.9291109453
2185511	-312	-206.5295211282
2186941	-254	-180.0077375105
2188411	-249	-180.6858254330
2189797	-261	-200.7026429209
2191261	-287	-212.4097398350
2192789	-299	-226.3453089051
2194133	-311	-234.0034263041
2195717	-300	-216.2136021741
2197177	-286	-200.4011922087
2198701	-311	-197.9001765047
2200423	-242	-142.0555710658
2201761	-236	-144.6675076413
2203291	-238	-138.6408015935
2204677	-240	-144.1229291287
2206247	-205	-121.3872024353
2207441	-240	-156.3856111132
2209003	-237	-153.9107196304
2210291	-271	-188.8371728877
2211883	-245	-165.7069679111
2213317	-218	-152.7948612371
2215009	-167	-104.3791953286
2216377	-157	-101.1395524784
2217907	-111	-73.1738854377
2219471	-62	-39.4828433480
2221031	-58	-24.4791858685
2222527	-59	-31.7644721348
2223901	-63	-41.9239458735
2225429	-20	-22.2270280074
2226943	-19	-28.9150974954
2228299	-39	-49.8074805985
2229767	-43	-59.6134277823
2231297	-42	-57.1648512282
2232781	-82	-78.1142819032
2234129	-142	-118.4120346447
2235557	-145	-124.9379069602
2236951	-170	-138.2562565767
2238491	-185	-140.2954060247
2240023	-190	-133.4551500907
2241397	-200	-143.5994103961
2242993	-192	-138.2336329738
2244559	-192	-127.9588992685
2245861	-228	-158.5496932291
2247409	-213	-150.9572670840
2248723	-224	-167.7700294648
2250401	-211	-135.6309056969
2251903	-221	-136.8970111074
2253397	-205	-128.0387189928
2254799	-164	-100.2180249732
2256181	-184	-118.1881599732
2257559	-199	-135.0931302590
2258863	-193	-139.3269419511
2260387	-164	-127.0148495898
2261801	-174	-133.4203206085
2263381	-166	-126.5306370370
2264683	-179	-148.8498873393
2266177	-158	-137.0640643911
2267563	-190	-172.5240367271
2269009	-188	-177.6392702275
2270383	-193	-196.0926670097
2271749	-239	-230.4740440979
2273101	-261	-251.5887284014
2274497	-250	-252.1172574094
2275913	-268	-260.4241238953
2277553	-271	-250.9778303679
2278979	-272	-249.8109915919
2280517	-259	-233.5117719272
2282057	-249	-220.4257731840
2283727	-176	-162.2552802902
2285279	-179	-154.5165753653
2286763	-178	-155.6985227332
2288161	-207	-173.0891108521
2289649	-225	-185.2605776811
2291033	-246	-198.7348078287
2292469	-261	-205.8576091701
2293919	-201	-175.6209305060
2295509	-129	-119.5952222608
2297027	-150	-115.5047806638
2298391	-171	-140.0356894779
2299841	-186	-149.0395933349
2301199	-238	-191.5105638662
2302579	-231	-191.2915717585
2304139	-244	-191.3323963098
2305711	-217	-156.0302629270
2307229	-188	-145.4472184846
2308589	-224	-172.7219886456
2309969	-249	-194.7282039060
2311451	-227	-174.8996143196
2313061	-145	-117.1112063231
2314643	-136	-110.0629641864
2316073	-163	-123.5846640458
2317723	-136	-102.0513066909
2319091	-127	-98.4888325437
2320639	-113	-81.7386944498
2322143	-73	-56.2406477050
2323583	-72	-64.1119386396
2325181	-16	-21.8725311355
2661497	-32	-68.2412306237
2664931	-6	-53.8699667918
2705257	-7	-57.6710143681
2707897	-19	-59.5908613180
2709313	-38	-79.0097875277
2710889	-60	-82.8004509194
2712337	-71	-106.4585614571
2713813	-57	-88.4307749318
2715287	-49	-77.3950104751
2716739	-66	-99.0635340754
2718143	-58	-99.6372383853
2719421	-117	-150.5145034539
2721013	-50	-100.8818550338
2722691	-36	-83.6066430616
2724031	-33	-82.3077682792
2725693	-14	-68.3560130895
2821097	-35	-127.0396905590
2822669	-22	-121.2837303293
2824123	-16	-117.7405641628
2825671	-14	-112.8940097240
2829751	-44	-105.3276252435
2831273	-34	-86.0211519912
2832667	-92	-134.9498165559
2833973	-98	-152.3057279495
2835323	-133	-185.3303018576
2836793	-138	-198.2946030072
2838149	-187	-234.5288846695
2839757	-169	-216.2229826668
2841337	-170	-198.6599528213
2842729	-208	-225.3350836045
2844133	-248	-257.5208006787
2845823	-276	-255.8036504844
2847287	-265	-246.0180445631
2848687	-305	-273.6244975581
2850161	-282	-265.6883613950
2851633	-266	-249.9230776343
2853157	-246	-238.1256960058
2854603	-236	-233.7267611620
2856097	-240	-236.9876978487
2857693	-254	-241.9933641522
2859271	-237	-233.9095214164
2860789	-216	-213.6761362908
2862289	-221	-211.1280309602
2863841	-154	-177.2688919581
2865311	-131	-168.2214109654
2866603	-183	-216.5302334762
2868023	-196	-217.4524649205
2869751	-136	-163.7359597034
2871227	-162	-184.4480360832
2872757	-193	-203.0290229057
2874119	-249	-253.3763246761
2875757	-195	-199.7002754918
2877283	-192	-192.2226680881
2878903	-98	-132.5757450264
2880433	-109	-137.7060028460
2881873	-115	-142.7626244598
2883323	-109	-138.1924139619
2884793	-128	-138.8550375765
2886281	-82	-111.9700854185
2887777	-89	-117.6144718989
2889287	-81	-111.9642431124
2890687	-56	-97.2767999466
2892283	-78	-103.1661781970
2893763	-69	-88.7081409451
2895293	-48	-75.9913657180
2896837	-68	-77.1236327459
2898499	-55	-59.2155441900
2899861	-72	-67.9026966059
2901293	-77	-77.9457098651
2902811	-81	-78.2575914861
2904287	-93	-85.9270087948
2905739	-86	-87.9461624659
2907257	-72	-79.0384914100
2908687	-72	-79.2089431127
2910107	-33	-69.9821546884
2911621	-33	-74.3973289084
2913271	-13	-68.7756935498
2921903	-12	-50.7112619364
2923279	-42	-86.8802798824
2926657	-9	-58.4195748790
2939291	-28	-58.5587559105
2940911	-20	-37.3090098344
2942609	-22	-24.1092090835
2952269	-56	-37.2584595549
2953837	-37	-22.9897818040
2955319	-31	-34.4720096729
2956979	-9	-9.0021608249
2986453	-4	-56.8686394340
3137857	-31	9.6931088437
3139391	-61	-6.7884584362
3140873	-71	-20.9170052132
3142457	-69	-14.4889334465
3143993	-59	-9.0255512439
3145453	-37	6.2873911888
3146909	-29	8.6707304648
3148597	-9	20.0787780436
3150113	-44	-2.4167880088
3151607	-22	6.1632921722
3152977	-92	-37.4450276084
3154337	-132	-55.6254414186
3155923	-116	-40.7933391068
3157277	-156	-70.1760525476
3158963	-117	-29.8660047824
3160397	-140	-47.9678905253
3162143	-97	2.3153500876
3163591	-93	2.0206332587
3165023	-134	-31.7907908400
3166321	-149	-50.8995221702
3167833	-179	-79.5018317119
3169451	-183	-76.9634794772
3170933	-205	-98.5487065381
3172243	-211	-108.0748396194
3173683	-221	-117.3399878870
3175157	-263	-140.3335460960
3176843	-258	-124.7076671531
3178363	-263	-121.5347074236
3179993	-219	-94.6014835285
3181481	-191	-69.5906800929
3182849	-230	-92.0731145901
3184163	-298	-148.3543451236
3185837	-271	-126.9686542197
3187243	-299	-139.8715381646
3188767	-301	-139.6811629137
3190111	-309	-156.6186366059
3191621	-270	-137.9778752553
3193147	-307	-162.3636271844
3194561	-363	-200.5339504826
3196157	-373	-206.5372745582
3197611	-414	-239.7436924873
3198997	-443	-266.1567599192
3200359	-515	-318.5099626213
3201851	-485	-300.1673192942
3203147	-512	-333.6183738687
3204779	-499	-318.6624706701
3206347	-475	-301.0341711651
3207707	-457	-300.6773856113
3209177	-458	-311.3618005389
3210589	-494	-342.2521701074
3212021	-525	-370.6626217435
3213773	-548	-385.9196049998
3215119	-556	-395.6557729811
3216511	-566	-406.8518451987
3217997	-619	-444.3629718595
3219497	-612	-425.1901945870
3221063	-594	-396.8425959960
3222581	-626	-421.4722676205
3224027	-642	-436.7704638253
3225487	-593	-406.2800040826
3227041	-593	-405.3021085162
3228457	-598	-411.9265307404
3230023	-613	-408.7879529939
3231559	-627	-416.1740886080
3232987	-675	-460.4931572643
3234481	-637	-430.2373308426
3235891	-640	-436.5250262151
3237263	-636	-452.3799123384
3238661	-637	-454.1794431876
3240191	-660	-476.5890084400
3241859	-656	-464.5153699932
3243377	-641	-452.3666206200
3244951	-634	-441.6986273667
3246449	-638	-449.0398293306
3247837	-654	-458.2895395385
3249469	-630	-447.0191616049
3250913	-652	-453.9338879583
3252443	-634	-449.6675173596
3254057	-637	-448.9809915348
3255587	-609	-435.1761543528
3257063	-590	-423.8073283730
3258499	-606	-440.8897670569
3260021	-611	-439.1700403740
3261353	-646	-471.9235949277
3262949	-610	-439.2989669323
3264449	-593	-437.4967520597
3265901	-567	-418.3056841083
3267367	-586	-439.4220394826
3268831	-571	-436.4601995969
3270427	-542	-428.5298308061
3271993	-570	-436.4270755133
3273467	-569	-445.3414094213
3275021	-534	-417.0412254445
3276347	-583	-459.6460258462
3277721	-616	-484.7844358973
3279187	-615	-472.3949509171
3280811	-605	-455.9306417685
3282493	-561	-418.7475934616
3283853	-581	-448.9294959518
3285421	-586	-440.0960009663
3286937	-573	-429.4244418569
3288433	-553	-422.2333604050
3289877	-599	-450.4159617088
3291331	-594	-443.4798643391
3292717	-630	-478.5640994969
3294449	-620	-453.2536892369
3295967	-621	-446.9768230763
3297421	-617	-443.3016166499
3298877	-613	-443.2135609416
3300683	-530	-379.0067100393
3302197	-501	-351.5847346959
3303731	-548	-382.6297700191
3305227	-530	-368.0454391851
3306601	-567	-394.8024658551
3308267	-543	-374.3987752213
3309517	-568	-403.6156002005
3311089	-527	-380.2561669992
3312539	-502	-372.0185463104
3313969	-514	-386.3046005520
3315461	-491	-375.1525240138
3316967	-488	-365.9690262849
3318569	-436	-324.8035411414
3320137	-437	-320.7848600754
3321679	-424	-307.4331936490
3323051	-465	-341.0951171783
3324611	-442	-325.6363569119
3326023	-446	-334.9676089364
3327607	-412	-319.1544420675
3329033	-434	-334.8837649400
3330577	-420	-312.0460892707
3332149	-422	-311.3143866651
3333679	-357	-268.8105217442
3335273	-349	-269.6367165787
3336899	-327	-254.9954234506
3338351	-325	-255.0205374663
3339857	-305	-243.5465546852
3341167	-369	-294.8633448568
3342553	-419	-334.7680967670
3344213	-383	-305.1105891419
3345709	-341	-271.8234311593
3347297	-323	-259.1670916183
3348707	-346	-279.4313350832
3350261	-316	-265.3655846015
3351653	-357	-297.6908943908
3353297	-305	-251.2829789206
3354853	-287	-232.7615387044
3356447	-289	-225.0907833657
3358063	-277	-212.6502204761
3359821	-214	-150.7256972432
3361327	-195	-126.1264892047
3363007	-187	-115.2381978533
3364451	-164	-102.7379466901
3365743	-222	-143.8089389426
3367157	-255	-173.1232762947
3368581	-301	-208.2347629420
3370001	-305	-213.9059273990
3371447	-313	-234.5103589921
3373067	-289	-215.7610377832
3374671	-301	-211.8750309140
3376181	-302	-206.9914189547
3377557	-325	-222.1830957786
3378919	-351	-240.4898651081
3380599	-315	-211.2014199152
3382147	-307	-203.6339455411
3383551	-330	-222.2858966438
3385049	-353	-236.3876473969
3386597	-375	-252.8834183052
3387887	-409	-289.0571152398
3389453	-389	-278.4183538323
3390953	-395	-282.9514015624
3392561	-363	-258.8159547239
3394091	-353	-243.3646970245
3395569	-342	-244.9780598928
3397003	-360	-269.1865344549
3398407	-338	-266.0265733958
3400073	-285	-231.0698679034
3401561	-314	-261.3699855677
3402953	-311	-263.4537357611
3404273	-287	-268.3002677594
3405881	-234	-232.8794084325
3407347	-266	-245.6799681039
3408947	-261	-233.4779645100
3410399	-297	-266.1794721248
3411739	-291	-273.9453046655
3413153	-323	-306.1784971903
3414583	-351	-329.6220550826
3416311	-360	-320.7715503100
3417797	-352	-323.5444962142
3419293	-346	-318.7724438369
3420763	-372	-336.3241519159
3422303	-348	-318.2418355543
3423913	-379	-324.3381051605
3425293	-378	-329.5022719586
3426737	-429	-360.9979039594
3428263	-437	-350.6796846345
3429779	-401	-337.1046055859
3431411	-376	-320.1943975173
3432851	-395	-338.7969523379
3434279	-383	-335.2808077984
3435847	-414	-338.9528414896
3437173	-455	-374.1175741512
3438583	-506	-411.2288522009
3440051	-496	-407.0271600076
3441611	-474	-394.3120534711
3443059	-476	-398.3695173635
3444449	-511	-426.5512636061
3445823	-554	-465.5694899358
3447581	-531	-435.9485207324
3449053	-523	-427.0726040573
3450367	-542	-436.4165045840
3451967	-561	-436.3663059601
3453677	-478	-377.3494490152
3455087	-513	-403.4093019861
3456617	-514	-397.8103839937
3458201	-527	-392.1921266868
3459763	-488	-359.6343345636
3461329	-487	-349.7084076245
3462961	-465	-326.2896879850
3464497	-501	-337.4136288438
3465991	-532	-361.4510549058
3467539	-520	-355.0888802834
3468943	-492	-340.8295058756
3470501	-460	-309.7353507363
3472171	-473	-307.5472856023
3473647	-498	-319.1078429087
3475061	-499	-327.5388529702
3476843	-427	-262.8227140877
3478357	-420	-250.4880469865
3479909	-391	-227.0843334080
3481397	-367	-217.5674979572
3483133	-294	-156.3826640819
3484567	-288	-146.6242416401
3486227	-254	-121.4166712805
3487787	-240	-104.1426514642
3489389	-249	-102.6409245921
3490939	-228	-79.5013147336
3492317	-235	-94.2467834635
3493781	-231	-99.6508521152
3495253	-209	-96.2019571185
3496811	-188	-85.4427380410
3498487	-111	-25.0466098997
3499871	-141	-49.2230295988
3501629	-83	1.8107469788
3503147	-89	3.5350202772
3504439	-120	-22.4744203243
3505921	-84	-11.2608969749
3507641	-39	32.4091466063
3509113	-15	39.3454732428
3510911	-65	17.8510166876
3512297	-27	36.9083067143
3513677	-74	4.4221703167
3515219	-88	3.9420389215
3516871	-76	17.0650195923
3518521	-91	23.7446365240
3519913	-123	6.6463967171
3521437	-166	-18.1926399834
3523081	-162	4.2993172110
3524617	-130	33.8677641351
3526223	-126	49.9071251948
3527957	-20	130.5670048649
3529417	-24	119.3910301477
3531001	-25	129.9303309095
3532453	-30	117.7403976832
3533861	-23	118.8900928282
3535751	-27	113.5633755268
3624919	-36	36.3520831176
3626437	-22	51.7057524539
3628129	-17	42.1504209263
3629557	-58	17.6716045966
3631009	-43	20.5846339658
3632813	-4	43.9554117378
3634637	-8	34.2877685809
3642701	-12	56.6842615155
3700091	-12	28.9644303580
3701839	-32	29.0392526132
3703369	-42	18.9422983197
3704849	-71	-0.6192407980
3706433	-78	0.0685472426
3708031	-34	39.2131295064
3709457	-29	36.6888790849
3713473	-28	17.0599552420
3714989	-50	-8.7371950544
3716623	-20	11.8595861936
3718021	-17	-0.5722029260
3720359	-11	0.4488525275
3721847	-35	-12.7556220333
3723383	-60	-26.3571434223
3724837	-47	-20.1050423852
3726311	-98	-55.3989336537
3727699	-126	-85.8596912383
3729097	-161	-120.6127415827
3730483	-183	-151.7514585787
3731933	-157	-140.6749320301
3733447	-148	-135.6934852273
3735161	-157	-146.5617871688
3736501	-197	-173.0808667393
3737969	-171	-163.2541342798
3739531	-121	-131.6994949600
3741223	-96	-98.3314015267
3742727	-133	-121.9163433669
3744329	-102	-98.1656075418
3745913	-110	-96.4688553643
3747521	-70	-63.3052623888
3748897	-142	-105.2140368763
3750323	-108	-86.7847940832
3751739	-157	-124.0755214554
3753287	-169	-146.6433102726
3754741	-133	-131.6031098773
3756251	-125	-124.2069993301
3757777	-78	-92.1556882138
3759323	-31	-54.7469643685
3761003	-45	-53.6845635168
3940697	-38	-127.5144610871
3943717	-26	-129.4537846485
3945127	-22	-124.4256470719
3947831	-23	-120.7681500735
3949193	-12	-109.4712983090
3950731	-15	-108.2472556737
3952217	-47	-136.6574168272
3953923	-23	-113.1706587386
3955657	-14	-101.1643409443
3957169	-19	-102.8523933008
3959177	-16	-96.7771419694
3960757	-25	-98.9525359070
3962339	-67	-128.4150979120
3963977	-24	-83.4570879526
4097371	-14	-129.0306202817
4098821	-46	-160.7943064921
4687421	-14	-33.8271119230
4688977	-42	-56.9375739908
4690801	-3	-16.1398650273
4692427	-20	-9.6150487999
4693939	-34	-13.0281829628
4695391	-74	-54.1918127082
4696829	-64	-54.4387743852
4698269	-89	-77.9415785628
4700021	-49	-32.8059588004
4701371	-57	-50.4837355528
4703003	-87	-59.0936825661
4704437	-81	-63.1234559338
4706057	-66	-32.0058425878
4707799	-64	-23.6757215580
4709213	-105	-57.4315417090
4710821	-52	-23.2296012153
4712329	-108	-55.1810259014
4713967	-64	-15.6857194380
4715453	-70	-18.4301914572
4716949	-57	-25.9227624667
4718437	-19	-3.4620564470
4720039	-27	-10.7184508092
4721569	-49	-21.6621687799
4723049	-38	-17.8821650835
4734319	-45	-12.4860377807
4735823	-113	-55.2796890919
4737311	-115	-60.9939063027
4738831	-165	-91.0144276975
4740509	-117	-45.1725521310
4742063	-124	-49.7969448159
4743593	-170	-76.7531674087
4745131	-160	-75.8954761351
4746673	-128	-55.8161654830
4748221	-144	-72.0158952530
4749827	-177	-81.3811028686
4751441	-135	-45.6776417139
4753087	-47	22.7567046720
4754663	-67	20.8816476718
4756133	-60	25.3229020328
4757723	-76	16.6398985505
4759217	-99	-4.7516865181
4760759	-118	-19.9967056644
4762259	-123	-26.3682981582
4763879	-71	9.8239334998
4765391	-79	9.7859687418
4766863	-120	-11.6252214509
4768391	-90	9.7367810910
4769923	-101	0.1527390316
4771519	-73	28.5442091841
4773283	-56	56.5228566024
4774801	-57	54.4773445550
4776209	-65	45.2946282873
4777823	-45	58.1243428394
4779443	-49	60.5743945963
4780933	-33	75.1075457953
4782409	-78	46.0801425454
4783861	-114	10.2835623746
4785581	-115	23.4261242010
4787099	-138	6.7126431951
4788631	-130	7.4369656451
4790237	-133	10.1609361672
4791911	-144	23.4756286843
4793519	-84	64.0602434640
4795051	-44	70.9890720067
4796509	-36	75.2841083938
4798033	-38	64.6915343662
4799863	-5	86.2750033667
4801441	-68	50.1492012356
4802911	-71	39.2630737426
4804271	-122	-3.7298838053
4805761	-138	-10.1600381551
4807303	-134	-10.2122760666
4808929	-127	-0.1892111778
4810661	-87	41.5304339229
4812151	-104	24.2307969721
4813621	-44	65.0017930179
4815289	-20	83.0114476398
4816843	-79	49.2631584026
4818221	-142	0.8085405027
4819751	-113	20.4226782984
4821281	-177	-21.0484741829
4822723	-138	-0.6088020153
4824317	-157	-13.9175727987
4825993	-117	21.8037533927
4827707	-152	1.4762645877
4829183	-158	-5.8123348752
4830827	-164	8.2064851149
4832353	-170	16.0985079738
4833911	-155	17.9503268406
4835321	-166	-2.6316236525
4836631	-215	-46.4979737199
4837997	-246	-80.5499072831
4839613	-247	-90.1235417423
4841203	-249	-80.0349583602
4842767	-252	-89.8455070620
4844417	-213	-52.9984906787
4846033	-188	-31.9388477584
4847593	-185	-30.0631305339
4849007	-212	-52.7945412198
4850519	-195	-42.9122748318
4852039	-199	-45.8024840743
4853503	-227	-81.3117783688
4855063	-182	-47.8109482962
4856783	-142	-8.1942015481
4858349	-137	-4.9405140263
4859863	-159	-19.7505522771
4861399	-176	-31.9424575649
4863013	-153	-7.9994539122
4864319	-190	-41.6763492906
4865969	-188	-38.1780643114
4867319	-239	-74.0786284963
4868797	-254	-88.5388786244
4870409	-246	-80.7245391508
4871927	-287	-96.4439539054
4873411	-294	-98.5792133417
4875127	-269	-61.5297436601
4876747	-221	-28.9970227108
4878257	-259	-60.6119469204
4879837	-285	-65.2450493177
4881211	-245	-56.9339655041
4882711	-233	-62.3029896433
4884343	-234	-65.2841393269
4885823	-260	-85.0497466613
4887331	-297	-112.5387573536
4888831	-268	-99.2421792269
4890247	-306	-135.4611464124
4891639	-326	-157.4025955053
4893197	-372	-189.9088876533
4894601	-365	-191.8470457664
4896137	-357	-190.6959362666
4897603	-370	-203.6473224390
4899121	-407	-241.4818306029
4900501	-438	-277.1270743160
4901887	-479	-306.6028981073
4903631	-419	-260.2188897702
4905283	-353	-213.6679987170
4906787	-379	-227.1891183111
4908179	-412	-255.7147503690
4909763	-412	-257.8491685828
4911451	-391	-236.0574358222
4912991	-453	-282.7706084635
4914589	-473	-290.1132855647
4916137	-449	-276.9986766997
4917853	-411	-241.4088005472
4919333	-475	-281.1298598030
4920787	-504	-297.0782300446
4922287	-456	-274.5174632210
4923769	-481	-300.0967493217
4925321	-524	-322.6836087918
4926949	-522	-312.4928879246
4928479	-514	-311.2987275850
4930021	-491	-292.1845955285
4931587	-470	-280.8306694653
4933069	-532	-325.7162384572
4934569	-555	-341.3945536717
4936123	-547	-336.8164282233
4937797	-535	-317.9339929686
4939223	-553	-341.5709674381
4940731	-553	-355.5396525987
4942351	-558	-342.8820233788
4943843	-568	-347.2910097794
4945277	-605	-386.0366990461
4946741	-593	-392.8524022923
4948457	-601	-383.0280055541
4949963	-580	-368.6390333981
4951589	-608	-373.7107435072
4952989	-623	-391.1834174607
4954549	-626	-381.3864259197
4955999	-665	-408.5854757420
4957457	-678	-419.4113069473
4959181	-672	-396.5942447331
4960811	-660	-373.1640408935
4962163	-696	-417.4971954205
4963573	-751	-465.5128776709
4965157	-741	-459.8339077279
4966639	-729	-463.3820226723
4968059	-727	-469.4187362189
4969631	-719	-467.0681342549
4971271	-690	-452.5689897171
4972829	-695	-457.5089738705
4974499	-649	-421.1187465161
4975921	-659	-436.6614210759
4977367	-659	-451.1087065085
4978801	-677	-458.2432192313
4980221	-698	-486.6829218212
4981981	-672	-463.0431608944
4983613	-684	-460.0828917687
4984999	-692	-476.8572363254
4986383	-680	-461.1217226957
4987907	-675	-460.3008196943
4989431	-672	-477.1956232493
4990891	-657	-472.1239794347
4992353	-706	-508.3454981406
4993907	-714	-506.4734343514
4995547	-714	-499.4238581810
4997281	-735	-494.2114035434
4998887	-736	-487.7497460975
5000339	-719	-485.0162695456
5001761	-732	-497.1576640823
5003539	-667	-445.8965074664
5005067	-636	-427.1536602352
5006609	-634	-435.4205467603
5008099	-678	-458.4675463813
5009729	-662	-441.3044597775
5011273	-606	-408.9473285260
5012881	-607	-406.3080803790
5014547	-571	-381.3697020516
5015987	-619	-415.3888992307
5017559	-611	-398.0314874191
5019043	-601	-393.2789769132
5020513	-628	-415.1682321538
5022167	-647	-432.9779990564
5023859	-604	-403.3656245366
5025239	-644	-442.9665559194
5026739	-637	-455.6639168866
5028259	-626	-444.8793578262
5029649	-683	-494.5134791256
5031373	-597	-427.0617094458
5032957	-610	-432.4361458917
5034509	-634	-435.6753100300
5035999	-653	-452.0550146656
5037707	-609	-423.1686784041
5039171	-605	-417.5785178304
5040727	-617	-424.5380285735
5042291	-594	-396.1784283289
5043761	-605	-402.1552978663
5045437	-571	-380.6508200145
5047087	-535	-349.8080444058
5048669	-493	-317.7008094729
5050261	-455	-291.9484006250
5051747	-497	-323.2171294527
5053313	-529	-339.9164332066
5054773	-589	-385.6041619634
5056217	-609	-405.1271649259
5057593	-624	-421.4618913014
5059163	-618	-420.1866214886
5060767	-583	-391.4783207107
5062397	-579	-383.1104559950
5064023	-547	-348.2262401178
5065607	-575	-346.4780286056
5067119	-610	-370.8861685465
5068691	-626	-372.9280454593
5070187	-626	-383.8211841468
5071597	-638	-395.2580980794
5073373	-581	-343.7792423571
5074847	-626	-374.3116613662
5076391	-614	-368.4212077771
5077889	-577	-352.7403693188
5079359	-586	-379.2206172824
5080937	-595	-384.5464017469
5082409	-654	-418.6051946836
5084069	-612	-382.9882901153
5085473	-606	-383.3372238589
5087053	-613	-388.6055990176
5088521	-619	-399.3164983176
5090131	-600	-388.3738377315
5091689	-633	-408.9724105298
5093089	-669	-443.1264705461
5094787	-660	-431.3061510262
5096393	-643	-421.3283733785
5097847	-621	-413.4193495902
5099329	-594	-394.3545989956
5100971	-561	-369.5754094982
5102561	-550	-350.0642762397
5104117	-548	-355.3043989027
5105857	-478	-312.5565032927
5107423	-442	-295.9125411812
5108941	-416	-279.6505640096
5110493	-427	-290.1407887286
5112047	-468	-314.2676032408
5113487	-468	-315.6383726540
5115067	-466	-303.6414289661
5116691	-428	-277.4986800733
5118209	-440	-278.9604971094
5119859	-428	-272.9498698747
5121383	-393	-261.1770147144
5122771	-412	-289.5879150788
5124151	-434	-313.6720887407
5125759	-384	-275.4315337438
5127181	-390	-286.2573799289
5128897	-387	-275.4969027032
5130571	-396	-273.0039043136
5132111	-379	-255.1879358291
5133463	-357	-255.5997014773
5134979	-444	-307.3987629108
5136511	-432	-308.9081048033
5138101	-429	-301.7363210592
5139647	-465	-328.4790199203
5141023	-516	-362.6713025505
5142679	-483	-329.6935932791
5144287	-453	-313.4151188087
5145743	-415	-296.5922932687
5147339	-400	-290.9787288693
5149061	-412	-284.1110057827
5150567	-336	-233.7994031420
5152027	-344	-254.3521007245
5153641	-357	-256.9435753379
5155043	-364	-267.9840271957
5156747	-348	-242.2889186810
5158313	-369	-254.6100006288
5159839	-394	-274.0739003852
5161349	-387	-277.8778813861
5162837	-395	-282.6888505277
5164541	-341	-238.8070177343
5166037	-402	-264.3432065630
5167667	-376	-250.6785569329
5169191	-373	-255.7717523619
5170687	-417	-286.2974813253
5172149	-410	-281.0524025077
5173813	-398	-260.4976714100
5175323	-433	-282.8296751386
5176943	-413	-263.5437372688
5178629	-394	-249.3476166040
5180213	-358	-232.3272130670
5181697	-366	-229.0944384882
5183383	-358	-216.9533317361
5184859	-347	-219.8830084439
5186371	-393	-249.3697082215
5187991	-380	-231.8638997420
5189551	-379	-233.2193641168
5191187	-356	-211.8593486985
5192783	-352	-204.9285421509
5194349	-342	-202.8563941822
5195899	-389	-223.2503067530
5197337	-408	-230.3574524654
5198807	-437	-264.9938804748
5200439	-424	-254.7470481460
5201873	-437	-267.2770389631
5203391	-464	-290.0115134882
5204813	-480	-308.4833858237
5206273	-505	-327.1971478350
5207737	-520	-338.0844432700
5209453	-491	-310.1787809007
5211091	-488	-311.0298282439
5212729	-560	-350.8348161485
5214103	-596	-375.3809824218
5215537	-618	-393.5481954251
5217139	-584	-368.3962365834
5218639	-618	-396.5397239814
5220217	-629	-392.5965774248
5221693	-658	-429.3081103046
5223349	-608	-387.9623145454
5224889	-601	-388.7432963747
5226391	-641	-417.3387868384
5228017	-593	-387.8011329076
5229481	-593	-389.7702872909
5231011	-587	-396.4905846168
5232613	-587	-396.7408070448
5234153	-605	-402.5115728017
5235731	-609	-407.2675075395
5237347	-612	-402.1082275957
5238817	-635	-427.3728622239
5240351	-612	-417.3954306985
5241881	-610	-413.9704701357
5243369	-612	-413.8650628023
5244791	-615	-426.1048479267
5246411	-608	-412.5260472935
5247941	-619	-425.7934848922
5249347	-645	-451.1312483729
5250691	-682	-485.1136115812
5252327	-693	-491.2348919166
5253763	-743	-524.3611079538
5255407	-724	-502.3265224188
5257009	-747	-503.3610830012
5258723	-646	-428.3822362409
5260279	-619	-415.4222512789
5261761	-640	-435.1208732996
5263333	-601	-417.4806104157
5264711	-618	-439.3275603313
5266291	-637	-442.2932993651
5267809	-623	-431.5468116162
5269489	-632	-432.2990006888
5270929	-645	-441.9027131484
5272429	-666	-456.9321445367
5273941	-681	-467.8546412879
5275553	-683	-469.6069437782
5277109	-695	-477.5413973334
5278697	-696	-473.0030777466
5280257	-712	-482.1207223408
5281891	-717	-479.5629011524
5283457	-707	-476.5035256523
5285209	-675	-439.5694673613
5286871	-687	-431.4364670857
5288323	-685	-437.0898238234
5289797	-721	-461.6577728754
5291227	-685	-451.9345894790
5292709	-676	-449.9619805608
5294281	-653	-435.1997524364
5295791	-671	-450.7430213217
5297339	-678	-461.8526595100
5298911	-657	-447.1805065213
5300513	-667	-448.6658496117
5301971	-710	-486.7202689662
5303537	-693	-477.3415087298
5304889	-728	-511.7907234015
5306459	-760	-534.0970840858
5308019	-769	-546.1889524229
5309719	-691	-487.7307057601
5311391	-680	-480.3763357055
5312939	-704	-498.9926769827
5314487	-685	-485.8307341552
5316041	-684	-469.7000064668
5317517	-665	-468.3985380286
5318981	-691	-496.6435131126
5320697	-691	-491.4164866983
5322277	-638	-450.0799916027
5323841	-635	-461.3562744650
5325337	-656	-470.7937460280
5326921	-665	-463.3636845810
5328353	-667	-472.8380669125
5329981	-650	-460.0305788276
5331499	-631	-459.3761973012
5333021	-665	-469.2124427303
5334559	-696	-484.8774519873
5336041	-702	-497.4237832260
5337691	-689	-497.3702352910
5339221	-755	-540.3263078091
5340689	-773	-547.1465185318
5342257	-789	-550.7394731729
5343697	-836	-589.2510092253
5345323	-768	-541.4047428392
5346689	-785	-561.8488475514
5348381	-764	-542.7921718163
5350031	-734	-511.4699489478
5351683	-670	-472.3924913581
5353207	-650	-463.1439714984
5354737	-655	-469.5670028474
5356187	-704	-496.3874117547
5357831	-714	-492.5647223721
5359447	-689	-472.3751866155
5360827	-712	-492.4426376640
5362297	-693	-486.8397198715
5364019	-678	-473.5493248649
5365643	-711	-482.4623700668
5367251	-718	-479.5289974796
5368751	-764	-509.1516755474
5370329	-740	-495.2699085755
5372039	-728	-478.7831212828
5373499	-738	-490.6739313727
5375011	-738	-495.5093835703
5376389	-730	-498.3007814160
5377891	-718	-498.2215256040
5379383	-700	-480.1183386526
5381069	-679	-461.6375165887
5382407	-717	-503.2522864449
5383843	-764	-530.8857925081
5385361	-796	-550.4935003610
5387101	-735	-501.2498761945
5388547	-738	-506.3527353305
5390171	-747	-511.8412021550
5391679	-743	-516.6842446615
5393261	-734	-516.3205015843
5394931	-696	-488.9376204724
5396549	-613	-431.0297805401
5398069	-614	-439.4685469132
5399543	-598	-434.2994541024
5401133	-566	-414.4102980846
5402701	-560	-413.5403334925
5404349	-549	-390.3613431753
5406007	-560	-386.4044795231
5407447	-574	-405.4164150254
5408999	-568	-404.1536622979
5410619	-504	-369.2107746841
5412049	-527	-388.6217489229
5413687	-509	-371.9198304760
5415191	-529	-393.4555556885
5416699	-503	-380.0438886331
5418299	-513	-395.1528995506
5420003	-507	-394.3135862708
5421527	-516	-395.4576935482
5422969	-506	-397.5036949465
5424487	-485	-391.7763987554
5426051	-494	-390.3975109554
5427577	-509	-396.5636017104
5429087	-550	-428.3784475720
5430589	-557	-439.2702110437
5432183	-519	-415.9768151951
5433737	-501	-397.1735699488
5435401	-489	-376.2823063036
5436919	-504	-399.2703262614
5438347	-500	-412.9192460814
5439899	-473	-393.5661879391
5441483	-516	-415.0121145466
5443187	-477	-371.1895040320
5444729	-515	-390.7458529801
5446279	-515	-391.7895344691
5447831	-483	-375.2646213370
5449357	-456	-353.6248832149
5450689	-488	-385.3744269917
5452211	-492	-388.1779119655
5453873	-529	-403.1901393756
5455519	-511	-378.6901414637
5456953	-577	-426.0830452940
5458457	-557	-417.0394705666
5459983	-560	-417.4744382713
5461481	-589	-432.4530117857
5462981	-603	-449.0806626732
5464573	-579	-439.2111201840
5466067	-600	-462.4362548974
5467753	-591	-443.2748706882
5469337	-599	-454.8061840062
5471023	-541	-397.9574601830
5472529	-548	-409.8706250732
5474041	-541	-401.5776230983
5475677	-528	-378.0851709362
5477209	-526	-379.2554969478
5478877	-452	-330.5768890309
5480473	-446	-340.9297209141
5481877	-462	-368.9090736775
5483501	-419	-325.8210249003
5485153	-396	-303.6391206203
5486561	-402	-319.2875229220
5488181	-470	-365.9511807748
5489807	-453	-339.5291168811
5491501	-470	-343.1045987092
5493041	-490	-357.3520833072
5494429	-486	-356.2235220257
5495933	-479	-354.0666993423
5497643	-459	-330.2703148011
5499061	-475	-344.7794464352
5500591	-479	-350.1286329770
5502109	-464	-340.7222169429
5503609	-479	-349.7661914752
5505289	-446	-326.0111834437
5506679	-489	-363.2277495389
5508169	-492	-365.7061625363
5509883	-531	-369.6021529285
5511497	-503	-342.9159840257
5513201	-514	-342.6334730188
5514667	-449	-303.4103005209
5516089	-503	-336.2725492850
5517683	-484	-319.8864963133
5519453	-410	-255.3437908594
5521057	-380	-237.1344111282
5522617	-363	-223.8161357783
5524213	-333	-202.6699509137
5525771	-349	-211.8828607294
5527463	-387	-233.4942023035
5529001	-357	-210.0204143271
5530667	-317	-184.9934237003
5532271	-351	-206.4449645807
5533681	-382	-231.5159824558
5535091	-413	-261.2145801992
5536499	-439	-283.8058828913
5538011	-429	-285.7374874766
5539591	-435	-285.6594181833
5541077	-433	-283.6407614496
5542783	-419	-265.5475047970
5544529	-351	-212.4993525632
5546077	-324	-203.1364598531
5547769	-327	-193.0064055914
5549189	-332	-195.3496247429
5550871	-332	-189.0743593515
5552411	-346	-200.6758759085
5553893	-362	-201.8914306678
5555639	-268	-142.1514622515
5557261	-247	-117.2786886682
5558669	-225	-110.6999386121
5560231	-213	-101.1857556520
5561819	-202	-94.4061479417
5563361	-183	-65.5849091114
5565031	-180	-72.9856209518
5566499	-185	-78.1116858813
5567899	-183	-90.2687261248
5569393	-159	-83.7042390399
5570827	-173	-102.6006605344
5572297	-147	-94.4536931918
5573839	-155	-105.9980551245
5575543	-82	-52.0157400682
5577197	-34	-15.9634214962
5579617	-6	19.5996895742
5580919	-86	-39.6140383513
5582531	-107	-50.5132421423
5584057	-89	-36.2215598084
5585501	-116	-61.4080531779
5587171	-123	-61.3937798094
5588683	-163	-84.6930285210
5590471	-95	-32.4939430848
5591917	-74	-20.3007437853
5593411	-150	-65.1262393910
5594909	-163	-73.1575182109
5596471	-192	-88.7460846991
5598091	-211	-93.5152025098
5599651	-209	-95.3607266295
5601163	-141	-54.5319954784
5602703	-114	-39.8215304347
5604329	-97	-18.4622756434
5606047	-51	17.6788258099
5607571	-43	19.3426594270
5609053	-27	17.8407970037
5610509	-53	-1.5376946214
5612029	-63	-7.6920259619
5613667	-69	-15.6805590096
5615341	-65	-7.4750218246
5616833	-68	-28.4963200717
5618351	-56	-20.1460034952
5619973	-28	0.7806325656
6951391	-3	-187.4752711357
6952909	-38	-221.0518723591
6954307	-77	-251.3548747898
6955849	-91	-261.6856105871
6957623	-87	-239.9929855529
6959509	-82	-217.8233228328
6960937	-104	-252.7488740100
6962561	-121	-250.0806587196
6964007	-161	-270.0384289355
6965333	-217	-315.2964628224
6967039	-245	-317.1958886240
6968629	-208	-293.4240128118
6970309	-205	-277.1585483554
6971837	-231	-299.3008423987
6973489	-226	-294.9038494995
6974909	-288	-342.8933723882
6976471	-322	-364.1759415385
6978221	-331	-354.6950685977
6979801	-326	-334.7503530509
6981409	-274	-298.0987808448
6982999	-253	-286.6152378386
6984697	-216	-257.9570095848
6986333	-176	-231.3049455585
6987793	-195	-241.2174575127
6989357	-187	-243.0398958440
6990881	-187	-241.2098729294
6992549	-216	-243.5089028028
6994187	-186	-226.1077876477
6995623	-251	-261.1165177911
6997253	-252	-250.5163539082
6998711	-204	-224.6914106677
7000297	-201	-229.4360238144
7002029	-153	-187.0233275545
7003639	-193	-202.5279609698
7005161	-191	-195.2228868819
7006757	-233	-224.2282887449
7008247	-203	-210.8628372073
7009823	-204	-211.1321082118
7011607	-208	-200.9577187664
7013141	-201	-191.4772076821
7014767	-266	-224.6886510443
7016423	-293	-240.9508158832
7017839	-302	-254.0885961349
7019291	-319	-268.3103666784
7020781	-305	-270.4419056084
7022531	-307	-280.7731384050
7024057	-322	-277.9383332298
7025617	-302	-268.4402808557
7027183	-295	-276.1508895858
7028573	-330	-310.6644090700
7030117	-331	-313.8899437681
7031597	-391	-360.2951939132
7033253	-372	-341.7743563914
7034681	-431	-398.4180509788
7036301	-439	-401.5992019198
7037909	-427	-389.3643293510
7039381	-481	-432.7470791120
7040903	-497	-446.1676631766
7042349	-495	-462.4703235123
7044019	-471	-441.4094318587
7045547	-484	-452.4632741480
7046999	-534	-495.3619872670
7048477	-599	-531.9899421327
7050049	-597	-533.9232080617
7051643	-623	-550.6823553166
7053301	-636	-547.9235978651
7054811	-674	-560.7709251398
7056457	-645	-534.4344222668
7058021	-641	-532.0892945252
7059529	-673	-550.1560466714
7061267	-678	-547.3372906861
7063039	-633	-507.6407906373
7064663	-602	-483.0648239963
7066249	-583	-475.2958686781
7067927	-610	-478.5868561023
7069613	-641	-490.2992445576
7071079	-633	-488.6196658037
7072573	-681	-522.9524370826
7074121	-692	-531.1632124335
7075759	-709	-538.7887229297
7077221	-728	-550.3406991258
7078781	-792	-602.0727373788
7080329	-836	-623.8992325729
7081961	-865	-635.5850901403
7083541	-846	-635.0840951595
7085059	-833	-625.2475770718
7086619	-860	-636.1491631046
7088297	-829	-608.7585417162
7089737	-850	-623.4828137377
7091197	-849	-623.7018761647
7092913	-843	-611.3541658459
7094449	-839	-613.2100056906
7096153	-857	-603.4940857581
7097723	-873	-607.1153204964
7099193	-942	-664.1581634780
7100683	-950	-662.1351025145
7102171	-957	-682.1307953920
7103651	-1018	-723.1015948753
7105081	-1065	-756.4769067229
7106773	-1046	-741.2527444045
7108411	-1047	-743.2821896981
7109887	-1045	-754.5549556428
7111537	-1038	-749.8176175070
7113151	-1009	-739.3424565870
7114649	-1033	-743.8086154116
7116133	-1039	-747.1570659032
7117921	-958	-677.0009395727
7119653	-916	-638.5565457960
7121321	-877	-609.0973786614
7122749	-920	-640.2001893434
7124321	-923	-635.9770561411
7125889	-928	-637.6406606229
7127633	-942	-636.2790996555
7129321	-908	-609.0878068188
7131133	-845	-559.7424625915
7132651	-847	-551.8291162155
7134263	-843	-538.2682066105
7135853	-813	-515.4857046885
7137371	-795	-514.2327282698
7139009	-803	-515.5418797096
7140701	-762	-484.1250246480
7142141	-769	-503.1792776298
7143613	-794	-530.4936438098
7145291	-770	-518.1845363249
7146941	-769	-509.3238036416
7148497	-727	-479.9992046324
7150007	-753	-487.2083393897
7151609	-771	-499.2221189721
7153129	-798	-530.2183209014
7154759	-800	-521.8445549984
7156397	-804	-525.0897098512
7157897	-782	-513.6575099514
7159421	-817	-537.5223108110
7161071	-817	-535.9627944769
7162783	-753	-485.6936946636
7164263	-712	-459.7936252352
7165883	-708	-463.6087453221
7167301	-784	-526.7824338296
7168919	-793	-524.7332312670
7170577	-785	-506.8719726109
7171979	-825	-546.2392159284
7173737	-733	-482.4237912951
7175197	-709	-485.2817834799
7177147	-675	-433.6725444779
7178687	-684	-438.1017967955
7180291	-722	-465.3428395460
7181729	-704	-453.4871418874
7183531	-687	-434.6850250733
7184981	-740	-464.7300464952
7186561	-755	-483.0538305462
7188151	-796	-507.5054344953
7189757	-779	-493.1269484248
7191299	-742	-475.1087294810
7192793	-722	-469.1415873403
7194611	-670	-427.5179521286
7196173	-619	-403.4646992676
7197683	-652	-420.7375544430
7199219	-650	-426.2193404001
7200629	-656	-433.6229414111
7202269	-637	-422.9358943898
7203839	-631	-422.4679492378
7205347	-605	-409.8982883051
7207043	-595	-393.2847693475
7208693	-589	-382.3025217844
7210319	-571	-370.6131351172
7211783	-574	-378.1374896121
7213309	-572	-367.4408352025
7215001	-566	-355.5802270793
7216567	-539	-344.6588583518
7218181	-545	-351.1283496022
7219757	-551	-364.7843330971
7221301	-540	-357.5123317814
7222823	-526	-355.1483235302
7224401	-586	-393.6304568117
7225949	-610	-414.5179856132
7227667	-559	-381.3563348097
7229129	-566	-397.7778101405
7230991	-563	-387.0301929002
7232573	-541	-370.2456403096
7234063	-551	-374.3952538519
7235633	-565	-389.0749987347
7237253	-571	-387.1582281628
7238831	-558	-381.7143529574
7240361	-540	-375.3223307629
7241911	-556	-383.2349274660
7243471	-572	-406.8236002524
7244921	-595	-416.6455969791
7246537	-587	-416.3258540702
7248077	-605	-428.5331899460
7249603	-564	-416.4857902559
7251221	-581	-423.9058751676
7252867	-541	-396.7512186128
7254343	-527	-387.3709876131
7255993	-519	-376.1888957998
7257659	-494	-364.8893445542
7259407	-458	-342.4732087745
7260767	-524	-404.2270777951
7262347	-547	-412.6791605311
7263829	-557	-418.3916665358
7265339	-570	-424.6540713507
7267019	-561	-423.6604263175
7268549	-547	-420.4160363813
7270189	-599	-442.0198238349
7271783	-573	-425.2876029039
7273241	-588	-442.7487598125
7274791	-585	-437.8175352172
7276271	-575	-429.6630814185
7277891	-585	-428.7255595488
7279471	-578	-425.9547701023
7281223	-541	-405.4571086096
7282771	-538	-404.9355179119
7284259	-536	-413.6515465181
7285907	-535	-399.6778138109
7287571	-531	-391.8729995854
7288979	-597	-430.6347654083
7290529	-615	-445.1746625443
7292053	-629	-465.6920152691
7293547	-629	-460.6613991519
7295231	-646	-472.5282599725
7296743	-650	-463.3639319356
7298323	-644	-467.1326614243
7300003	-662	-456.5458218588
7301717	-651	-444.0930207403
7303291	-723	-495.5832254292
7304851	-751	-505.4771845934
7306373	-709	-471.8395413339
7307939	-760	-499.3786336916
7309403	-790	-530.5111774165
7311211	-700	-453.0315897010
7312913	-691	-447.7805018844
7314611	-651	-419.6161352608
7316041	-652	-429.8057922075
7317397	-736	-489.2590616539
7319087	-765	-495.8666760491
7320653	-773	-494.0030809282
7322213	-770	-494.6205488771
7323859	-730	-470.3138615678
7325399	-735	-474.7943759096
7326997	-718	-463.8496970560
7328501	-733	-475.7114681534
7330117	-728	-471.3226962175
7331711	-722	-482.3465008053
7333369	-661	-441.9423292767
7334869	-641	-430.0913664274
7336421	-633	-423.8934453622
7338137	-630	-415.9267868492
7339841	-654	-424.4642264674
7341491	-662	-426.6461392596
7343023	-653	-430.7637653158
7344823	-612	-394.0575296277
7346333	-592	-396.6493798147
7348067	-545	-354.4869335315
7349483	-604	-396.2503547293
7351163	-619	-399.1804529555
7352659	-621	-402.4911455596
7354241	-661	-438.5639523280
7355657	-668	-452.4230665290
7357223	-665	-446.5517846709
7358851	-637	-431.5405440292
7360501	-607	-406.4635000804
7361923	-648	-442.7494550640
7363589	-612	-416.1819672637
7365181	-627	-424.7962392641
7366721	-611	-425.1300556562
7368281	-608	-434.0002296007
7369759	-638	-471.2915304520
7371571	-639	-454.3648308673
7373183	-636	-441.9431820526
7374589	-645	-459.4387619155
7376071	-668	-482.6706027669
7377613	-669	-482.1100152836
7379117	-687	-495.4980571082
7380679	-705	-505.6790456804
7382377	-657	-467.0043455417
7383751	-664	-490.8635867166
7385407	-620	-458.6184026378
7387147	-627	-456.4778602561
7388813	-610	-439.5335568224
7390381	-629	-441.2192124573
7391983	-597	-411.3939906164
7393681	-530	-364.0319862546
7395287	-517	-346.6144816711
7396847	-504	-345.4110114738
7398473	-504	-347.7447801684
7400077	-485	-343.0885301388
7401619	-493	-344.4326835568
7403197	-448	-318.8868132485
7404863	-458	-330.5526655178
7406573	-427	-300.7182500577
7408129	-419	-301.9369252780
7409813	-373	-261.3241267215
7411309	-334	-243.4338860695
7412957	-372	-269.7255598177
7414439	-385	-276.7326014697
7415827	-434	-315.1020204808
7417511	-409	-287.2377467147
7419107	-375	-267.8877958156
7420579	-384	-270.7478470573
7422229	-399	-282.3890746834
7423859	-398	-278.9144474982
7425449	-378	-259.8269941164
7426823	-415	-302.1762881133
7428539	-406	-299.6571723381
7430141	-430	-321.2718449280
7431643	-434	-323.6169474255
7433171	-468	-342.7390655744
7434821	-450	-331.4734583158
7436323	-477	-355.2491479317
7438153	-485	-341.1779192753
7439647	-494	-355.0072307809
7441229	-470	-336.8037664752
7442849	-426	-311.0876196413
7444301	-428	-314.3051807065
7445759	-448	-341.4156423187
7447289	-422	-327.3617948395
7448699	-443	-351.2425386490
7450277	-477	-379.4625337179
7451963	-458	-371.1513948028
7453561	-415	-350.7873992176
7455269	-341	-294.0156182876
7456811	-367	-320.5730139071
7458487	-335	-306.0186711282
7460077	-283	-274.5724459787
7461763	-233	-226.3604466107
7463429	-214	-202.7240616727
7465027	-203	-194.6047968599
7466741	-203	-189.0868173649
7468403	-147	-141.7884697464
7469939	-127	-130.9432044426
7471591	-104	-122.8239964346
7473311	-55	-87.6293608366
7474759	-73	-103.9399297854
7476143	-111	-137.3451492018
7477627	-118	-141.7070538768
7479229	-137	-140.0011978847
7480769	-164	-161.5813181284
7482407	-163	-154.5913305444
7483979	-115	-126.5654431282
7485571	-107	-122.7028599474
7487131	-106	-111.5299537304
7488629	-151	-150.4316692431
7490297	-161	-144.2272889929
7491893	-164	-147.2384004664
7493621	-101	-92.0517739094
7495387	-142	-99.7039444202
7497023	-149	-110.7424658867
7498577	-168	-130.1916103673
7500113	-173	-134.4788508972
7501801	-144	-110.0443268202
7503401	-111	-90.4781850654
7504901	-77	-73.9282558221
7506287	-57	-72.7097577714
7508069	-20	-38.1448208471
7509571	-54	-62.1022492187
7511767	-24	-23.5640730842
7513423	-69	-42.7118283997
7514929	-88	-51.4884706824
7516471	-86	-56.9209849922
7517813	-117	-83.6911639603
7519591	-133	-84.7595691368
7521271	-121	-83.1568421567
7522829	-140	-88.1955687957
7524541	-116	-49.4311779417
7526201	-86	-16.4776584033
7528007	-72	9.6733722614
7529519	-117	-18.4222825237
7530889	-168	-62.0674317580
7532449	-153	-56.5288787581
7534027	-174	-66.8539331376
7535683	-96	-32.2746522996
7537133	-153	-72.0199871319
7538903	-127	-44.9654611168
7540441	-144	-56.9677720058
7541839	-179	-82.7111435458
7543351	-205	-97.5454049451
7545007	-206	-94.4144978974
7546531	-200	-100.0076780098
7548077	-159	-73.7573482090
7549571	-185	-96.3987197789
7551149	-249	-136.9028115122
7552619	-263	-154.1756130867
7554293	-264	-147.1678208793
7555907	-231	-126.0760545294
7557439	-237	-129.8125060039
7559029	-247	-127.7528375113
7560547	-284	-162.8243564211
7562227	-295	-157.2427522556
7563719	-274	-140.8222761696
7565563	-226	-83.9760987141
7567201	-222	-82.9708832446
7568921	-176	-54.3283683522
7570217	-174	-71.0251842708
7571701	-225	-110.3747822545
7573537	-122	-35.7271122240
7575229	-128	-31.9656003362
7576861	-121	-25.3713505207
7578407	-139	-34.2445868929
7580071	-103	-3.4142847854
7581601	-122	-15.3105863760
7583339	-122	-14.1260746142
7584931	-148	-26.6599125300
7586629	-110	-10.4226573991
7587977	-139	-41.5119972481
7589573	-158	-42.6113309126
7591169	-138	-18.5751945132
7592777	-145	-22.6060195261
7594183	-173	-44.3196457736
7595677	-176	-55.6084861583
7597277	-204	-68.5114455656
7598839	-213	-81.5688070743
7600357	-218	-96.4506677246
7601929	-276	-132.2338555315
7603457	-260	-126.6428548488
7605011	-249	-112.1425877875
7606409	-269	-131.6084077043
7607939	-310	-154.7425858301
7609493	-277	-136.3393673290
7611101	-307	-162.6350990982
7612663	-326	-183.5995973032
7614331	-343	-183.7220560852
7616123	-316	-155.5136333930
7617583	-352	-185.0925183523
7619263	-313	-162.2297103790
7620941	-279	-149.1836615968
7622711	-279	-138.0077677183
7624217	-330	-175.1524421323
7625561	-346	-197.4154347659
7627021	-388	-230.1977887784
7628471	-398	-249.7642879611
7630069	-380	-248.1134902386
7631761	-326	-209.0620264606
7633523	-271	-170.2312401827
7635029	-320	-210.8905311264
7636583	-311	-208.4072264182
7638283	-323	-205.3637236810
7639883	-272	-167.0554000779
7641461	-268	-158.9695169144
7643059	-272	-162.2749176396
7644529	-245	-153.5804987726
7646201	-215	-127.6593193141
7647743	-214	-133.6353756408
7649249	-219	-136.2705242485
7650827	-190	-119.2540384105
7652471	-213	-141.9790545246
7654037	-230	-147.3156172458
7655503	-238	-155.7263701665
7657289	-210	-126.2503607448
7658723	-231	-151.2823631367
7660307	-193	-139.6883246205
7661881	-173	-131.4317770776
7663489	-185	-134.5655945741
7665131	-200	-138.6193972497
7666639	-240	-170.1368447381
7668313	-253	-163.3415109740
7669847	-271	-183.9446191217
7671467	-275	-181.8988465119
7672913	-272	-188.8322863978
7674467	-279	-206.5637998067
7676293	-264	-179.5450123638
7677797	-274	-188.3572006282
7679437	-232	-156.9279896540
7681031	-201	-147.3645570636
7682551	-217	-158.4190929754
7684253	-165	-119.6467690988
7685707	-168	-124.7785538997
7687261	-221	-166.1198820136
7688839	-268	-203.3076027183
7690399	-232	-182.4180434568
7691951	-220	-181.4054611384
7693417	-239	-193.0801605874
7695097	-250	-193.0959880550
7696537	-296	-222.9785927644
7698151	-297	-224.3517092880
7699729	-285	-236.7751228154
7701319	-283	-223.6908712588
7702913	-269	-206.4964275570
7704577	-251	-194.0383428023
7706227	-257	-191.9008566376
7708007	-196	-132.8797837331
7709519	-250	-169.2201610364
7711103	-275	-170.1021134425
7712563	-310	-201.2362967882
7714207	-342	-215.8893273609
7715803	-319	-199.3971539020
7717247	-293	-189.2503266818
7718803	-283	-194.2064321569
7720331	-288	-199.3763302144
7722017	-304	-208.2162726942
7723453	-356	-249.9891350401
7725031	-358	-253.6769770204
7726777	-280	-194.7524119006
7728367	-250	-169.9327477334
7729937	-253	-167.9555889736
7731541	-245	-166.5861455212
7733293	-232	-146.6107901688
7734893	-176	-117.6759303520
7736383	-176	-128.5983433201
7738223	-174	-103.7221390072
7739779	-196	-111.2978969765
7741259	-222	-136.9349115303
7743049	-148	-82.4377030055
7744501	-125	-64.8444813200
7746191	-132	-69.5943532670
7747979	-89	-18.5888145914
7749403	-145	-59.0826815095
7751113	-106	-40.8954572806
7752571	-112	-40.0719658759
7754141	-124	-54.4914379523
7755691	-136	-61.4083929005
7757411	-142	-55.1702481348
7758983	-141	-58.3174914052
7760617	-100	-21.8859444936
7762199	-115	-39.8396600065
7763803	-125	-58.9016574508
7765259	-93	-39.0166545668
7766951	-36	2.8065654410
7768597	-18	8.8770200405
7771553	-28	11.9976810809
7773043	-53	-12.7114399059
7774343	-86	-46.4076071457
7776127	-36	-6.7424884944
7811339	-9	42.7676466458
7812829	-61	-0.8133461040
7814249	-72	-20.9370198206
7815839	-56	-8.5497606435
7817461	-8	20.3721834104
7819297	-20	29.3472421904
7820963	-7	43.2030055262
7822427	-49	12.2299023496
7823897	-63	-2.8136056831
7825591	-69	3.2994121881
7827329	-67	14.6879341233
7828963	-48	20.5022930724
7830587	-39	27.4885518627
7832093	-9	45.8595775697
7834573	-13	54.6818098762
7835977	-23	45.0227019253
7837631	-34	36.0216792540
7839107	-40	32.9308855636
7840589	-49	8.6268445550
7842127	-42	12.6189200119
7843657	-104	-31.8656729439
7845107	-131	-61.3773006385
7846637	-125	-67.1349456052
7848073	-91	-53.8254379061
7849813	-76	-39.5882293010
7851419	-78	-41.4688639816
7852937	-74	-33.1335113766
7854533	-55	-26.6789600526
7856011	-94	-56.1024461352
7857673	-120	-82.7002118350
7859221	-168	-121.0913699360
7860893	-149	-117.1098113524
7862417	-166	-141.8315102233
7863931	-163	-137.9196124769
7865617	-163	-140.4193555904
7867247	-140	-132.7710879018
7868849	-164	-129.5714340934
7870453	-150	-124.2734087177
7871917	-209	-175.1926371777
7873513	-198	-159.7744537107
7875047	-161	-145.9963360907
7876727	-157	-136.5926793177
7878317	-173	-148.9395402840
7879733	-179	-166.5985608358
7881229	-173	-175.8588804662
7882841	-178	-172.2455216598
7884353	-220	-203.3350026101
7886077	-204	-174.4796528777
7887647	-175	-168.7569752433
7889083	-203	-196.5327086098
7890739	-168	-170.9575099887
7892293	-203	-188.6991490864
7893793	-228	-210.5438747726
7895449	-179	-182.1934713082
7897013	-216	-208.3269571657
7898753	-203	-190.0482601163
7900283	-220	-204.0695709520
7902029	-207	-184.9750804051
7903877	-168	-156.8863064291
7905467	-128	-119.9313401922
7906901	-174	-153.6452371736
7908371	-194	-166.7572896037
7909841	-222	-194.4077071788
7911503	-226	-199.4468109072
7913099	-185	-177.8611654753
7914617	-246	-223.5936434454
7916273	-222	-201.5413463665
7917821	-202	-181.7695207213
7919533	-188	-175.9428795083
7921171	-182	-171.0255816036
7922723	-157	-151.5679472466
7924201	-127	-143.6887409072
7925959	-107	-127.0630771045
7927421	-143	-142.4135524126
7929017	-176	-159.9309092684
7930649	-227	-194.7205246367
7932289	-213	-176.4625759430
7933813	-227	-181.9544454201
7935383	-228	-190.0756220791
7937087	-180	-160.0838620658
7938607	-179	-150.4036172911
7940197	-262	-210.0198534350
7941721	-255	-207.2800318106
7943317	-302	-237.1740396954
7944919	-279	-228.4949304343
7946417	-259	-218.0085866379
7947899	-231	-203.1559149471
7949497	-210	-188.2847811160
7951033	-204	-180.9340247565
7952761	-200	-166.2053880489
7954393	-215	-171.4105871841
7956103	-188	-153.8857115015
7957787	-152	-119.1440418091
7959473	-150	-113.3283613537
7960853	-154	-127.2145396378
7962517	-135	-116.1126355041
7964071	-150	-131.1681941559
7965637	-154	-144.6628539622
7967347	-165	-143.5516389410
7969019	-148	-126.2464632168
7970507	-211	-171.6052653427
7972147	-133	-105.1721052108
7973519	-153	-127.3709132160
7975213	-118	-102.5397275911
7976707	-127	-116.3497959023
7978307	-162	-136.0597098975
7979893	-160	-134.2485170220
7981537	-189	-152.8614017989
7983181	-165	-136.9832293025
7984631	-158	-149.5055006830
7986163	-162	-150.2369401371
7987607	-198	-173.9118362479
7989251	-190	-151.5436172813
7991083	-180	-133.4559756182
7992659	-160	-127.3277842768
7994197	-158	-121.2839796414
7995839	-167	-126.5783316308
7997377	-158	-117.0042616090
7998967	-204	-143.4182211726
8000677	-207	-147.3190483508
8002261	-220	-151.6939409198
8003893	-174	-116.5900309005
8005429	-161	-105.1356164721
8007071	-134	-81.0297863153
8008619	-180	-118.8219773157
8010151	-230	-163.8037386133
8011921	-273	-177.2197825345
8013463	-261	-162.1550390037
8015129	-231	-133.1956212232
8016703	-225	-137.5704784542
8018327	-199	-114.8693886357
8020003	-207	-109.1276178514
8021627	-187	-99.9427004877
8023123	-184	-95.1224151830
8024729	-229	-136.4759634722
8026217	-164	-94.3063219792
8027849	-168	-95.0031135593
8029513	-111	-50.3191600961
8031253	-73	-8.0724025508
8032859	-104	-39.2951713922
8034503	-105	-30.1454150484
8036101	-90	-12.0569139514
8037721	-132	-45.3932775890
8039533	-61	10.1596814400
8040853	-134	-42.5641058257
8042471	-145	-50.7909472445
8044039	-150	-61.0260622884
8045509	-139	-52.1040193665
8046991	-147	-58.4503430025
8048717	-129	-39.1790094371
8050409	-106	-10.6653761241
8052103	-126	-11.9813947324
8053477	-176	-51.2775931307
8055149	-139	-28.4686378614
8056493	-186	-70.8059318508
8057977	-169	-56.7526293810
8059517	-180	-67.0384950801
8061191	-172	-53.6288380514
8062721	-189	-71.1921004850
8064271	-215	-88.9263059333
8065793	-203	-91.2821874560
8067467	-165	-68.9562952610
8069107	-131	-40.6054658034
8070709	-138	-47.9676055678
8072219	-106	-27.6062829566
8073847	-64	-6.8153706293
8075537	-95	-28.3005336533
8077189	-111	-37.8354986936
8078827	-86	-33.4754458663
8080459	-62	-15.9745340542
8082127	-50	2.0438205897
8083799	-28	17.5134968095
8086129	-5	30.7358061276
8087917	-4	33.6307452598
8213503	-10	-3.6290944608
8216107	-5	9.1885495068
8217623	-47	-24.3177553328
8219317	-3	-5.3101155982
8227621	-16	0.8202612371
8229103	-24	-9.8413166094
8231413	-7	9.6125623443
8233759	-18	-5.5237643843
8235371	-49	-28.1218527395
8236961	-106	-62.3228374468
8238683	-135	-69.7611177650
8240143	-180	-96.0137020907
8241589	-164	-90.9433238695
8243201	-171	-96.3843666560
8244659	-162	-107.2135125266
8246363	-191	-118.5969836176
8248061	-158	-83.1520643114
8249597	-165	-90.3199783245
8251189	-180	-100.2435795106
8252879	-161	-74.6790678173
8254457	-189	-97.5187011107
8256071	-135	-52.7157411651
8257789	-109	-35.9571197886
8259271	-146	-58.9051662801
8261023	-118	-23.6801600102
8262601	-120	-28.5032852614
8264327	-134	-21.6601712959
8265979	-104	4.1327647377
8267591	-125	4.3174698498
8269139	-132	1.5558800229
8270677	-92	29.9462932213
8272309	-104	21.3197621024
8273921	-103	34.3613668587
8275391	-119	25.4742984272
8277001	-133	19.5505387499
8278649	-105	27.6559144454
8280199	-101	28.7076414791
8281709	-75	36.1499331655
8283287	-65	41.0212370082
8284649	-72	29.4207330305
8286107	-74	20.2823884184
8288011	-31	63.3420208888
8289623	-62	40.3243094904
8291221	-24	64.1483762947
8292913	-47	52.9660222937
8294501	-51	45.3980125853
8296087	-48	36.0511006456
8297659	-67	20.9051116040
8299331	-12	56.5180143551
8301961	-11	39.2790154786
8305567	-36	24.2370310834
8307179	-7	37.2789185059
8308931	-39	20.6016129301
8310527	-70	4.6824234775
8312119	-54	12.8776947159
8313553	-73	-8.3249499085
8315113	-14	35.6826983974
8322403	-20	44.7393083806
8324191	-4	57.3697828749
8328751	-48	15.4167624753
8330401	-72	4.5205955950
8332111	-35	27.0838404814
8335571	-3	61.0534807444
8343059	-5	39.3376853684
8345171	-59	11.0985432148
8346703	-61	-1.1450675308
8348177	-53	-3.0994915790
8349631	-65	-16.7406057912
8351281	-58	-16.9762321614
8352731	-73	-35.2781644809
8354387	-104	-49.7655137279
8356093	-99	-35.8602627911
8357711	-40	-6.8102490325
8359249	-40	-10.8679600616
8360999	-44	-3.9544577943
8362747	-13	28.7371446575
8367817	-37	15.9970040407
8369323	-15	24.8662647253
8371049	-41	9.9627796089
8372641	-36	8.2885473258
8374339	-65	-2.0863300631
8375869	-23	18.9215515729
8378683	-22	15.4408545443
8382841	-10	38.2857120689
8387473	-3	42.4717893805
8389373	-16	35.7535938647
8390939	-90	-11.6643271297
8392511	-86	-2.4494927739
8394109	-45	29.7713333591
8395753	-89	3.0719996052
8397329	-118	-8.4480979840
8399011	-92	24.0899707541
8400617	-77	24.6079717556
8401993	-98	0.6679189183
8403721	-65	22.5300100956
8405479	-54	38.2995754016
8569559	-34	-27.0013388320
8571181	-3	-12.3999662292
8573167	-22	-28.6144406104
8574557	-61	-68.6073720153
8576203	-19	-43.1902585714
8577617	-85	-89.5300513212
8579141	-94	-83.9811251374
8580787	-72	-70.6427261178
8582213	-65	-65.6493300102
8583977	-22	-30.4170508606
8586493	-35	-37.7650178813
8588159	-29	-4.7160706669
8589689	-145	-78.2925978546
8591291	-115	-57.7796981842
8592911	-111	-53.3013000794
8594581	-98	-56.1494193171
8596153	-167	-94.5165824337
8597599	-170	-95.1061346394
8599271	-167	-101.5670969351
8600899	-115	-76.4871914781
8602471	-172	-114.8566762950
8604067	-136	-91.9217218541
8605601	-142	-95.7831941827
8607271	-138	-89.4617851354
8608801	-175	-116.5270012511
8610269	-197	-129.0849782862
8611709	-243	-158.9183872742
8613379	-204	-136.4211546830
8614913	-201	-140.4734821160
8616533	-225	-164.7024084297
8618149	-219	-163.4575203570
8619791	-206	-154.8048690870
8621453	-186	-139.3386684498
8623003	-190	-135.8614853428
8624573	-218	-151.7621105019
8626229	-199	-133.7236199535
8627807	-207	-138.1942872760
8629349	-275	-177.0276846858
8631167	-283	-174.7549776377
8632777	-307	-187.1304941118
8634413	-290	-169.7818756006
8635951	-348	-202.5151341216
8637427	-358	-215.0996377042
8639027	-333	-201.0724947599
8640553	-354	-216.1241680118
8642107	-358	-219.8049573210
8643851	-390	-229.5273527141
8645597	-393	-215.6251271083
8647253	-412	-220.9407496226
8648953	-400	-201.2031950174
8650459	-421	-220.6011193006
8651953	-459	-261.1083818059
8653453	-459	-275.3230357371
8654917	-431	-271.8756455275
8656393	-439	-275.5545496731
8658017	-474	-295.2827198009
8659667	-512	-314.2158621858
8661181	-526	-327.9736254516
8662541	-569	-371.2040071550
8664431	-521	-332.0843084779
8666059	-464	-294.5688155780
8667733	-503	-313.7997145630
8669249	-509	-315.3941723402
8670811	-556	-351.1449805270
8672441	-543	-339.2617327384
8674087	-515	-320.8148913033
8675903	-449	-267.6340332678
8677483	-503	-303.8043609625
8679193	-474	-281.0752617985
8680901	-467	-279.4612857526
8682409	-488	-291.3429081743
8683907	-528	-320.0531717292
8685493	-531	-324.5443314485
8687069	-597	-363.4002885711
8688569	-589	-362.3383312916
8690191	-620	-384.6012719723
8691763	-602	-373.2288697336
8693263	-645	-405.6392831052
8694967	-650	-394.4084357714
8696521	-659	-404.5410085607
8698093	-657	-408.4965867526
8699723	-615	-376.0756454666
8701279	-634	-401.0521989712
8702819	-666	-421.1280235127
8704589	-637	-396.1536419832
8706007	-665	-421.6346988925
8707607	-649	-423.4672400086
8709313	-673	-441.2731845414
8710909	-725	-466.3537005728
8712311	-731	-482.3661371987
8713927	-728	-475.9897605070
8715523	-731	-486.4013067586
8717011	-742	-505.1420447957
8718673	-740	-495.2019227450
8720177	-731	-495.2562169970
8721737	-755	-502.9513722765
8723359	-803	-536.4241559934
8724983	-810	-544.1827703213
8726467	-820	-553.8324447786
8728079	-802	-535.2228068160
8729711	-801	-536.3050758748
8731309	-809	-540.0228037131
8732749	-835	-557.8387137383
8734373	-802	-531.4594227885
8736139	-750	-484.4698767515
8737717	-730	-471.7265659032
8739389	-710	-453.1694689046
8740871	-686	-442.5459401483
8742497	-698	-448.7623998705
8744033	-709	-455.6028112740
8745767	-700	-451.0705648999
8747561	-602	-375.0230359634
8749001	-631	-392.7396637469
8750657	-651	-405.4282156316
8752201	-667	-419.3488817172
8753879	-677	-423.7290982331
8755613	-636	-395.6651867025
8757053	-674	-421.9243678300
8758637	-712	-450.1146654294
8760131	-661	-420.5896273524
8761633	-698	-452.7591085511
8763241	-709	-463.4981009942
8764751	-684	-457.7060287119
8766337	-665	-447.8418962373
8767921	-652	-442.6346374257
8769443	-664	-452.3226940358
8771033	-698	-476.7584064928
8772727	-685	-452.6444453661
8774113	-725	-483.9242655328
8775743	-690	-452.9495127082
8777497	-679	-435.5232993000
8779201	-650	-407.6832164199
8780851	-668	-431.4143542777
8782307	-710	-462.6129412627
8783659	-735	-488.1442512834
8785093	-740	-503.4080567591
8786839	-755	-510.3873858624
8788267	-797	-550.3620693687
8789983	-812	-558.7400503259
8791751	-833	-568.3792300214
8793349	-828	-575.3345747771
8795029	-845	-572.8918771049
8796587	-873	-607.7208374792
8798201	-890	-610.2580440593
8799887	-908	-616.4696887041
8801519	-918	-622.4750215461
8803111	-932	-618.3124802676
8804513	-962	-643.8505718807
8806261	-917	-614.4671308104
8807969	-891	-594.7446282013
8809571	-850	-567.3936283934
8811167	-837	-563.0263976505
8812949	-812	-529.9895238223
8814413	-815	-538.6334680153
8815951	-858	-568.0831689562
8817493	-837	-571.3224850706
8819273	-798	-529.8257151219
8820923	-763	-507.0018559802
8822621	-738	-489.9223307577
8824259	-714	-475.0642857159
8825653	-718	-504.2839981036
8827003	-734	-528.9741863652
8828629	-712	-507.3999862643
8830369	-713	-487.2063974802
8831969	-711	-492.3690850865
8833571	-666	-455.5903696298
8835329	-664	-451.1192243639
8836981	-653	-441.2748307562
8838539	-664	-435.3184376838
8840173	-660	-430.5560495774
8841817	-697	-446.3611189585
8843557	-677	-435.5899530928
8845099	-647	-417.1109793759
8846731	-617	-403.0304217103
8848127	-651	-438.6739056651
8849767	-670	-452.5595049879
8851471	-668	-453.3979749070
8852989	-665	-454.1741990817
8854487	-639	-441.7821831610
8856121	-559	-394.3513109280
8857879	-479	-338.9732969669
8859691	-447	-310.2208837912
8861213	-504	-348.4897329740
8862691	-510	-353.3364117106
8864417	-516	-349.4746783524
8866111	-482	-317.3630448563
8867797	-490	-324.6382534884
8869423	-470	-302.5628934471
8871041	-452	-296.3712989057
8872559	-476	-321.0332707036
8873989	-523	-355.8934036393
8875591	-518	-353.0391109725
8877257	-492	-339.6070588594
8878687	-518	-363.6414776091
8880413	-515	-359.1601813534
8882051	-474	-323.9468494495
8883617	-477	-327.9445971249
8885411	-438	-289.3961775511
8886841	-462	-321.5682943419
8888359	-469	-332.0529719788
8890117	-445	-309.7379138446
8891843	-423	-287.2779613812
8893319	-412	-279.3901222523
8894783	-452	-314.7631204888
8896403	-428	-304.1289654522
8898031	-476	-335.1641163484
8899531	-473	-329.8668867759
8901323	-501	-333.3456562830
8902987	-446	-297.1608380838
8904799	-445	-291.6589164215
8906413	-418	-275.3645906374
8907929	-386	-253.7527262726
8909437	-373	-249.6912433764
8910971	-380	-256.8900305579
8912537	-358	-247.6878115056
8914051	-359	-251.7267599403
8915671	-403	-278.8484649301
8917229	-430	-295.7926829586
8918911	-368	-251.5855004563
8920337	-382	-259.3146412020
8922097	-436	-294.3575595170
8923571	-453	-305.7508454464
8925043	-476	-333.7445490923
8926453	-509	-370.9908212753
8928121	-566	-397.3072595898
8929673	-579	-404.4052768078
8931359	-565	-396.3887323693
8933137	-555	-381.2518318109
8934553	-560	-391.1503632051
8936141	-571	-398.4312525490
8937701	-564	-398.8543946220
8939257	-554	-397.4552846289
8940839	-520	-382.8961295298
8942447	-513	-362.0369749521
8944153	-530	-368.9984487050
8945813	-501	-338.2390449983
8947417	-497	-337.4154880751
8948897	-518	-362.7689278221
8950673	-499	-346.0469279241
8952101	-534	-387.8778309963
8953697	-551	-399.7588246490
8955293	-486	-356.0503495807
8956891	-466	-342.3432001751
8958739	-410	-296.9320812387
8960359	-428	-305.1701694040
8961989	-458	-311.1350484014
8963797	-396	-262.3239085748
8965213	-483	-313.1203512381
8966813	-487	-316.5976447998
8968397	-474	-316.4324313834
8970217	-427	-265.1940372080
8971709	-446	-283.9020000033
8973389	-429	-269.9040070420
8975063	-405	-246.8106163393
8976529	-444	-272.8622051401
8978239	-432	-262.4328458753
8979827	-400	-238.5760343888
8981411	-400	-230.7491076781
8982913	-420	-247.0713294968
8984489	-430	-268.4495276755
8986057	-434	-277.9002991526
8987501	-457	-308.5318297724
8989061	-462	-322.8614428867
8990693	-421	-297.4715014027
8992343	-449	-309.0897297238
8993839	-395	-289.7375567365
8995387	-375	-273.9588253446
8996891	-355	-271.8338462166
8998553	-336	-256.8088810489
9000127	-333	-266.7112371753
9001961	-299	-221.7348442067
9003773	-287	-204.7400016408
9005329	-299	-203.2750000434
9007157	-306	-194.4713702215
9008707	-347	-225.5418233483
9010439	-280	-179.6741819983
9012049	-272	-169.4009352099
9013687	-265	-159.7929326587
9015257	-289	-179.4690949655
9017093	-212	-118.5827722794
9018661	-243	-136.2743217773
9020107	-307	-178.0341935776
9021641	-333	-188.2436619477
9023237	-302	-168.6492639777
9024959	-310	-172.2430124940
9026561	-314	-175.6720360625
9028387	-268	-123.9629448801
9029899	-255	-114.0744633371
9031489	-320	-150.6809757105
9033133	-247	-102.5830556085
9034621	-266	-120.2060682462
9036329	-195	-65.3383090873
9037871	-187	-62.7434964536
9039559	-160	-37.6907924492
9041027	-184	-55.7590745833
9042797	-190	-45.2588655849
9044339	-193	-66.2668905323
9045823	-223	-87.2446527188
9047279	-239	-94.5479050432
9049003	-269	-97.0844111819
9050663	-290	-117.1491019725
9052507	-248	-76.3012833457
9054091	-224	-53.3786719688
9055729	-217	-41.1030304557
9057397	-276	-70.3720260537
9059087	-233	-33.6538083961
9060593	-253	-43.1435994900
9062113	-252	-50.9416451328
9063751	-247	-51.8098666960
9065317	-309	-89.3839374762
9067021	-286	-65.1625574452
9068533	-303	-84.1336914625
9070067	-340	-107.2848661275
9071633	-370	-131.8461968968
9073313	-389	-139.0879277347
9074881	-393	-140.4669725793
9076709	-384	-112.7563495706
9078149	-366	-94.8866504654
9079859	-289	-39.9955512334
9081491	-273	-29.6808907535
9082901	-269	-33.9409055195
9084419	-283	-49.5562686381
9086117	-307	-68.4402054532
9087511	-349	-111.2226208201
9089077	-362	-117.3203814204
9090649	-347	-104.0612115950
9092219	-321	-91.9474616348
9093991	-309	-75.2427425095
9095491	-361	-100.3319924459
9097141	-406	-121.4747007443
9098941	-403	-92.4508058313
9100417	-438	-133.8129746951
9101881	-430	-129.5964172912
9103379	-448	-155.1640057666
9104897	-430	-152.1101129472
9106607	-444	-164.6344141921
9108269	-437	-163.7832364854
9109967	-426	-146.6582039667
9111563	-424	-141.9064892616
9113383	-396	-113.1812116534
9114991	-415	-140.7480964833
9116819	-372	-94.1645826903
9118253	-421	-129.8672250701
9119861	-414	-131.6835646535
9121379	-404	-127.2811535855
9123161	-334	-73.9674097973
9124967	-341	-62.9989599966
9126389	-372	-97.6993505734
9127957	-318	-68.4425732917
9129641	-278	-48.6704157083
9131333	-221	-17.3834562935
9132853	-213	-22.1913645554
9134407	-260	-57.4879357388
9136027	-272	-61.0655126624
9137533	-269	-75.2875661489
9139069	-318	-111.0851161550
9140477	-366	-150.5353879106
9142037	-345	-134.7859026108
9143723	-349	-129.1036764679
9145139	-392	-163.6470723244
9146723	-396	-172.8424207668
9148523	-399	-171.5584801104
9150161	-386	-153.4485949930
9151721	-395	-161.1019500747
9153227	-422	-173.8655653521
9155023	-396	-147.3995024708
9156661	-355	-115.8892573019
9158381	-322	-90.5203492953
9160007	-292	-58.0313027373
9161543	-240	-33.8355907856
9163279	-229	-20.2235035928
9164923	-265	-56.2712622846
9166321	-303	-87.2995036418
9167959	-298	-86.2042417645
9169493	-253	-58.0244942500
9171229	-222	-30.1524334529
9172811	-249	-47.4236818552
9174457	-225	-28.8405858569
9176023	-210	-23.0722922341
9177499	-254	-43.6292698885
9179021	-280	-71.3119765092
9180503	-315	-97.9497883813
9182137	-338	-119.1760491116
9183841	-325	-115.3286009451
9185447	-327	-119.7741313917
9187007	-316	-128.4630219066
9188629	-343	-158.7025205286
9190079	-333	-157.5510305046
9191783	-330	-147.3564997795
9193381	-355	-165.0664389678
9195049	-352	-161.2667853479
9196457	-417	-216.1631537981
9198107	-376	-190.4079092741
9199661	-375	-179.4280043673
9201217	-359	-170.9949704391
9202937	-396	-191.6018865802
9204731	-354	-153.1386431157
9206399	-353	-148.2053727380
9207833	-349	-146.6959007075
9209491	-337	-142.9130545980
9211051	-327	-140.3253336230
9212573	-383	-182.5762229554
9214067	-382	-183.7861335612
9215777	-364	-169.9298380585
9217387	-349	-155.8169059500
9218983	-354	-176.0224703536
9220439	-431	-238.7793876321
9221987	-428	-245.5658611312
9223559	-397	-234.2921983123
9225119	-376	-215.4469630705
9226709	-371	-210.0289723302
9228283	-398	-236.7888226336
9229769	-422	-258.5129017018
9231329	-443	-275.3710198950
9232961	-436	-263.0359997815
9234601	-457	-271.5024417916
9236197	-432	-247.5252172373
9237871	-368	-214.3879232157
9239327	-390	-236.8513465833
9241021	-410	-257.8920444766
9242587	-374	-238.7164591723
9244111	-401	-257.6994621939
9246007	-398	-233.8771694203
9247603	-394	-232.4884477677
9249167	-383	-223.2987709877
9250607	-384	-241.0712323693
9252149	-430	-266.9332749622
9253649	-398	-245.8708032088
9255427	-373	-219.2434833656
9256987	-394	-234.5752653183
9258349	-417	-263.3300417879
9260057	-422	-249.9443826066
9261751	-400	-232.2071571532
9263491	-353	-203.5548869618
9265079	-332	-190.9330830400
9266771	-304	-176.7226242411
9268387	-275	-155.2683669495
9269867	-327	-197.0567078543
9271459	-322	-194.5728860819
9273067	-358	-216.5625988675
9274663	-320	-198.2822881717
9276301	-259	-159.3519940131
9277921	-274	-167.8771239380
9279527	-245	-152.9068599994
9280939	-245	-170.2833623827
9282613	-238	-162.0542161273
9284279	-301	-202.4142810683
9285841	-313	-210.3755869344
9287521	-288	-195.6543021336
9289321	-243	-153.0223716838
9290903	-276	-172.4072372812
9292627	-236	-139.6624505261
9294073	-258	-157.0189415886
9295669	-242	-156.2711241372
9297227	-265	-170.3302105023
9298769	-259	-172.4467492343
9300359	-303	-203.1148541990
9301841	-330	-229.9224708087
9303341	-393	-271.8094796992
9305059	-423	-282.2945384201
9306749	-426	-279.3699250531
9308479	-406	-259.0382033620
9309961	-406	-264.3187957086
9311569	-441	-292.7243871042
9313013	-491	-343.1646740063
9314699	-494	-345.6500740852
9316147	-514	-349.2563084755
9317909	-493	-331.3681187663
9319627	-489	-313.7639797225
9321379	-479	-292.5004921259
9323063	-426	-262.2592613752
9324559	-415	-259.4902034495
9326089	-486	-310.2926517057
9327749	-444	-279.8751416407
9329317	-417	-269.4272893378
9331099	-397	-248.8208539805
9332683	-388	-229.1195249834
9334147	-408	-245.6960949600
9335869	-406	-225.9490395713
9337439	-381	-230.7695928770
9338803	-398	-248.6853670493
9340637	-380	-233.0961456280
9342313	-361	-218.1754156953
9343909	-362	-222.3448484948
9345451	-388	-241.8413086459
9346853	-403	-268.0677332445
9348413	-389	-273.9425847711
9349973	-423	-307.0826852613
9351521	-401	-291.7167025835
9353221	-359	-261.6040147020
9354823	-356	-260.3984668665
9356419	-364	-254.8540348110
9357967	-395	-288.6315290784
9359453	-369	-288.3767860969
9361151	-378	-290.8812622186
9362791	-401	-306.3894173091
9364339	-331	-264.7354775035
9365821	-351	-279.1033255901
9367559	-353	-281.0420172585
9369229	-338	-270.9770085012
9370643	-354	-297.7468569992
9372329	-331	-286.8760596604
9374033	-318	-276.1478062259
9375571	-302	-270.2954114129
9377359	-232	-213.9172332853
9379001	-237	-222.1589053070
9380611	-237	-207.9612967080
9382313	-193	-175.8902677481
9383861	-211	-193.9851089049
9385421	-237	-214.1614473770
9386999	-245	-227.5042463998
9388541	-267	-245.7797268138
9390127	-255	-252.1594076627
9391717	-230	-225.3652010034
9393431	-171	-177.5865974508
9395131	-135	-149.2476081168
9396791	-166	-172.4126156749
9398351	-172	-176.2425054851
9399959	-214	-200.2114179654
9401489	-220	-219.9167706606
9403189	-184	-185.9924935452
9404891	-133	-158.7597289092
9406297	-139	-162.3196396837
9407929	-142	-156.5175278015
9409711	-109	-127.6122712351
9411313	-150	-151.7056564388
9412873	-146	-154.8817903089
9414389	-151	-162.4826172143
9416201	-117	-127.1484414229
9417671	-104	-124.9774269422
9419353	-48	-92.4986936858
9420893	-64	-94.4623708503
9422533	-42	-74.6727727178
9424169	-45	-83.8137989985
9425851	-35	-69.0414990383
9427501	-83	-101.9768170155
9429131	-60	-78.4207280972
9430769	-44	-67.1140523922
9432457	-27	-43.2007105784
9435721	-10	-28.4421014831
9437231	-28	-32.5347512274
9438971	-70	-64.8487353837
9440407	-66	-65.0172302805
9442091	-58	-64.9409870093
9443549	-104	-99.5791664577
9445307	-71	-66.9061045144
9446897	-99	-79.8204738482
9448489	-155	-108.2525127700
9449927	-146	-113.5623914225
9451487	-115	-96.3190049193
9453319	-111	-78.7767548354
9454871	-122	-80.1726325350
9456757	-46	-27.0938086364
9458311	-37	-16.5159063216
9459953	-35	-11.2176142084
9461471	-63	-36.6474503042
9463073	-16	-14.4119343522
9464737	-35	-25.0853072791
9480197	-6	-35.3418793381
9505957	-58	-82.7934434435
9507683	-66	-73.8539714516
9509173	-51	-75.8018489752
9510763	-46	-68.8183601297
9513953	-19	-49.5222998594
9515551	-7	-46.3223235898
9545171	-15	-27.1040179237
9546737	-19	-39.7763351491
9548249	-65	-77.9925185961
9549983	-16	-43.8540870696
9584513	-6	-111.6339423370
9585881	-48	-148.3132156621
9587407	-92	-177.1143554734
9589133	-47	-139.3134095148
9591343	-9	-113.7546346578
9593281	-30	-121.3098969499
