p	M(p)	sign(B)	B_numer	B_denom
13	-3	1	271	385
19	-3	1	2905619	680680
31	-4	1	137539965449	2218180536
43	-3	1	20154549620193743	179852372528400
47	-3	1	27948103481545055047	204773655626139600
53	-3	1	722026211884737884081	4256929264074171300
71	-3	1	20618149535169975398105147065	52227614001025774894457952
73	-4	1	14263300897884945358298880894271	19527929054434463633859538650
79	-4	1	37501059372004295716025075878673	53166949033984740149995200800
83	-4	1	1029474090143033350110168589641869621	1186604606882706691888638011181600
107	-3	1	641147636818102348499487124062490573158318863	436752948724226555565623372754347989101600
109	-4	1	252424323717359136294333971390323816938890467339	119764218821099972675714564715870010258408600
113	-5	1	51514259226365244363222807745207279957854001897552	18882112285205208192033640926364577153062313025
131	-3	1	1163674573714403078576285950278970209728763173958561299	523197966213820487634990826868495620055068800628800
139	-4	1	346010783408901153919660473216843845836153839483650349086303	102156803309944819102966362733200735391707224267867304000
173	-3	1	1818793793254290748139607966868927304501817768284156253842001581632950212179	363147627072996803673043051774325026296162137342708662175822027142618000
179	-3	1	3323604311832380952821260840991146767066779376588818232324394576873501204777	656290360837175395693596662532451593226152478516224655432964484643531200
181	-4	1	69611696682903174763337437721669877027734416800749922065672036661147807237559	9813505436945472487706835919324352974946116184778109448782207422112519920
191	-5	1	168216366303544676579847672319292304893254897192380897381678713122071670281656993	25069658991304935592279995854313514129359125635773543315162916434271848148800
193	-6	1	7280846894682444754273703063268846587792517542895886955382422218886066741621169868	823343645000892980192601422652534610667251972458423324070180437954095432488875
197	-7	1	704833807839192939291231608284920392188636530574833768770205303087367089306696401687627	65845177306998761152597995961401083833727788192195809064913104431805123604531526000
199	-8	1	61890083346419157073048435175177728759513989408223619436394293788761338342844631039411	4737308495726190452065599399383278736428847332720424275245397692700589053453128000
271	-3	1	479635801632777566825967331754231236726019581637848604771465705159479978540420958194321448247046364063597428366867	33009120895616817587220332348598516769341112074048008983874207771390183374160737093392262284325796442571209600
277	-4	1	5071720497089302252145203087174251489483925275898068942892446924674381361413756317895175702542761397868770235042040619	262506998751017480958654646593440930710373845025537865730508677433395396984404580826695620117427344173621506916000
281	-4	1	8073329971408775027639686583577739347451171443657338569353044398018785412535124757316160600161153242037379041390884477829	371708229546387773962119573555709168172613474967519686077089207769399436610606925323711558876514172406485966582188550
283	-6	1	9066289710532482798303876508459022075609404481903543681042536305280360141305943950123150704912034142850064974207552082821	344610028165420441923115536529186725642671570936509238379933507417625530743310784987521793828890073234108423835472000
293	-8	1	178585737132473403059437416343557541255727780707762714767642540056401005139905222534534635662220560741655074670086068438060629	6033571644194889015425180625718531499364972491078113296829601515455027101535894990955105507547103833618730693522272704800
311	-3	1	12532435616864123916478184041440606142827590922388225004232985208085631318569381635293237720621530394695935962085704152169621831730473	653230071336933066883283812872045082249525296429586578864917570512611509936597026031074639463326046556303696701546519285949974400
313	-4	1	8540344531026063000667063715657184916570636965696127622065959401202023475672398214515431993341734998375721712872689528662041619693843773	344830977334580982386072794919704663670772714607349642735448026428680008359038473619910810045009325599388730683605782171300202765500
317	-4	1	11335251741413721786241912344089225929374094968876065493894359857728639546213458565558949485974600529535004176298587182655175643316698889901	426263467374504309061953479249097197916873167312599198873074841378723732864686850377544431212094059502960833970103876755955602547692000
379	-3	1	234919986502690042159761806391639986615791057866593035608064029243761795641133496502774034500876682259819145899287051212063759053386825085441967238953511269171880843	7041596597662839176271883346534665478262506575088791622612071219007135398881660535094267687877459622755742105566528107688033284163617365352916710937151291536000
389	-3	1	290662580313962907157537814175094520617060222435090972250197542544459768110500879371960131838855965812340898668165631330424872245521633036631977723137002785485855993183	7358078565897842556978130060928504033334536439791438123946279254970753554988684772636595076102692936659151777660448112579223217363703757385815838230521655889156000
431	-3	1	139140467696122779732894441512258170590597730853895839423406196358737470511885855168554119421938973017691308347258461965177875843015176258157606182007995237854274808180894762391050992103	4014545431690677679399621002004692012390446612665325442592979524320859069951703332584624032308823216098180595030534776677136066414972650669850544365484148954077646810956543574057600
433	-4	1	4723663263611902123971066791059699145583728976181541206335167068943557757501460463607802046294356578129150256105307459718580925063700091160637265289801937833442893476943303129088947277	104760254017869876757672648055432995778183499865569630907530877608022552749919626169785242056945881578280702227658518372304117552701022988848816316805101790695009107680366346278850
439	-7	1	1555413449747445591059212498359180713369534327336456732904874063935850454717005409301544600426635319883803247903152427303608827308079678326467656505815723151549944552377145717981781805514629	27241569440412313245553530543764781337238897076275971835904171794347422911465127206653502878071612673337817147822163148990476963698750179601098664018390984441944702582825258203211664000
443	-9	1	69525948395209532778035056028823709699644006423381223893326796725039868754168953146251418205416885480315050023002982172296266915274510193649768366891359259579135329292516886988309824931390406539	959916606032692745823537196292557815592860946192896402128184169316329422971152363695768452652738986589217454077422703945133796864813958472304829679858653115175897998788450927882863256464000
449	-7	1	195935602320102792409880210942317561153412585387062644347464610279749498291722327041332846805731181042431504332012488767163784479350894718606298110730362657055196879879579996920375746238816059	2965505364628311449290546065884669478896593049575897794172674376136506478924010138232267651784360730922942899658331593102756011192959816011008799957590034072382605712509343810728244461125
457	-6	1	132594025826600518145923592005483052406672173894605209706667905997048162954195094914206952048134355250196080696593644816010076590558717333874891495385120694848026833385810653625501355334803418059	2116464474642618610977112128491808653837932541567971334708974195270983112109945036926147102577099777281812551839559264193186642829390286393066641514032317548135298212768361441820994342019000
461	-6	1	200465956507095429953228044977110318422979930593429935332505101494169823912126471936076883873658483929736041737085345198519847325979117877497482135799813194669589231380675462715166817528595977436827	2867586637635590072017323057316719255859225788221814038778482030978271008339001739064921301662933930396540622466824763690754839183008649430730535345608121904767171041663576619575764664069794400
463	-6	1	32549349343295976905142441429194167720631335886085839753666863826493100109975792058708172589303445048579972120255163448724394655885031975609561912622551755877384924903410613036331114816007699244021917	411273226118358975937340186192018888279885051316834103676229331223046181610029965897130726926989476193516519797895734131182272878374446673167867066579979024303931303375308017225093682419913232000
467	-7	1	3263553973723004259231032790021189785409375728096965400640135670318239131912225417863234523143589144015132200167065190229943000042150353391748308527693088875980632038850439538409810594396831109579671712559	36423049374803919615209622357329314415389695454992962133412118654822827617588304563369044835308952591677875771450448708559872830057146784089555935104468520959932593417352762421906041140122872265641600
479	-6	1	6148902188113349017123602890019548464755479100701861971848629330867285752017729596231904251387772129349967195542603902213412016201281179912979893406722435522336663538734972795908960524927752702738012191791	78863069307399815888525649801566105777751510517826830131450461374018125515555239361171647065924421462695744177104200335173909309220487595992460707546941829371573576398522349432087536184810136273104000
487	-5	1	540303705825549099037834920556948175641362618001107349271599098322863187911260537542675526998609321797602941245041061445017572170719907809284873535077450622795889049780229336809346490626357373672487218211919991	7300502007462074744806545902057544863639376898177721999214617334442717638045661688253390866383518708452095636067231899910667633580118911696804203791705755008932088727054150330245165901550956078518212432000
491	-5	1	3650710612879775883850582589445604495212264026728922361273512999592046159520758588122654835126615793671022964875177771964281131499038093293138020335141947886864723021408483484545795319872609345364655304843963470989	46927198271666249298556106940974192022127132734930679826017854375423678839775624936885354296305718629045147501580843395996169258277029644689573182605389444382286213495873949868777698520028701079689423388649600
499	-6	1	4986489623539640240723367275957791018916056679731566410016489574163274712521370516360484843583253675320165985441706299223166085706465794869348937619827634509998269177375237961574484452809531187688694247049447297298733	58944895670017019254463846986376205285882076000425959586924201845133083372209248532669966293946388347191018669184480507773228395194906549721380464272850764462307277656481958548626483666722155624864344919669756800
503	-5	1	556226498755014751889321876782800650761746277830044039596100103583727714830856796200461862560106169942516235575672156342229456426861215425235214421255830553882111575869841026143585191591412541337753763359477934742313	6777123793720293709623103472245971026297979651431829843934963276318534673606370090700273691468089549912544604109774507011667867647779660395716032545135852855588600390962548238483493110913169913176693890816944000
509	-6	1	334735135495974751283189820903119153176130210911396929402727026983981263247167301615733126248209766325908695655351522626408593045724416941384028818747323206158903334260972355515610159892891523646419218929617584038198823507	3750970339373467469119623494747312955949968077015866545646922609360773414946809785230810126534618939070387039215057323969976610307163237024006159142053442956090845644905026339235240407313842957115271096390970476108000
523	-3	1	28689375592249118323192924697227706099152317360322468172620019269719460750608334741189330036032195687514214451679666727691301363408436904559038799077730309464986136647493928268725002711236122229830414776063116100513887980039	364236826020301706735813157422354093854199077624343496221165783858329964408011378992250380516467267758502249266694513758739199413158844126484091191917396091344004811401181961127946153690874401016959835658601977796166400
617	-3	1	371420525257460045996423757872434616515688510826213546536673971576495242106601088388341798645110495706851832764920226257929083108253320349935776243282354895658256783534984090714117684336175194830286519459643986274407347093227875249733258787120220539523524844552169487	3316097127227286046409622543896434011899472751853422499449701426381308637086448288816495430776147759930085694009423331677411359089102709815415072311313065367406516935639916709658778570152229374737945152882283481162061216197409896160601991520330421002742424030200
619	-5	1	117366717152653162281162943107057705588199688075684552126665909517870802753371269943458387996722129162750015737941990685400635866038980448720726852386459338797864748228755428818067206840300978768460361290928722959697229107369314167775760403211751344278489118031962137643	845977674349917625373797091360579002698750555358699553971082674691902400019469640962669673696431904100206900084367427699492233537288180834208420140912156841639363100403954545435840251324874683965748726455608460339502674235941394546313435536167341857795059820404480
631	-3	1	1605124763982181163167695286567659055208294922755575127045154466884961888668805142978598086062101374870984315591720386216968215013051118367500932061274497840495214534571057629566245000018502986469572474186312272854869430082674146662667402394138698434889650693983864734099557	13439451474300921438776706267577184919035939989536031759767687231810204647352489841907873019733407535643743686547927098298137790773309604347166007373123683659236097971541926068111179461059809441595741250655372576212376744500228112646836970800520236252684292932606752000
643	-4	1	2740258642698484049205113071256295209375023020338398546270842459464990548711040200492815492979767515367707598712213974644587448141740029233866323107617599442537946681956610545858432888340262531704372385380431705323545749850883216257831017553434007725215015110141859642315633839239	20852120410652324127964733237723662021804627324585337113934628669374542359299642963968676020699344709653664695562783088794811892972811350929702768470254386730507221986961442412750986285549162840868559756298333766991062869604718962405233870706208454082649108700128208097440000
647	-7	1	81909070668078327985442831561697086508722349952020088182317166303330640876109743579878390904028652510650586788615597128257801506176533150315926570926781133633919745288381580330001337504298394619153277384186608097704212548759085768462497293422214326345023549331135368592390062137461	459479044424028147430800131788820007717149620334833707305161648472820931630887606137720362624149337686201062683702905719709144779039946756265980625660928385217986776958983943452443879822376839739916017869034374346990108836876567524002080347536409047509450622721529041948960000
653	-8	1	25298432869225292964264776878401695792500344274405394159253650817922293606121054805820342462892017068144612495080674581842321591472580519377364079280558330934719004766209160996871995564633527906932605658991834631325177073871396726188213136181282342702222249968848717451926028443437	130231030336327139490277741802426008999346970205794294053889332193524091347818525151249374967075533537471282367627711984190318256597526041151887898218787233045736722419622603723920748355872596917286757042515311948125360322373299788188297571854619463326046246288353170706680000
659	-10	1	1420461702498496382454746766663028710942870817915486752220473082038421871890418989254686542214857136864338152301565431899294864336711408587417403770749189398863348721691124871424378010989761382024346301651586543003954374881893127911319428776364873252488816980800359938364638202352471038901	6755196228235022174447995701452735998911678681814297934223412211894215811890536705405177738408682025330249822884289942271001785237174550314936444248131901195880922118632744805886698170881864270566397503959622600556789958394653992877267057961423040073831967200192338453924713361120000
661	-11	1	10729211040217207041591007733833233997785188162101314763102075166144516180245260750420709064883249222948981134664341004335473114320592801510965835005299324880371137115912740719367373075394612179483005579715994636552925635564059460481036582407967241373634081783522347601053052765348802558599	45912252333538037387593868214033515506584324974383691204291919281285166908833829267573730114173189924572940261735604597922199625675769637251776972221997668657684595782535549658592505239093036813974019098150148452956682999043991437295083012654360211330645223844542353997926991490212800
673	-11	1	1753727666573993371344543973824215066834404882109993892132145368756281223592197700076032273258582114845802071878390497951868746586899528285187893528456856626186704928224984302251218465481551694356809952370852048655141843678959795331262651081505349629847353331870304223026764445767527297496591	7635830715861226200080968779769444919077221242249472128695884187068170281131524802444574361232051879026947888258224894240027993177662094539746687741164663061183363975036016741435163003383643558775356269731860607523025950037399822119986677313608767510859825573129382431260164925096842500
677	-11	1	153695620996569168663170890851554125540725259749485397813889936898904956941077858221898724692333224380538916357908693271583526811163574354007418783432483735667627201308190377734247454122671460139117390062991428158573370184750295931061426106054948409874258322006340114186445594010920221939781761	635429176686759401239413720775042416001458465848011199672201972170968326105082496072889524434789020713836433766939691945804513740478660827178787567721998131123186110680473715325905728624314291087018331628424093153898525939109525228409365902521129279542846561291133814183230736062759640000
683	-12	1	2943816134323790584410351339381024671325170613806525115697062000794567073310353020609506151836339183644386254953400850975373151444536996473184877987509860704235500840499906770563774957115135304843038017713714201272672680836300209299746728398333649603470550308407777900762602285075902795922064221793639	11641598163199663791889065440706883300127846517323614862790541226363648500190200941467832111808319695177138110922825403802942813130506685333422995856045060963956205389583836598290879934478096218554649576176023385882720920245771689607468254093856916857687304282412915343863633413237330541410080000
691	-9	1	4556999917235613623551064596789885055172404563939664148892715963648399285094702901587352854964576095055562457838417660164530462931271669161335842442146776110049650119296075501000607855361459107820775053178551185057544620958994118143800323829588353921372413395808756439815324346293842152895745702879167	20736209988173999434991694454032008269279766260748895815750873184534226810751392832937038754437635898939551049277341631462787579874837662301328561078815057425630317034532096633029259373482865233375653322933152649170152961554058841533005841330897919826438348279506062654061961782289120837337248000
701	-5	1	449194599360324096014283617826712981828993687417343490841854922517168151312135043078502576033680897111211792519199191813995935150873185207153426137452920441723011240675892824254094157478238697776863526689074319522630710553583374881923007566198599101350610999375835280685198640754497019066299431556987913559	2676502753813643836600766078229765816719322862371624734029224639230638604583000962258059441592166742340565898909638334671635002706450384838770370369525114025826585491086455440027075570402012374458161690308465632682557364553155237146902702198865851767531441206338841883759033460963801243720640024011200
709	-4	1	292656472354947120189362769989157239231526929232616558263871723205420233828660996308203887934750563788438642034013566646229508508826619041253655722476987769246267146598428545890702296518986210798805872981206700892513775107030532470536958401679695327197843873351419699615466999304802268347715395477085295818223	1855028109175642698615813438682692212237530690064627481621667415918749100662257870310776508459429689924457184456157529411541378288213564746305961497635555723832069915926728367826675116378908858964152459653056618583800704500329484276815192046586826924191635875636256655876493953806408573861183700257480000
719	-3	1	114343787587719929866439302381184285785133826634625552090493232276531429149798747521692481530908554501778513133793805819809521590889578026345462297196934539572677373396089503311588917369946277990680750772353361391252898707108285721383416142631099427738785521383873036713927857633026913228331805569688903781	835008655651959912715951024461845781473665669743971541367555675109273350206995874899860139944558270046339527708617723993820179229064519735697959146639153899386384475815493732944086976019188111476736247225573822255608933253997221813703085618535387199683195233665045148283787132081628802141799731974400
733	-3	1	93049850270456304717996055714109992468581918746899146287782409193300281402893610839369910855877668627847847953692584588301668865879258909020726206712580459599644681810562639667004264447774301055887068230791676623797675074140935171958091939047041526613308090100495884303714964500087545191816430896895090910130622393889	664939615446997313700018000644401725772797040571637478967979109129239704488773245212919930575846701624806139600767427043458071080224980619396785627152936458927821374847672967176949036528492913729831816882389829117864949484903118645495914625544833579255197469051739482517487790781697421673813573718217339670040000
743	-5	1	254690028693518722318346719572472970161130587841676485434135476681422512809307063956043588975294234273408794155154451477901917422989054161400216206212727826742904172729168944531395629967725212568083325153066247218625923498551988842441139529983026098466405753730278951299878676741063878465966806215772030214314709172838596229	1279205439554575057633783415046275946036551946134908440952757997594196443073876993882016449683088502894276852666617209598941865293343647416615246051919528114523031111258226457278131424386557505898467079189040648312156541754204840198713448728838985504743458155009863416807426034500802804475914541878457991447164733088000
751	-3	1	5322676010803043614979264149962600585309604046711936787270430824017374068839191517288630733956009681750288891554248314168800901246336341412786574470563557704867941465065872218790566797545632159500734955847219631443849235161151592098549536683306839058428971670703672578513537653273458651283345631532911797306799344979381009141	30729134381659022079470614353616653886955438222912933897512034885475645500883957733730673673594108504428418062580482237697352679190070278111742258819152390706110422214524086939266994468534007509667115100627156586421863808642424994797033401520754062861790716409841732499626789428169916815877932131801532088573882367747840
757	-3	1	127291664730685600063806060223077968562428991370016946088049980810729235920702599590144106936509055692812421322388243197724809883286305529400319380546813555618321534286046917857034218231154685214055868179716251774118729282631380204953679976475961185324040982048738912275467397351584344069292166647667395972630289228990054217	729799008412923799729758788248826373254541746708039997383371538852035406482312502396965724539345744439488349814585675216430721051590651049303076785809005411393748873103173748627719614891677053154851229670460315774056068394885004660841527369773705546041555976945608666537878532677688955521525873397224416613774605320000
761	-4	1	34643159960359246969586081412593938596331275515660733627219667178648840827311014108728039766166466437601936991161659322913039216864116521444617669841201113069198174585595734808109830299658526533822992486639168980702426132318799760212460796635278882871850943961705209068617494804612913525473228266457578221735400674071048097773669683	164856191446555221636268969046837546475162855075395673517151508166867396869200361783151337603878912873744506175659538999126921787233428478036570017630251634376436091099461601520437382852882280434825865038468739626848539236662921667173897496119385947307852326472667377930466389277245745451339244308520332315238534410931755040500
769	-3	1	20270468098525094034103577142962221965973900495196219147558046612046889151326758001883002608320958205363611718016626837339984808305146712153715352737949729449152351639356260417784244167563617535100302686468137089599498758775818158024448226415426909368745790496707141626440511421956204510763693865063892872757741347221726583518623468146	110354429265080645816611714048528892800202764885886390897430261878922948672767038473267832889559500057475546981197281221684081579704080664996794716894250388030041177833662745202963153642121522815145702897741643808546436519579128906743860365573620435746492443910569334143361737155541492290783061734115531710464535604058437320860625
829	-3	1	949970460443541256313865711352498238768872428993346592428013704990948486216251443503874234025296295701379398089656652493936841612636058097224687714744311354880668847204893884187153063593159630381412478812874302610660578255682941502744360925372367213008518252564969660578650824146018031241238075394584046574567815861893106819277753686753999995008439997289503351	4663974450982020704658573126992949465900243838349335651453592026444239613362488961998066580303403071988458074421876367018184614644552927168397073611795892688516174832467460615171517912450042996247787089894806439062609881130054668173729581785706020169095946447652423625460529516569661064087390800076796000449558914126936695658518237924758705493955728280000
839	-3	1	41454141766583767958283609812838717748218179335271733180128010566728081515343632220263355513050822866833491770022514725240910896566940316162768485932204033824454678451821208533261849101087699155454686829212160504434617024819362275061616050200873299847479851098222399087641183671268068899763770616911120361166599726277349361033391111179814987337781263632566935637663	206295982894705755346073301731809259134279214048601892472578045994039073604198245540194404995271901563587160052653611032500061379712924400417355242206542104742156668677323803212625352600615252159407572464485906184118836970426165374803302820292675654750253325564920944990905848773855807013612316310936682097937305729880356851526444295276982718374612798862880000
863	-3	1	830215163548526138122913089325408535454852915092659156558348501162079065875838382203134892886172897279566198847827387413674366273356709613098849252891957494519083997759203767007344509999869532938574669048388755753857961992142680336833184409933068845982197586385325758180460246097131355927938441484424097991526787629736884628860331419707531968332756402723262387207549536452328073	3064153373249378193209808245109379258289483434118614457559774453490961078332951036247858291650158607473981040765998161136216731128017348398938062829522947679266342157455581822792135345613719321847916420249334931159416834406921247299777277286388595353043540898829787592271337491512245277479254555573875814500567459636723704514543295037838657609013075563433734979264514080000
1031	-5	1	1800834736694304688307196651343104719540059703913647155585709473975623866526951251507716400451005879786032472877584102443787104781543531547036373677554324848363909650541068707530649833605288567970769063622440436304945567958761828057375904168682221850592091063173856352503854789362562724846575152018504727949181979531553096475276891750673229895116462876126194717633153270217864410478597806172522125119873091222721737832923727486909529397161675007	4659765804395175659236988945017142644158265182006454743520396536847502758577456729421465493512351635619393521635181682075568348329662760592338046313271860761271200408397792832020446761595303126655560549279161294966667693768456715944085377156715256711892668674842952880810298874044919325035998142613721151622791803262841821839529340425306707674283814225739466086811249775133131802106416486727046959582995362737005361812541404245252500416000
1033	-6	1	848627094792388700496345290594779980918662410241964137690067835310666652000386859237759069972941126277674134336861615172237308929599397822375934145356480363333155955123972846502725248040043796978101378581164915496181649816560476153033082711169638087103413158818985960134912040188177038741384829586186193191984143107775410914835171980202186403512023582860108682460341953972377903618333837272063316934558402192962390735577538082886419676835983234630293	1893389313588815929821094862250110161838978499854180433696695230078602994349642090037168351982713250636339970290276545523173414185039923855261658147561695063380164360364618878502605050910816846839271222036013372428794678603867992042774426433838755845110236654472167053493089156806028634198313159697614721794171234927242669152235507368885097216868269627652145827147727619481687633468474855856397451167455919195322468522776335160210581438372570000
1039	-8	1	538767277297293438623114631896219887864606735271686163112257134399168951003282465167715004071031213518611383973881256947742720936738253699553242007170423433726096248542036510610223772007164170149196228397345554024240715571775507945119702222700562691773748627378832275026738432304067526957999074889393091987629717690160608779740519948133019059154061582115584944343545067573468983615651082188667740438280569768184531196879506632776666919542223418619937799	1037101625221445731474043470505281150257887765518586089364143419497328294794811585323911904761096137248747099996285704824278565051995848973895862421660645031463997172692544196861129418190767765946865059411085046503764233728310903596738309028312091818222139214859334885229867002773542793402141006435247455289406299304609690895699717941499895285099920383391823235404391992351532429947267016536851710315618953060341009378814052025974798512968893248000
1049	-5	1	484851941400493919719678134048647110216958554307593472635601103693171003139573369845504720057794003108171992926619436447576499610811631825428053523376485058372954501121551655943823587448313663252908132690583690822775367807528082735570851565549916442288379834780328370160195184403972592083929888578707253025606004260525842119782480078578604783989282958561375615304894520422127038976522978935128185792560801795702071232862510879069735523756801187822037111027	1091522696342457182332614520235219642330829916094307540929322205729187470315978692473730095185093723827933014083508392131405963583195186148679998424069303215368037754727424971230120271805922581517301603382424575827469414130593533071148261296110419486760348965830947134285250783306616912108057613215723338250223950422851602392997940757813824015634345833437133800213458032861011079873947761836210981545095011885171347186409093957505223569653610920260000
1051	-6	1	215197843884372391336853458501148113605985041130593568045495375221574498445551133928839852997132697385249697384866869561143296953512595433558123830802805186274702116503411255465880375344780868315447790675836336432244053873541058960226608615384867618595567167032771431108755206502854019801761051114240165485283515384476012153410459462105367401732790807342384056737394475988910166906705764983368103406257065195125117987757121673093412669408777152396646967762263	429780846624801070294797519529374718000570055485525470772260626150288343265280582264946891448796246162134113598243851753224240867667586067958003741228223131058497792725637609009020007865013614007270462355667153280777589222507411622536843854340004907438293682348425472810039860331352220469124652348172591513965395321054629311629394997080197758293598468619896755160111377086202711583147787336484635403148431634215899050640791627646206201357890148848396800
1061	-5	1	1101981120249394542240183052140276201090242037236299351946605535023623529036350422219595903839067823246329688832321410865884732033472642426767169324029992451534095600234175046656459242121574803882974538945700623381674012278994174247463905039139003256237917567580499225815070240117706146207437162435469753596664272865417648101912832725602343686093915316412699210281325979826836873030117931380496372199941660465776251904151682893051603245259142026955487071376477	2417133955262402880084721185128640077037850099990636650567710438454640145243155835367924119756320571853274088627193154669661543345053727970993394673543936853901813830699107822825622475659087387958679623883535517807322350041044240449644842645989836542408526205803327580848759536353016878121997435326639771165331382397646903435886186346944817620718535703192248735765514616215152676905617718655348124868230348121956668653883332808331297244318386069817456000
1063	-6	1	6244152982206671565753797116705859286236490110018199038257832599422715211873973483787543819395967392986185001414860968163626792951743250036939179953301062347178542626136073446854356162422329711725837220140897285253057479872845450343113999184079264470194379760915616016857541243728450045711087525016300704345304445624268544552280810034792816047478157951657360146987263284574759748761271941721263713722867239313791337642781733440248500092663728897912890036715879461	11992007946391072744165872388827630081708543989146740831038532935064109485357025725831315393207865079830239430957024461137786633623031470504578606616744521572690334370459183906441122100199917192160820318596229143949391003225522461654192222291375093853539002486820244405561969621627454118137763140438384960599924493425176788106763529047175995287788166460434384957886847952867801522336857977401945512621856492612559919260434685031553681449866980499481983680000
1069	-8	1	5966239777264531972854500793566974178969659267914685192789656271277745807643568299193393631647645902123656885431625690919602273478915354061526698576561526902753074898727128574233303102979628016064307842216563380472306791536741457704736843663783856962129350934178765475779405150198177361521561854277774044242948518090093426801060171783073667653202988173930341527004203642696866713120289100943663235362795054562938765972721959904694184705619295259403821322402401683927	9835622023982819590149923789658236152457544680225348611486095044012429799280554953925535304846354560238381545275146428273737801586457953067097887081129928474745245585367193300093967583611503074436471101928756429814954390012082361270572366051084835568317976330038867736338418693256369280422674106761474643856291462064566331570531923989094390147759159184972814575199765197015133476575354834223786920448562106574453812273766482055331226459283281238623543145360000
1087	-8	1	2929413575687619783058554399485662375556605147272170617217124223720161275915170225417672445774690951347344412336483363525716675188763437694758051248833074974651769347890530003803819103169464711607322366405186002140079700350262031752165326993843718912057121965855860045537027567692368527469372235792217854111301437673079462575557580899449458115900950746618598698103303669671248082975460510016857544518849435211465007638287480856113162559331589480544751849443522835656769	5621478258716369910486461423378475731355271550741587724006036232097495753576446332125895760888686420340991992285638519391856516106323180916721518553658505442983378519529143211134361608082816000211288232203568935427939518965255538023590817205366653938681765849996078723736353400261881175999944232507323609762919486505990904407568222505590375986658167795904530517646661683260121001862946785237624198795860638875057112718759260616138914592542461675798838407327040000
1091	-10	1	13436841468317235169415714183879127062406447420480525441132750059825344179948176793502862081610128246551834118433267732724896691920019849390227471657877251497426634356294421930949614230856252488063848392894841626725207288133274128870160757410087138151574035249803438940884220008682281936976849291600952745086465591419639551898925768211325763725270930209460823298642213353695918117430903818230389851227190028997162254719779003011234007905311787477608619080074940678271666586579	22239912741913195382938275980674516272170856054399564766473093717593633103559212556014187206971119333391311323590261680972328734614916026040615750764398545000937874913179724622124351439237878043570526973717863801934247171446562022660332152874726841269083685441775609520589912546118299807915520008990577112700963839263964688574285443997019603245583947736947048344979326001038748172829222763062851944711047830030225126577717108026958037648670773872682331201697106842176000
1093	-11	1	16853496901072962783041251296898643980840580288888649411532213472170768651529000665043333143521431813256353863772763460539073070056609700925500105163406002870153609904403507403044666353108853154502746593818151283699016312585823196127902220294710878288177239835227874654530342175950220117567645650424536186856971285516541510475228948844234832971011013473726948650012320150263127544469411950145962186048269719275223830029982396808792866880858524369751110244009467723286172817587	25175993459859032252553410946991470766130219695814026814407311460046960840150613400316906251340295134597882076508326754010916291529315441928102934069280179542072482796832945636936230121948409706801340091875467827463948156135090482023333935784248715253613149393534091336910966641458215245801117596402778472669175165458022214104519837284594577444365728078427174405205467744221125230981303657679278616864791537198947760574881587975465327872547651014803467137437061149360000
1097	-12	1	65187792674382653848293933377089239104638932304937783994340093847853753373657414037446189833121544493041075060844835541293452662036231036544632020802054961937613562828479418809135777090073827732255245193583149331866569007241977639708848008670550017727193388035969690413093416134921671572298385991955926357876340839483307858079000099233337682257745841062142010819620446821894629832193101584341520427728870706387516394190937025116927007309513453870274004767153816762564722267545719	90739985405885155243811788517597202432008470083932943202974925024279846640862896722795434715053838527556352445925231118421439461217289949226063343990991042999954543108787753063659684615492419361782303740854898572693606927935726582667453216286913982619486788753271220309367731128473538357138565476098074437304046906912266621001453501613884536308298714884499617166739559835230390382355566139519448968565135362253646253812423388877111527538709729782870862380597640680913730000
1103	-12	1	1150155551450956680722498041221329441453455960724530233816040176688910346820450916454914295032364872247692254732759222002054712805188955691570565601491764162281868878269655289244792275393293806190252845166987053378730053009727063669962825223903948005339785316458030036355047856421309793652128103292288582267447107472396143014959854950138101240082056153559375372201409309026291753493219904167182808154179272152522572608768995253473421798620579034869536035582427918383292379396062225003	1569596738931786122698335516819331029717497901667360599782189803409512972277464110637711412986730027011255346800094104066420119669092753296722474464968039609986257948606394652341297277347894996355670597473017138371599558708950768994891633755546395848283892901579014682745820475141470143747636382099604508819292585867288120179985540644135398008691826912975834074236263339969390107537579239407468330953174706222095066409344430352550447902840482800486075633680116291212173778752000
1109	-15	1	1920408771046706968773919317061820923784639978247168341903429030100346235940244473785718899643371154417973065664507792897227168958700358955512918050850056899265349572392675162303080990335839043364938316917677748946432988955094299219186521184885777725106931071155777659675919016218799051183370237330890571273918818171603622451165482311965067273940014776131243007040098580943863600259986986239324613486376458819977292822667356428340055136673527095380171883210129360195280739557960776861227	2254856110459882225741597163247483196738628916226679876352431922706498004092745853093607372388294111046906949162320249337173220062263926645558860722577129694852965552998367685359331460847551896364454744474429352300219660616393872227625091539492108448470622397444314082712529427435790129577881596061541673012929086368536514943530659084160096700563289217006150710699765620212434288784844067037063371574615923056680069591340330363716158674412311195178346478114988155334320688528560000
1117	-13	1	1560954957007201716386580898767510515273831818496020110706991973842717194120253845792430819556653082672758311573915732921888132011074469485500619525045955025896320320096926021678506886618549881723750208019298128353911197533350973396007611492812789955644120993839200634078190465478206289379260488864084114804560353021443624850330092926308732830719594896245374866945698474876588223862390609802155225262037119333202272388161181518419298222212162528958595878621372529309515639190360985397782591	1930996452402834808445109200153878430740783523949405535163014073048124527916702563897129313748522751885235923949878339499179518492277696904103600841758045964339613432837751075499850165736755901194425178906942904081294164646006841711886038716462921104849562462352360904848654068823567798059708191147961847114705326085889631001726840419069194783015917774224768294266806730859987369702420638947517426574610483775728810962090111803244685592067378650283931711493844243254206223376374960000
1123	-12	1	892345623846003831270726330693490839698053106939373391360534728478153839842503426854524464015344820240454580120483201423706901604704119045316879142285590844292447762626102251148696149985801829312564439834080891383817273750092522837427274679769379599989179797960372403503734048178202724400496717049073496944980725066865106200973379849179558416456144543640119782408110995679872627142491946853938994606399939012764063394969451717237074009860791336635649970264418337674108465293763625300868253	1123730435377077283503239444678535419073192706646402153406250815942292994448950321057461437290361261977504308274437168191818350217641033472127499099481118104024238345443537970569794952489186599627809813392272309374477217015712280645478215409219809899007055638697580739269915246071716368474120569097723524361298663568224234377760280714761517063540297724717234779255147111389882369478655562563616613477040052090032755627640637440061591490475222196524293537119350728846839579328894272000
1129	-12	1	2929514257919414271188779245000712490863305464295190690004186240923611888529944053197168349481472607855998578919355320866404034352112508102157651677747954298562912621673619231294888286332004068199705099765323094493055698440371696216649484594685340339573836909497106107018311737467965151725334081098180161376896911232040143570597649226898738056154416220852378338393284651649827975401555924170200886573928617488219645876296375950941843911191814030948620346646560767158048779006615288265553759526249	3594684336640246680520611935843470305817478987893227838647704679379095122025164704183117119274724328242342341863595230879774294741021450993237671116035888578914079986079720506425030751278648388786139139849990774328560577165781371929394833817295513717392042310493758814013448081206065241614257454845941274534964838860017261989396330475279461390129422933249974413778744017970867692821705141654756796247341857445445460937881183533832496430110630516647972744680747138218236556651599505975380000
1151	-6	1	22792858195935856369307193305939106348664873404255466195691839732466400411549311305068652339091047834120842833681666411283689639212969697920899345782820583871937545877309118917239924714264885049876118120690525823785257879389389926113474952134764504350092408479805788014861806108823574032594851243395338131805322430876165988847082614970443063336851212100743821237182927125361751177160462661274478216502960997450309801890145551451732849095036610234434124967490718444481503573274433412845716272152789047	47769116232244109536728683975372760585414566617355273439150424504126228038683598811342433204888271951741515274484078848711267356287593496667479231495566224722539420847641986312121952300407381567650229164542345575617883524322245911602234507175634548854922169602659420258280636098708506691951195546112323802597274523822243165397983648169399277570780886872024779989289000192842945988390490695920340561070032941485886676694848088395180071586466601292355405906336010255512169117229479548386624012800
1153	-7	1	2513135258237666467409732553122900299492876388718252900996129640075800945145764144246810694855884009958951123531556633233618139711748892304790695314247372899521028002530219217285499856358517248403300024129716584692201706950189631034351912410507170611266699480741534634686885322738786006495956236950943291636699438933591532441494211301517877779572356717399044887413416761402938118155017143266638786765110698425678524028062801605540669288361919242298362191196432303866716659143604111153388593591663377441	4573899790278495051236322521990896596418112782339576655651870615949557417780927775364106749974707839187113476061259473965326174490022651321173964465357800445167050376517745600552678107814976172744518651160769366403834745874503819508991442811272328601838666796481491726336311051219293611313744211849795818960350291048706030517870446751983894224288492542545978011633563737359415904046084563777123754605059975621946896672969883695332761990409904282452707828987388597707514659434375043708185393123750
1163	-6	1	245541702038981242147066028171081604340666891494264599507316249708859935114442208152648973220338699636658532736824398572612624991417809255702388355439357753367052786368660001139202809513508709075152379055018437398138908759032538465948812358975062659625136241799131442315974573968442212037417099589558185637992279940036443518004127541706370966646444363496758682902582243087741031094473312421893106672644494549235902544561334819252950884129933357609468802268912852659573919132580204184340714064623304668769	501918885218821567458171660538619512529178944866305272040993959947017859209254995100367116719675500363289660358765515774288877099353076220578911835723094575264369486946254433080154052690441775529496181660546550819312241587576036787805984539433749102873430929109313895307943256865955309190153415368379681540158268049888336848595761359394405734122674226554928790621991118942243166764444978864937469725028451055121902693611204337704199361955296205653163832572761954911112640948571312197369459348349440
1171	-5	1	1128788220596125364631639037450700216280768457913477566060071369926761133457162347076170325785686239096984490285788906675644326074903872723081075625553998134133826037003827995931719490705322576446415324586374397150384276000698112043432736274739855690804306310853659172658578450178083098822802122773334045529074143370622975035695905409227051304020612586539192538654762285436010071578423300810197414386604591700378948936410221043925086964997470495165968744024290208018384823939083415077797149975661694915529	2570409037242176178151976300877004539789259385952604098807303365584169439232136697221497379243035828299925887627126143826954053293402311944695555938550562907124762552731348413117332376142116709053128894186441730764393382923216761886632973172774918745809833827727367669622658822794533469738307420862639540727736882890807432602130292827634656673308108417724508270447589926112399047592250770512948166996739654591618600663294092252090676426251769412729744708110191709854203556217601457760921558315968000
1181	-6	1	586713400444236448273902219925032230356698231206359842431210409526480452386662645432733046242662852022775671951593421096143686480986008880903083319040331154323640236558718186898113514289956290361118522716714523660688419957859460201485257676762924562683081642216288630230224938814150010028415001859262939377968750139225327451072169035405526415757556254036873956345381846894145921360637405827878628773794118269425189120848053457920032247816238861578436138508726961400315793534916516065661163366857883777692312951	1274853688367824471036008213432284626270043497954190968204016864252283820552159116379331140050095215723978539292020265929729665352592915432671603157102106270890878143033996684700821712750449078929959497076370155813734261187704873234378998001838026481570863468915877957493834061057354644756585025379035566654337818861226057334981534845259611900749611917510094221629114122255137249338174375525502507950277231868012230365561607437680714778321996368158533578323796511613393846277181804311869825404974444336000
1187	-8	1	5109594408857631578858685483608967953339047567400544625638872497779617975548679657500904100750632942715862688080397434319891786166958050944633352989293805860765693202676405651772279075750998243629659415461816754537304610917723646515275709702887898480892080780292368330717795899458691612557961603799303665278606924284788768322524192768240997444168549519763980390152973343377709438110512584732146583277024966386053303554661486916136524286352470885751934610118143140910864535113265904449592498524807217386142483681	9221237233527254195904898686207283205785897629451279671062946581918070057603105836237366966385128818134653986433820061830266212038767069449163856581604861130087975774908645471674522946108784668959304358278737415143694172773775500794654801876849804403599005202578039781513453098209748495814467099166629597379923013071256135776896224418098820941033010041990379676064903798407667810309699569134495363567512849867230435986613875933630894010967521345334333648195587094409393923102580883216814416678890088896000
1193	-6	1	42502667237731658140781253116231210615744697733507095189864054195880667599422867587573099564831068841344327498928856280536449676338415857403829364419476696929101059656968293320029563384156930216877200086443508304709007671848637359801409953433365234449041002021560007224167881567377359925975926059785038333303124518303131798703687914257945439843816751614113066750829885537582950007934921040776362408459685953071785119143500618018278002746859839161111958566230607806871084368188107850908555032029627200378167922296698087	87573339678912047115117382968979509914143688923915728746450998677698774853491207813623101887800267119376073233468382430648055772698973568193790062041609175456561982395724899478388991909826964866629161111942321622191191809875286903848631262857436686083183094626574825809627636184772118957173668298587397461383216210689023788410474264937067998743861198428995305454812610563761457557162146788325789651071180590566528098762806181380651079705306739170235730968695057237551270377017218594993714529568286852729416660000
1201	-5	1	4002800396655335952030444225738272257387503757161128755162800209410551028570436120377924975169739155695985474501435761009277954794909935247012870642347261629415737578321715193612695703820817843586314865046841291809710123390590371929070048202744513671173495424599255396710176228640279239214061779498445890823872087689997211545606816586782958339386371165904086525064849416202195770934086455627554517650837808460541100261866348018253579198764263488370562016073570025413343782445162062484597196932388491582438796418025232149	8648207856280204866134400358009383746560244284471382330434938984417611734240020348514556512372062267966073694312021808735948027770917469200790855587961290112017826835953817198099995574952839885442999884319739591442133156971111874537456192995416318337826876306408922950801099847386965305261288753195555561412831313313027111975822596618010220140395852805079399173183958453323636339438039848140237439447477693465185741806544521324266885541764561130379773794334626271875222871337472069883498729795816647822568287350900
1223	-3	1	9487116242595742144413293980400419867808096335121974061612565090227680868377780867048949502527211691662276547005143348632498624279197094647059997364331181431942632306905388934074785151193152172034181484124672215914094284350015705125232161818260009035941855269436194102866860581881912647652276169300521920957628393164278629212522722793792469695416216890540578946965929080972027432337346427536441291160846828767054237950492248520310986286014984573214512770215966641457151144491359628620438470199254489058716220794391829627776700801	20649224160089948910854366620252863589790587462144177680400356951468399966296822525827085162133091931370853406175690260151652794574868129678509589258913507098657521184502939590503669210045231643165973138506889511925162495180616287697986694196626478041108629215032264540005474561212388443741139307056216093362107832043237866012471439057523087022735739626496890925995444515578602551062842237208868415587406202173369282464068437746486947601918165850296105387555875085177312658376517539455663896316560111033192533414482112832000
1237	-3	1	4149356602679232038812900897057239682176450403834677569277532580414762715021644091740538023579168573367413867276247633417971541897725937037011390048857704482792098358591837563713391601329129114035927884819918537167179995544012144551228751988630465282984234238281133099190964494906399140427565198163213518359848364561402034941656113217675960254906460337838152557398558396489767615451986399208443316061815619755608695130182786434678196850034827842849000183185963311898249000528467204352533929161324583314868206288726914158791287240078007	7142801321216689520247319050110892007566906452331261661056734655036616997726083559505699135889773381271207758360356153996933254975126194579252635555627879824892034683267970923348002951601626499971032467207715744936366874506459664406922899063743468069803978971139567743112214944005526729754624208864687909917131174264780996030874490271368304889439119844007550543528303873160295764915439200417685548527847966281138113371203068501196564854891670088989689988633776694084093019804585018631541136031770916724471699741239576516871920000
1249	-3	1	58184909747147042036446666794016267079352127755587868458275883571642279805857327227128420871078807563338518783445126424645811745818332718743919190611025644416122245209157761346925282604132352860298525654973654360781867275554450436084951469310064204225895245031561831017495138275037490588368963304706029130433542343121069289160587799231185912022436119801177067927941751464290166786876700458100003326411426796713612103622739406104984988278778743085904832206785343152989343337677088562396400820480059269173281487094336301742517739799556457	109726026948291855556378568914548423072675988012505532769156168081563375628167949490940876030425332091259753509911064025844022916845466635959479752569205264979790107047111626235244451652751895413997421852109324689743017425625139172222432429665023532025606012181328646696554528016491984567474850130381647927756892219764939390258941280333575811914774505166291138169535344627518595451131777238214422533588584687981449571246232774066796746272902844224663920696231716273917976762934324459886917626386463883208972134018704978438996165000
1499	-3	1	22824652022005596384863820340832415252298107762396374046439037606436021602310961416247074216466536642327053123467834467207937954068898241617936653469227144530852384015877685537718102481204192302464521219582973045073172853187351411965635302943583075486077799760747022419771205542215022635184170888995567101517878733295277813242052727603636545211084943465490835249018283266076245296698374248698115151203460743088242429358133908502574581026563509371758090793661620184505820794859678974796248688025183312540977563753305883182242740894702251786321449135781892758516691366430702921786434150563220962218231393028382337355182932424322451566108349283728634504203	23405512954759876997418190873960076137110877360480903633731017039194603758103577920017544199972955816134205211723568141774514276551156515717180449245604226887803371500618088415055565532601985663813520027221358235510920475536728409324392565879369579759680427841238801374030481126263547763607082737710233907934787693873128291446207660063007617979786949784723906435613985120437347295513152868203597220447074417127784471333259927161031370863677390370962415827319571515327347133738397813715563141628390906886354086360472512780999762967208766045266014037517960707577272108320883334293495645945239139363630002985734173562540257405859762419647238656960000
1511	-3	1	5994089660460619671876178461584413931338005890771953373273498256767101075407739379372519600359942558174937828773829140215903078232306184998079880397032193305024530940453850879004175803813698875263930082503310760406031773950005870322642637889056571577551949874181958224280929937562709174186393708649102735769666003665387195346677609648846799400959988322713402463995890222858220204165806891172510327220426552272520422037630799954064334306774128266176531959928770655086452700210743845584611914402404876221364312827240577272807666440865125584212751099096476982390501838469453071853376815269948763465893363741277870836600711397764595703775374274417973879135651093	6539668897810022790273658077451489051970916933407091376795680661075463124907815218639065731537299024480523488640813940010979066131558500638699675139290478699070086277597140076803776111270765371920619305389849439565901900505726191741111772251297288432772742226085532151465271161891692414289581785825182146600701276435558349968070665821176240701349611187528005767559387087101376486200663315969833812804474902707541046176430633961388955017298429644505198507038004373678197600895142976220178533584911261927001551751977030797317149065076301148311345126202166516989950686413530790702598070963546939298127523116182652716801021544324178647662768864199379008000
1553	-4	1	119202304288463888447146838437264437884499093104724571360182926575787065694785985159345336756092341878401144896530806892635135143622636299750636132533405418893614011854651992042501776869172160850961257246696831896212093285446618102744625143073661296615548069481237397600932067403149266707101259025945291969412335044088317513444879859387068370373393904217201766981531700290894673988255480411903097810377855519589103793628135119866029787371756037416786132825529583232498230763600372982775768281973729917693829498612916020194577352351002514285010387273834708540330677581410707848682347789849998085764319609359198723297806573087910974908696281935195702760621675983325370796781	125970389888255035349595481923991412549318304999221829215620210671963950528816876891432262923341766399885656811616623709152719174772183448739145159412587844089866558936762401374194636930768722477899802792930589388174061780453964669585150025649583665242251965718771587029951734811306050219545854686565519412616493403410576720232398383268403669245481545616998171312754105301519712448638474746205551048165385434559510081585364963764934212947945123824687488944009607696691639989957752157364407423497309476399322386442005811803595982719349586321867015489227529799033614111209259362542066323408835299379371611460350486785676674763133938739218350535785586033962355574870000
1559	-4	1	1141030866270987049614598849491454102396122656304982164054636849877102967720546904154382498145245499491854682663619380798038041428370674280436863924686066203361655084655200649686138885045637298690977290044824699672522170159143009151028164545594989119827950272582544906612364547901957367661944696939739914186055157368646010804923857548004883080304114717009149613838310853771797867106108020604079794822429138037849982314211885572067852612760831912408856252230608379228720899850595478477493122425152267387253992207057014686656726117745459897125979381410032661114607691426821981057367772773762600585109026705776057936895628468996788729521373962230061326087996445254576628444702617	1216958160959837953694207446872506043283477339255093930196253524990840067151450436353948631224897713083189528916445872187140453486799224033137291595931978860649323703677437024300777763228081349754929349737364249971869227952887805182548561525243658351490440104825019730682953736865839320234078323744984003281105519188552438686207229475876596981487694146632545895777968324714757695868751027010456452352723896821806519297798641556233402590762200831397263575517559466607029657388601191441728259848071363964451631824832305373548741969569991578691954990430901015999420687922810785127776621687289472833189607517621593947124831512661494709199231145913652066766668232508863040000
1567	-3	1	2169986607857005246445809175241736370940437186687359633731217860206512673955325285788830015217548133381024458713457292196585803881181612840158054611727067862052892628821965544127191478327774448339501805096835382920112528137580565275215690621370126905151129047617509844212102192520381262754431027602657222237844859255200054737498583972980703410794647591792589126762164172773138604312905138670096848158693162508569899875222579133579687502594591431165012709935486368457349638088837616739760728519997335319148686562520472607817299594401551005655389642868921531735721962158849664275760516917820232089299618613583950681192828927153745346833257969472725328740816960760426593849724678331	2520839801102942571982823989609009909384536712864232105221591417310442433631881230115762712787670925013585165670953311364116944601333386735407842305550188505129153795895557719121777942178270681770282245249630723818111687735765304273239079788161780261029951379753964696477307172162416951564592314395867944902653291298367492009350995710637746252885429642933248193096118240346090616083460670906188614665660782613155323816788430293280652517235612433410477686406410383672928335035446675475814523171848095027922744359745989847357315603741662188733722719793041175912139530018991106119863759740184060150599637872424923596628661931699802740300166587243439981494159638730262333760000
1571	-4	1	8502302836549108922996549341079987275058132564926985326613884093214435298907756472072605843472223968274656658139620825149115760280979040642649019744666112362876978449353848994642640578960127372900330211923434302970441998740124707978097845191078275101310343069306412699991453311465591423259119658727824412686236085147384981455180967000190147553438783064056902265031838860526330022375170584836226899673199382503440257803498000382384639715629725210795105351411792247216618179369383723200086011353614554856190139097961128328686361671453299789845641980785026900828891144774833523876580063482100464154430738760597849768260942692802472897137042702839326188388267379485703065750631765791	8853532211938029837000195955218841889983259506324437926080226254554238700382598662920138105854766562961656075412177595041884387453208996683738458624885049390472299947366809041434912466287749558007740066786562246677201925746200291559132369324332065978577634345582245464703124657285646853745449754322221825213919167282844192935847743513974395503179729781298855555795166854713000538385698386414586964659760115547531121416529041697158424238319473628467723815285165667861717117574374030711362254168489171440143882454185097109450069187283144301225818829305014552001512400114204272037398535633903079865593155922297513189871634232420872318258602034399416110749999991978354033856000
1579	-4	1	16927939141249239482982835464456646871813304455492147455137928306243536990010412411369166180625621725763989355790816384866256519321103770187102583800999649598480038466911069661008615395642445720934635866802652393801014604828000805777477665804880173651214855587144778218189491184425729139448334009833229760856980510128318803296195513736680373618015365550817309804730447629628671853978882793677144986477430152323537417832787612153552931688458377849072408751146559606614464818185006831575494976618660866892006817245612629892833573694783708764900957845280424192728463626223688800533337824974152462597370893579617545323988920611977879752182126345027150295878608465315504603598707173729798639	17778321219814386315736996423810295322732453949833485399672699019315227195188228013521011459499898555151185471427445031438401840902933759381391284882615931345203614894712907274959325584841862837513080072691163971145221942029628963488405171613509776911030841235346991394934497202712001818480080776734899351153696895484411736746020667623388082228877777812346407666076381716742224113230989663278195724646889992956780810763094768214481939888218030862262452768053314702598447085819860083246536712653657562598304012964322528887410277188834655697205268235641090916132406118196957824622139372576679938521055298690249137358623587692860589176080753930718560560489537921503245781849391040000
1583	-7	1	42810167033926679326818061431078020375977698765736107424614775743665260190855752795473123937123523868573098683328478065440821226239577171041346879174137766211362440014424432001536037264535455380969661755052532071745023938548936498136348219782837320801751395250941304281173150439190449653890180427912958770635226713626875831731849070230454261961650163726394211358599581935817113446775747284305849854979973027076672841150849670936014869637154796036538470423418859358693746006693010342437446503614667873510231564493443392459051151426145000930062604031045990302066905355060732207647310998991661688113210642384474780253481747233639554805850052106646084800633673963871395574961427148639204228403	34512849095667437922571067343622033155187724674362010122449087980255283774611263358086127276712185346594404992028284460676288095853319966611164512078896224481154186094682592747281984308720886411026759685478140463081722248987677596925332522208885321511741469151644947953334310351373018689574558205700822299062110132035008037965121534160273997800197178517504097923702321161296743477145970229299135814692195900426689127552737108267693565154575119900616075356694832646059009036627884388047780325195866266077047228974033743738439871553332037777348708910054382873260695536174110212893943474079282052681154756198991678810027439290452551545372965418041185903821121349750637708208686693440000
1597	-5	1	1201458895120937703804815778748648711548696196821633914388541601490062964594532674839530612753111065078816047810432499217069106293192527845175569344769497324689482376496074761372089289957290191385350555629047095565262628472911513161808050941843047829344171812530533194984512509695630050660604042044513751768616447505370427380778701557499036279815330218983705506655754755487351290494290573916746009026356557983632979589769575977651135203101159150186464599366671964400166816970973215655370254185636070841793658198075873403266866597827388127484132437610695409020646277444988167711395798128160532923043681705119307291165520414699522284847136629243692735183233301176941746375140031471217646252528589	1164323811997839964958413895089780367355146820557384589358875120961682679700454349403231576879969110142012300589772729516563555907106486663244979651381218170067843531318075801955111074823975385674019285388077650787327201533318734986831061045301480216438809198229013840932513106832280399286901395100591964287101059330072275093842140004778039716919137092672817841654560275445170208716144484086896512991412229606641693645801581715623335795505550190904381695528066858168678717240821277422512072640353458586897515985442043105202195564448704860437269592755392859742973676066041282514065770754792102872661175922224278939017248366017478353592303242471898857944971884801087306456519524923428560000
1601	-8	1	606707481359504487498834706279580535614785295317439808234343752331508290417129484742484872516050819884276835589991334428283541066164965500427481022820997173632714052807028018761596619132409678542930550927420679603498235057884338284860130569204937870625315578040644376610902221363100166560392079882744223346160031071421212922040949434947815873910322894255305481095372577792874149445744496850751360573747044499226935037360380278113368806048890188286587474732577483843414468221605494104359771011961449415228346581129286452900852211556337718735328662389587093643504726835644754616242135963308629269961590848062356697380448315380534418534036320558448332283218359858158685384369650352307968271426431061	463694141235287261994622630745558324637376012187266957808277064813841930345730383001742106551654348056137914982940595353839279696672484138299806730499416476013587563554044909520751651381913492298526319191962027071648284249147061181133570369530774436472161585961951441552325093258030979541757143538926563387271035192687527441638433210915363276087515570538998466972381731996555495315345883558514199229791779338775566947616065796212710274314701936434277955959731741391035365413751900273410600139156965544966786174044766370477596637658380051990755935195321622754251284568943564588631407076416120204230199550730673257986629819107147037090047751883013354986943699944317021835008506774864655448550
1607	-10	1	1504069756405629855235032258824258562358692432902559734911233473450139138363083757055666571474665025019333483141348534811642389623813935111766758985862268415851355244735683388715918566165617462877251459867326143667595552157855913337668082437450206992226315218259940506112623925045133406182857515877419248404533215642213817937448730640115222957050362092843007222383103740766102908618367931463107653239435294274483476958304157082748026811126605543806408841269356740685431929039754409943929584379411723800593135537685430980477712613291006440876982379730679135422960570964419096931084289281629467280963189272401400327443589205078473755363945318353071792233834742031236579009267577512835144077718353496243	1044142329958225932452208920299894985912623889372707967874894905188312201690973217285704414454077601330835440351886861673191442857809305136914908728310575264777442739257233703226158461809311788327804573357670437518189944999734916347454475591757408362581867220218417533672641675091734370106950493492914176051131917441583799247968070189507694294653091980507829585814770825301334604175333688658844016772721080027140129478877721025781389177658375632879683315789127971941052985460874837952122417390489619462298954916211038196131048169680497845883396442982640863392240941075501429976035348941716387237702215957059578888865475887151008292617273156155763249697066865528411823133154603432270135284160000
1609	-11	1	3766130942808696943999960845027522410726434358746558007084144057832639224079793768899566921338952753730268168108641046277551091867438615663547666179715435587298696465860841504234698448619544110636924014288321915401411573416454693325536087613888677126853167279606289073570053387901901369219203179097890410552867679069162875361746535326280245874134440001137170223139131836476089606704971949452226966218982236058444516371902819718052503894365426031364283120550723027761172284174376051976822353304628333043828620456527279652813944211922386918983619351263633817558742410854023437107247649578536992655582126693290204269259929999785326908880443822007354649681917159505087496879373293326308649476846301873466459	2374120462545543710787261824359378460766792966741265154065353015507475055297527461690672843643467001510981135589083471264726717768272326165983504188807984488364358564427446012993744266541187475383272843186695018873882999510836423952733766729793757583237079867649771945245597743701323204740078748650656785609382348738294167989133238674777160287086353577097968216548880650254451650220475814210010430602592832687078905615512930135237083547718975810888886298584854810692627911212057284152701902312883612045471367634001180559859410890634714042631205582810089230395018875020835792196185083673737172088129128389088022433553844985089754521501561166923144160803768477258981978102015385651580516598243940000
1613	-11	1	2566375265460585462852611144629540135875841497624093646442175458123580828577644090412475234307724638011084430242024981491584862512097365701463907554264323444291072084533041492211263464403896238818558808958372203241821112785542295255115287941062680706839837613184812776332760365742125109987814591109431692399165767171345022746387392449266581495513135145917813361815706633766591404849979804115687354287843159935407641422772398761260348618480455478856071190901806763316574812788647832427287494353290379741637989957977064315378587987553561486781057015204412393925723802017461893916115947988291866863983226276224077385557925619416776906361881380346065693152373451986604456892545445700288999623510673465369570259	1524192406295566741363766867204451074179906196686502872875675937255100744731946518824652731890600534971046944078868280611918616509616247608961903932899655494585466677842016650354925735975819156776633026187922281605922832732109373765021686877053834930495525087675920784198379197404865977809993306247861559061329500790278865657960479576319616141511286400031120204359021225246931918106508908382819381341447038067484867069394384560013677326221828780196057228663085477858644367517975651038295125608153600174717319176465881496146049065467557784244795168895341236551509001194269940880150911614570054764962289395903857562706134893861821181229376467361681647446920018782828987704207828998892314228330470256000
1619	-13	1	93088441513509958519476251460782396049391536423515804936941448416128165764783786359353407557460426348744589282229984550179117235106538732102686533610284301629428243471262940817922507700875848921497902652141566313612174024429332937669609003771244433201504281999850366251984053712473423497418209282041982033859281965893250667786725105035806957976598272622012425189691159827076620804143380653175128630033305677786201053407031679346561640281161711901556513890593636727283432849230108417828034981883910750798868863024046466020023456081470810150823575037311035393745239317875658553141666487895329997046269486122173709168804537684442505517338875706741020938869187496689399923668206677618079873742212714373801327	49216374697687871849731099841843437567210867101140312054390165696156049036261318842291583577757698606733549832408667308032303542360714282308937831195729012820042406063636950966223647898880123881157880991726689548689614633726732382706489971979444758951939025584729608589137294673902090670305402478949713889989264267708841694475390814802327705515578290439355845962217203351482389270213343146639430257400964917728463948545991976796129809535483985525851089931762273421247912267878016471558615442113901685360239551989007843687963294822820418828742908958774714160951241406584258835733154769100845162601417147097779559257340276974498670635403920538827198043897109855563074212524291021689918536792665920000
1621	-14	1	14360574505406867920837275452834087231359816872105514441623565648191698594592462424390938860022559411000101196143509914208741244176567893525767576835893657319489203970848025058794346772673243059566503820051492299231555992130569177325559097298329391773732245716805191621632271251155335782525138315422402449306922696836085298134103589665356429588287147496895962544258238635906391401749359179305383215787104892142834732342218274776048421242316497408993779540755676051816241422536016890824646549220939700421130634294105702585060589992849487104837750492018347260479675473364390793055720986660147062314159308653874219311557479539107801211622411707411079406287969359148720755030971245952160095779411619102214776643219	6995216617597348442306633839224312153182791403553280395395832801848840627073219509401068460750761094693058154543363026300782226920033020006808818885108780986845809749111694793421711817662687524066738178695163095746718528981238743887512894799633280764107749928984288510212765276196580418693614159884553762815088641899688036217238684427615231905151490365518155308807861024319775852652623785233347617659986092327661206494537153571201979660154098535745477468734919033560107769891331549165683654191322987429004289639851518787554207568449952777302725105201109284011659258546839792611623190541679434042570917791532771090720322547190587670534506977369560839347731804156870153702333251494761027328807869609936000
1627	-14	1	66412855947720308576391842045288849732619812990527610119107236957979593054400980083457044901903832829578758206704932960249033949681484700116037711244952055509803010832087464843995653856296586853501942248825432894229377828213839219166798077826770903141559155346630801391283670579375836221355850720576462204043209320028302889971570533931545522470200748581796114081374751586078600048351546134122006837408394336405497081485035032326820088120770382196819973358881511824582252505883995283676884044620521159033651343861412493755214360381745063991869642733488525614877391657097492326215562017558562300768130423910025454906941205449950341545401263587642779753600119310516962975558579827862526613395562535826559117702121	31904258588385352531520631992784135957945422669532638105965301959441945889533450861405510495214917929420861189914379329458909394782172729021881641921537725922428391333079941600538982814424491137081300428336270812833081121567779685783054594352811133830762686410448058301327849361187907749102573423642247868128071130061649164544153537340859725388374537463899878246507227301017894558737558223148866648477757456198247968167841690668972596469334780710541862383189689972807798173967922631737266635226476389092193707105312451924991195286842576753114233211024966534227118523104758784868648209185368377780239763614855172892419226076620129571498958484327503429138075054378118314512378648794949613054526958950080000
1637	-16	1	14523723740492903036900495591185292857545580940877690712179750801304882685110300809495844369705698990876459413161665219740056216245272510251513177140287827293184262820285290348244163092086350118417467497674454209741230571867849089540121531804432564465367376710115429833704830377739081307952689589008041321358437563815080960862210023661784242278954347789390350931050748921599286723975415725411128132102592318777250809355648053076549704144640207430540117442180388276690920430162420608343578999854059672758428185946039514688165803684343337108284062225062033898864766901935359116194778673120239839958008264466827692633246758107144510666342404078185880594875424536429633347876197351958985327383663759720543179646454699088161	6745850911081434019140594130326199992969440164626951022705106898702282985861609208795628045855452949753853886154841970198875067810776892288858758260880876626224723830865589151478043358107709505759228648739364767025684829997893132767380376625222669817280759861693537861907026311541704700668273535528325906942274017653719948342593465767281140261889517305920353072282152497002809282862225332839625330625533796346432067553303065758835365934154858208157224774070820061009923563651146756824305408696262000906501846195003510012609687964542651639944701157688071194794496974158324179934466789671319139772846680639573180722904414954899732146651062599488200877859936143479985673746435290707630179488457392115040692194640000
1657	-10	1	1162947922658146918461251535343723502748976546009685121856336605837383999447127432218533461413465962513572209060012082989442263259566737492842068991228013992804987007619317357354292294183059793239749857673228152741174381388561940909833612272857127087932230135658675488854504432907716037079307314281691061587038665377067903808664497144575224506746767436766385688972844937092586205706057555547190620270514162446687697734457420757943461938353314116656192859341528634305984266951523062197303029284709730204240151348946874606438781056382853173653444783593759872094570410288389069295799133995167244368448083870466672006901456516944024592956439046115860782410539192905976055700525490425702158960608579392856489123187231394394823	708815096994520678458452512532908295651727586588696861124422212367990526423867043062235284435928904552345739792672600256303110605234288296427569208205015061234481798595563481066627244771489182127980796433837587972537326001723066990135355571722412082670031229202645870259917929605375419546850468465613093134460381334235417164730325002442724997326376991585808498672989078433110782734242673222239935105101305597805351771055502436709089620212257482844025608075636906451374317850289272055374713308323036135111880192793359238743346235399267919090881293190578683500367850376513694784065184100597507471678179006380312368008217460451802003035738527216436534581951761762803711252428132374976735242223060752504635870551460000
1663	-11	1	900609196889065762889960799325351511111449882722601468012708914218609828050930798945366684814155647668489550304164091549504967760511946089889779592792519095710659378122381370614061410615317415428426358414767801867137959683030137113989698935105854716182842388271926235190488913073370742322349239931156661282108545268179286167653363750811039594010096831289718998900681996112563163827034706039197055008299962320341353749785003199799376457564906894606218410546502571680605463133217616889723426269585526587585765961260777060716060377480318555721303983488428445778686483850452091457272339784029365451814384440371392902351916592937733846544744050587345796688666544598488846500188217001220465239488458268698586112202866006070473413	516229717072322000724043301413416133698242368694143064492418807500225858157112393528163650298525106213496259128334699324660649457254764184371320808029478482569176929451143912749191362603171409232869370817803809714949356783324155516480916727967618221745872468159075866989434688305404299226284635465828948600230050186971613249139214970734803257873983114049443972241757442069174096531612633181263405812279367784545376322641410233347074896650057456985658389126607064593865521841773369106652426190265459831784775387766221032423640452407421620498575106881300721305653323125749557075911598305761276640513214959193207326489290795229994731414368418788971121583658196930257735162326186321629171203508486855394650501976757056000
1667	-12	1	2652356837533580936902963787168817049785689738310660478173432260038471529845575495765128087096027479998762615492536191914206461840982920636641727403400314712125611999409638631278298393919697027024403836490423176930745776106983899840856649829404404618474877898523352716192259896909501154093882723319036213206164435709976325890197174837513024212582666164989610912436860907670144481393895402549091944781348350679472716800517758078315393785814192694322853641896680395772235056739409982590478312339989230513738140558697542092681449267681708158726283785957881179299693283575663783565627977720883289943484130286665513085053496185009396066650925639644369168901817180863369813468767739544022688656172370219406395710179712493543796631206851	1374568254437672031711744380662269314851576054635153937694128566016305160503316313847958316132894662787312091530423930361319900830179540182304468603737230268021830051768551833453842278575369224847856420892786515409892521692593268349327851699302376250367562761655092666794608197444643471768910057613005383400862686994463086266990078393823838024536738248725094657218629703307819048150976513309373522762614092656025351133915054019097872463881908942173098459021650216617504699167846090726360447456326598358364606783705589903176014701766985134206665210457736316945223290036046049373123954293606182745720756445096756738732877654449538342190828920190076096589881656586901021547005242576234944587856510343473579267081690248278080000
1669	-13	1	15677604882972615081686617285089499125160386219772769903959809295148250393794363435617976949580610476553787902846523032068974376133316753947185914685332731817608569011986788337061157430048970719800496308267318882530933154697155466812517526028762106050597949731386375245895337656646156170260880905055290255360779774511455358715532748516519858983161332794291339578357105350110738715526059851094595759929034338527996860836546623157438039486132266558281811915853323268893393811059013323225006140285466494136755514480694447115608592404229694469403621283045780583713996748445452205948465270134958219196916794445672948276429716598455701031500886438841147820714907721485638716651337515541780558845022568093843229606941988483550962446674833	7479273829418622739562377847431131391221775038020468897726452415261780870329895181457685793810500582231282545462271376479062980249903769032185978481152956300481424468332708460698787559343983772531804957886056550641237066974160400917808880252738875516838104786855377984398080295221876678956826554489949289390665258577719709269021487706016024604198933544538496328643040904296068699048508828713666231003104644978824857225658363805087364539519448982382440809236974063680231570885103399200726114413477586844277656269212876369646043757289678038729218917254148386426636957101941743334990937820719013137403980062938874279903919893978260085609744117231946829053510748400468701240609461054796095041958655368102343143687297132300720000
1693	-9	1	1071067650706134253210921765549928730340439435292894903659511551606663777658750937815270429586929136379859737898926689583913688048000803575291328343260856243403244210781090261055368643360271013517346747363155188334261827295765490945980821070530481560824698291593228039949632297486213640549389516161577518410184440407159221747527265235656903301370822573227341987764887431350993087949435366349378617916712758356242308034536214679168716580103266188715473120509944862380738572322603616185457788468209036085667193732026209623482264154539197777155344441151851089337351486732321853038284212164066112890459178457770101612168196091915501556675245011636220997266450079189020593985539291674860282912362103087241966767685195218229970475732928755371	695446565743287537928550588064845736054576639766100287657597943255600964177358131679103127969723181644033913683739761836587548588990989891453399977960520628590095078925579320211996998275905570525174178779474450392264764921143475883736865875378413856014187332387771189075912045371401046383914654970826017504160889781417210944164235811513073837880990345012034571788053311439159772094301863336648742604864261665450225730010628813008451916308623676103337391354605698939072282832524783099902834646464211591814146046934457842497859154741967003694268353884644551699772770682909998380497661996094650908568925967182595118458439117450469030050558385743546483060845456806454672067423018946092898802047546981597755715760937518727225246960000
1697	-11	1	81609831857671954576512401159049070224028183152832809401741942819038857711080145933678383620358286303235674088762471973628010454816567765130779543289990546256931272358123458504377040521921395800577496969263272008828148433252276025705042463380130311331808017820240411661444394489669929202240556085903072345251797045429225075209382326521700180173164679324560101939053578107042519287403787506180983440187277585093999883083805181256488702073360176573064406473761319582630602370760123778513173271416346501309868063340085767079905956539683108067103260579766904972800441840228984821785228491961897721665383650954538814976976217376051298892354241994377044146493666655091617003204433304805483223628900625046148419312423651035010633863679004398179	46267627000345130987312179573416959224003976362388635074398344886016304297370682515987249320978316987920331162191109488622675590330546432131199742856443659318301579694603161629836014047717394637996283950448180104542510336123209967614929402974783093495962608404530439379488863676973419618115901262832694003663077800591507210340913463441010026142314781040522559078460773443028690931520396067390994399810050710741391569401483279268228196018487035028093858306364286142495882012408073006520017949969660987311748573594882898382711338205849092922273315880197464222316875106185490219255464268808130532140327903945116627186655197178880896995529771826238113363578226319434747568165097790751334490980445481466718588921919354137938552102495000
1699	-13	1	7809841417636180075480452757040641395493481242223501493337864160538943783328072131781272127458424431580355431482499830941126802715985234987329943898640145449855665484651743050272597144897935535215822335943194346910697821084153744464349953790798116932057591100640026157818028585118043908925629803956210176862930807105030811686972061010766319292176343153399667696338106762939473095967176072116380498880837882366702067744398951424102381228351027322071337481711916717245123909020199269145810610125748727277954076277934546559294675628177535009254817754309778265941703720653958824267870154972907944935179350282624707523688166539137445259005224973840619410607864893778151453347124541456770961441866971509021180481411628951544790013393078204123677419	3981944803871756105674772435466343657438601729105289204961570003883408356409236279769764314388706589004487324103259489683442515283272071666708137820343405287618779379204641727250963219020400144694681394276424163344188295578370396918766218415753000701876789357563965999813700239875665142067808934238730636390825118651848551369129730712303936543043929151157197193267914410129734571153105243144175108197302209949413705862411056102048736822040049196585642344283068372972440521024811718249776647459130954726406943127593855882977482611064944599177670516025274456738284579808142078734362459993797043911890490451076859816054137566693846242106979899072659535034677198551162493061379288388533004035211304766120030630663177814978951353791145280000
1709	-13	1	51759915022404916524871592298065657349882671660547640594710701045681508104962724762921425746412030013538784223860153375919766555899205386303608404894578376192214112235192324573024352434583239578481554649641128568810792857753021964728845756077164105525499900670813020672794509999438425890838832209814666058690345369797072715408178976136666257349875111834086289245280563079202648899878420463407853242796320988237295499665351925464515289245394282680931977046778513398528362412720805447888072627400281230889187776825835119729911609021554884789526826340936187616021138190002435391943512693488784692073682975730717266003424866606992110474458869273025739413391181727191992655797239023431864901949750387752218656744127926624252175904645481791909	25378304101746334378096575964892377220319021443742861520470836345666387628017239550907597835364308872220513522602637980563689496706395189955878137526533019814643062472278623901055749889243663857161141643850612136629761908175248280704876931708757034980325152640220446200311283139879077388663339885534881398438005202784921616224475112373100857432596696742898207866911590954654187215472109875012945213572122339599134410503623293859432054086166363332571519697581350144835024320961961452957484659056236476958411949745294627399954654921432424734997481217142034096484510127725129231336464744769503487994248713256348061221299092901111330456643520536186979548371663491221007523336665638422569850033226172113867912203011856905825189802320000
1721	-9	1	258791219969863038576535337991852378820641325454190728717688494943732304596792836987160943156242766202220865179459443721116058974219917463051209731624549802573901571460286837498271399303513724785004693723566126137177254460946029686345354790394185040803048857413592540461193876595011240401485446707911616622366853776428519795508631663520904179327630326493028960682648510338603511104999604731179075653484687327631167923457141944307225872185890887614230387790975284996212400306455837447024996439023923808095651397467708522783846590773917711461638150023021797212118371030250991387042708916265825271366063981704122993801126069078016176688291043845689906785575824531493257032553250523140995802840792666948837600695588587885153411993360489230433075924910273	158369996856900629862657998849650636123205553634172459723565307280798521983235885864034223094839600865762846212402075870950638045526458078934368264461522771125789156648730165504059369064306554065974430858008976300005063430888850552897728248894989329377050041334746686523116576875807021011446218833973380468283085553139560356170774364807247980696052851056680054696831067188095650433953441772353411975536482553855779960182967152101856849377184455654663779376050217823010589966311731063253269702140602698417715974153611125863385718558256088811684759467013959055605921160903989431269480216424193064708786862588728968313528143957546256167153879334519944956663941641731602437981712828418862233256059384798524017691652112684982264977046061376752694000
1723	-9	1	115812288151083931793949263472509739267217522869775964872621503451479112566454387277683462094324934249761135752054986746660595587089584948482145184287550827920811399267653187184743939698920732212766404118094975028689994505955964476535571589116115931826537133982311006428937117024979576851197176369773524710862624894444993379536565017759091548997809712824605099762881702796650005244716863242124378414325900647519850843667259354144503560438640555659712044507717147658368667670073016604835557351086180569136231216150294317538757529347654114082272932286173491290673248694802827960220771494534038012676200602270018669786303920917548310815716192818978627185422697586342151508320826527593848950030165149506994876526055818283647149644045212213850803909428646247	65997141462858366588399844515514425228032692559544797307840796450644046160984930906816595849434638977195215757611745725846394635036607058545764570724364591597490021944749113083711852962325008527332169397305392732224121122449963650250747663973397503069101237934158358738719296313886443393714452017713199309016876388633298194700768326153976122566149292995445713371933069877144363039813361779351533714430021854407429187447549322673388730085297751152287100497185622184528224062376895273988282646774425912031851534074062910060989734729689228678878582366310823986158476661642926434419373354202876482554573493497504437220179626155859898469787145503213202332048015617150255306897325559097489525767208884120621816105221307401692141231669107408940018240000
1733	-9	1	649958559504845102156593160005331965054837987424438103751752858660615425716537508809091813943773793321856477218296156894706618121811041861371199229126405054152741500495693640057125597409871142849996939787259808645549961769411700493495022623362859654527164483129726782162092697324707719608444553599497883615520077374972261696573867134667746181722685002788247625645023341839075145852318919654735174168936430582787831859349141749552604722309085530950138942605503312924819269645909316342176780555251989930251789768680195154391051068552326033759359954248207473430476901386242891227055231645227599158587667611331260130714877415631694338712776019396852829667444568304647181210724776992821530296058772451824824173479355357025016535002375564449814226549653738551	379075958176365276741652150134230950657695521788761123152147297611541010271137051149128473876860230261379111831618770739872436148021357011067707359746950135002026348972933754678639701882180158412343928388932487474883582285807480832987044270333673288284243177857755893335355386926933171631275754318217241465889376011008566349147329089110869440617091355427128441160790046680327312658658533948612108796891188335235577308727086368023551166299949420358190028878089043402065304018254503358416971516490273621679886189046127442426232744868112396866152607035688568578218993339363535982840031828483689608337388423428851926169246436192557030371745766788463115008544647614637534189394207255658749950154666065667409886823703209487380096000521745073312676080000
1741	-9	1	6106051371189126711893415651530736943864582802207282302458597517221436143535117756544816946451007915556116942891463660152592145178626975417039211866430535192650409235504920698806207197472529093684312300528277192430259320848456905044229311421026939766506399972457396148978356586085358765844277706167527568099980896601742228764216643841571986724484602875371546290077597922251945361565400445229776431026667038813290488627621920348762753912853506549071991906926102784802515845011894057670736682428427207640428723603222586082706923642256479733648409128975374328846922809677019802500117352772961900676364501417065647824220861249178284156481207798145186772809404742237281973649309973750312538632315892008618915045271894409958603602737978997162813643694228668191	3687746862527147719213916873536499974735524942600707448298262997280271440715718330061142494957851872269009091352357048602310169836895368930944582437457436887677894313900987607588933859911085268935827151032572843168140294431213766513300670031405334824046284293599203954333651938804003511482737349514744479905438160068489871245710741211945796461016989829585676201335079227958782369531375426155821915513388238933429423453029766072931231587469761689119357223437962838122461782022691727007056736381573502636688592228640512936223301661874669306162429433625712450875120929877449671703067308009582863466423426972844348858781785156547089163616480295385796795400413747679119511963070237849097161451380430142261441545083001079688394894557781661238907810192000
1747	-11	1	179707417597258293654561104141830981778718600343623571836403574569352404761719007845435225315654813851985841513654363839194197354508553142799290801921699478046403978598259818925589034888663527148560432753332885059552188322318272964458866163492791832227553231765320073100719880888068522795639561869596231632044943215653589404098893502228022318652002202652690737212542616043832855485586124881085344456730563364396229622244742272325938124885947376815406277538754578627439101332887774218944888393453038467142458382819975547635768702899967775026155025504071384077674032921334912704548617295850178308195945906340509119989137621591976373282590115440502022324880360665677827344287036438812757396608361021864772057308869525754550089243180517207682569946035195557	96750361715340989238720777583268315540462080457433119712824225032821607154886246438407314757221404558101965392628375585180565138223235384287418443610844174689148922930130148776198564214636386290239354346323182231582987465250533906366449646967481284087754785809966663733316489247802549744774237808909889835240563948081249898107496942284157719893890528599047346936084202971487573681164218577703060808971301665324374408306082973208076899355463951375777109585607138651492894479264082076989426432363255837887847635717953599014989628536400158320133059753027291130603668301031803746679719846343482137221125947463100864674822458773835015982129713816863885687506525474546506809550981143137127427408364468530734576209263819146901170437473507735963666880000
1753	-12	1	1644940318969464033034403274512711732291500514673688443155073477265324113541615872836175649530253475834688309245015356508212809621947347817021870255393778530539420046743376475838228102731226330323217959330883106013362886953012536253989273163386339730534605333781465795262099477471357082267743821893601658680866106653213040352550569638087145130758564089335538679341069634376741360401578838425613130732669860494164890541672103722706742334302291428632294461506451705236787991633153434301819496704637097190854777729085663108937026104960645931106974088771790549740211193604333139818396402975232260540020355982552044579572076336617237802004378374078471133274859914304279414043794744209972799867023046540677513694472527457043840817185842891092439102295762939455481708492993	810032390182616730367231235307589874125410960361607004213405726718203943920802372751707475542540527954766932630674768978095538079667629465540587588667319398419384875676974790839319460435301630887606512615546633746105253168635959117667578264384421895152570336622502014023123504466829692642476239109519484748717559629988040114597782795010301102872034983855179356561597483972020672409862547526539744610644088980122860785940069166564930043714600446267190094061045844197511288860779257657650927852540336257365839751156445179634514523072976861824933834794194509337738560551231870953052300798434930461674614210663299202475970704303847703347291129207322440692991542756444065394303539214890168354057425455426678519563435874941283469135045150633402130787563546786090000
1759	-12	1	7542312166580356028788048731600115308803764493978783507707511664619419201682698157890294287564882867603881023196812062019329804912478064157734886383305686041505830951193575665508501217175900069311020327480347954204572440893803280381337005145848631504642124245280865347106464936765481503546565510842474829243907812729861998031277898272172028113283549736554297268376073170086552815488164045850354318803166964664674885013425860309298273210975472326504956938352791834404695317884400696620238591465449303095746522533045203961748175994845556512934776133586637958017752868453833299906324715552258293911946019246465003697646368908960634003101396029324993670695273554950929991932388091756025459258996581632090028112262729386720158461380327214106347135672428968602903063571082151	3773707756606299171544544762724076217591070404969810665654072989939543681441680412784100257117756316608639621454009356499946590671835699661461240614668239220799281480063955841052718890828491081794989499445693275953778134889180434214472894577110719836205843855553855207554952145369400825948215402688731702163681907195993247068940656800716203752752908117368407629754942195273374777797231411856155251989242809472485729125495871169097521101765231563444497807395603208595634025000229745554200012245250850166784041760755008261848434639476706294639361379923668793281130952634560775207868937642772955312856926723071553515964413927064722156983827022108099036652247908441388508921724854963923729842106927985638102333379324704632031099403598375659825702835175227073279680000
1777	-7	1	38602990233197249128191449267033686066452157219011533001905616137479226065410658907633268173389568607151339124696931616456861430081729863192314988401144338378512336625876582538869532951967030630374792550390242411874992885347485405692864650825322004634844777280566041698735319880870144332886054093500946507322383296551589777778011968262673188125159112154418852120019144775775003024656606043199778397529113091877920063550984852813667814070280973894210679524992319379030674266709581325887348143799449902372466331589927846663292372294047212747251662656922864132604478171924299958373952329707679760877382455229262917084551787191681923409039997202986273754996913338046234174448004214691281253192717743980567399289299044506158205108163025718221919635335769438247240275689256073	25015261689970126789402202269165096415261125533417338749392779994674830215228212154919558742820719681386039090354269106939025931968360531384040048574976245977972963766022285409340757018119214739329909621743605781151261982175153096041482135547743550609942480713862516812870302699429354808825450487192225002354149151598573685010633981254510933901084635956829016794268466094397707246423313884736095746034005228498370864617942368906412883815622994406669759973850121984348993773701726161063878125999491098507704163777827566920821775752023355746784065160447933809028787877522658812749407688360403842088601740118119067498100966361487849306164558634284883534303729414029898212816071406725353606703602559855613741347750506176424088681081797349210161581326902542644949510000
1783	-7	1	6005192986735981314712238937277861066393563637363988703108725323608945937804516541458362900972750295525069682107834078578976759787162674646960060238609270520397559166587865248058022192422801554657776342510679288963866096183060969056411562120754411782312121049546275776180960379875847502319407082393993712231881918750433873974005183796665341186507745398658358621452098695529522965296208588704093402262688088771174880010558233680629678396713793258474901574090484543724662540086311877356056137061950679885098951305981992332174156796051945570609036265374489379673318534867238462695781799644969838649027335388242394245082280230776898603663675305870909647650883690079506655734568646368765388898248504324997519341585556537429595581664446853438437827248790533073335571299745122530141	3878925585911950744858383697216085920763543432083697433840193947754468610594775309023147568760179467819478156712433483084359460108577138566224521760298742084797385957309189685843475948669642669414762006564537299411515113697074157989870707779846852162316047088937159251562662809911282159875693410361189561163244194908918044199093659029405873375931708249505826286158203107416557350545838036994300590061563696513607291134991075605906351425421013848961839066918935357231521285154258008741236576880497854712449042599661704875755969819465138766007634071633734277913203184549132773339962933657710304419678201089677976590554195778805998078492895442510229058907850335447885673758089866336187942052460216355741226574904959066540490644141109794249506933281861764422817433123520000
1787	-8	1	381264135287016189123982202722007354387006264871619169042153033984143476877031972391523862398548780834119800315970525532097427339897405607921143427344749022965232368564299506568165914147884043916242640956483979710781022072290051223313039611421329854675096326451580582603334098464607924854569560634366844808427552055497734939705016140022883130431239865350472753317527998845822208109394435412451292660895948574043324951199262804675485364533587475483012095586196732120626344308178171604926270709393109973997626575903314354743045808221022035906631328253633370075684203860925121807101611863392983538638700151485648810661708324586590174056955338350579540434052649495564837029948505599516753649533116903026366160144647621305984486581279414943845204618827764576105323081263020144933	223369434827534962987873882969493628910231769283214395575637663826731204595675942194376100488693248064337298128138459253462907782193423363062098698090262319553166118516785283209091480416397668713541081859547977567429531816397704892632078842908697408945150100176593743559677021873448414367372880559563107791619227923659335512469064110498148435858702692204970207157154124053070467963424521437429675553331690301221785895658606086198566045181484813544059688512950755084178495727566216312553749845028614778163729371427917902576192595949718332404117740858733335690783084047648513195966824068293300150536923111183857779152613830801789667553708583895257605393716365842308642015395791447483212931702613586672585565997197063136987536064550410170704328649031883573605366783040000
1789	-9	1	803531874735930611970142299855592133120528607449577853808049402509832839719704494505517429943306814207742686359034146598918412986621087894459880011610511304513908450178646950165047097778003403239700142051289820129419936989217754090396873644486833113870890799658871124014256865729698317344231971299457083785919319405730979341887957148907671699666324387010841230178589086985991573015113347119102377976733876988364323707968618216967532628519436495681431051481137811381055571723811252782456352252968601033453637991941756309885302875891929671438463399456515063557963443809697245983227917801399172539970854874862531083902876629057190499558910312777813720495504092499464526312121302688195083346332839302715491499277753392302731670365541047790924878094333538425510948821260310054594441061	423125059528262300769070428625530248919007917780853826317466314013155051792401440712238792802675137904010339329178333432490868527914987433519000163763390124071848088546341763537550703054294861841722174114262923539118951028384922669583905101849217660029801100353702394020576976403431661498668128542168111727049404017163161300455362751168183179654340995474529740448815191822183206742534375182580518528610280182834567423783493966832602130566828117603337459338504576260535963976455782707390291071927030156367676518630358169774477348948618636019263552187556615684224363057073655236530717413224812298957772080565806650765125233758075573899359235455316843608463482570650574532782652536197995943491073010720222392697105868955337327687125794553822734899862663959020227806159558160000
1801	-7	1	64034748545870552514115314455055056737522869076559488751560788096984209316961965477201566081791378554263264527116610316674487141766470569923809004628317723873356076056828663458299586152104676659358093761550369659690296453145115892933789755837968373475007415015390838338441462561538440920446713253521127081599029652241714788488911658239100489527533648601461320871730323411076606227768193096327321898825281575187657744855037669253245206258771393318376412386237077839549021262481462956043428566297698594410283283196009697927262479766968924255951318311356409893734839769304176768077885223470702158788808841402861188563413680855009552773748344822274263962372609376733305181818296162163463458243613945145864675762795611341684265461944021529741008637046752518216091845141261747294144300609	40369704120414261358865704674194934145778843480538975848110186051873064788713923435349880095966883207548764776262811070193617462138553695218250886741896796631190663063828372390091885074721644643246614435747095984038121197718929102995167070898573331793583877747516960559234949569199028067808164553593121579070207978504625291155189441232657409913363780061212792352007481015021858164472864566608589545177977927191174949846177332031052865040735462708187661151185181705433331282109759333739537985173596399459042822085311815399498179825997671920510790812135009708676861988394032760571413273045483918169795714610297705598723862606797858415569698711062342684519530337307348638093806120748341785701565662781933632130560257150363609880149289614180497286697104358888063425396553103093160
1811	-7	1	30738907791986780825569626111905341416487638028267006057813499127060078858537533354992329127036655533207043064237915546005820743197232290978227007527926634221847649392778089589603739697632167462248640744020715404083253967344485057845618233892553863356128625368769213414064620361338526305358883918857452546122616710039579785613827341761525340259772950433157511981096784706169595793286610058450542757013720966502833229353455621865934626477037200063124619164283739977447665868772463034015932353320837109262152279065432572953969752145683855971062339766467413206273100423980552070109703331774922020997472779803812532562172050289745283018762521833380239261433734807458833251023362163007691901387880121672296516851308444897866208102652956949316669900971312360746352050929260200724405872125009967	19246049420482803256727484864725938856874182965363061053545642599025265343699175770701962958918570272424614906486426446775064946855425170512112673116301942311100658682646584529099810559877505455846724714043839874855268691249853186534944102630104341490743995438182049897811992599463651939174567904787855124789917381113476123517943901876531808206253833854783688466220413386377184002377601784367096560540920782336038753825233385853157523699606058310681832297614399466108930606218258530495534437755053709549964824732430323092848261563327150793161124534665681349003896067100003534938691778110512913843399622955403594308644558318163950116581958347378007562178282801317434210057231642270442041476550403621082437449543420768095567126656062661206478358239827337135291446933962744733826470400
1823	-3	1	14251904731772440205272484826905062803758164172245316830964391664914755468881726670673323138170644578663672699252558474560513245150871635232362094971205601435358889737235624269969873856087068671064797651608180054223446599018203417841595231734965989165705252239692312176003382804619375587906904746092514832886131138285138648743855169516912715389352522616629899768163638016254948367066592778636560093898594835597640445202729652830075926019165436180905476519900625161506786905896972945628163574206001541886803963705918380910250567365578979350655976262657383307965735415458963018834735885085647002388258506740573432240694401041840434427388472176238687003839163509139114642364117600428447633118630407957127869498400014764110130722757489198262044058598789153901918451971888418269212041591957295011	12129790116810858122170210677743919410700444390288643858123042688609143426598030752164947622290834553939414654738793081999080322935801176131201657303887208305613268143895465975508071209554993340357413486291502212974738541553043635911791914428301973441643381161502453295285260742356109206781530527253853120618856910058632630909683808815837677043687145606079166920640755026616233077418410707680057687611247982162430392636774497927684272263487534531396833010085602328467428736492372244692659256250189634750434833720652175534375689479460219214213375777959507978525854742992328344636323191254947409223094217156537173995517278655841567169015235549074515518914924537848286311087691517994185562759835427382057332845241835773480348899884443460600946014176292530315265213124311564014050290880000
1831	-3	1	127951488728709487087781156240810631755972539935286828807104174646471137447507757639297207154123766279057475602228248792210973256251086545137398613859011241393583530293909255143436157132847466280035113358583172214635725609888101508864369382297544855564144299899157273216140856527761865811332816695402395091554466301459843538528910217263692657345858698254271398392940523353919471215063006005123183186344771131394528502851554949345492375605345993558113792054046572483874796702533965359311508134567435280347428669155914607746692833061129545499270374965918706852299880609070037260943624318583483967066521367820439902188245585608008385984683324715638493659112148329744953144692597169331506978859774693848521078489193175957111559132386010471633231986792656181592943753455022673780331090021307880127	107009152000086797639554761498363458632314999949528391872338065621308481758250209662858069886492615522383682274734498835071249279984270086349901793551780852282467623947600661618860843548320575611326706005551069894589416026290788837274399181680233168979807677221756600587346399077227346090655042581312482943158103846020936531459313563458528074707918181013430153765390154248780613039181878534537555254938241890999393296032015851167462334724834112780770592599826292706025444920915470791086529024676445121053727634030977376180061813394360173869458896609966502597109110739681101051308188393526456824557820565090464176123347860670723164655310671122758634004589997276228716147333991466490774430942124804824168981760981010564440565311472597948368319465430185796071238411411879990544916789312000
1873	-3	1	5003495154844958001710248691560766014271845861125400040065319158725418513555584282397917520658165968921258557166438880831677458885443855869655790554505515137333246682920357976396665133886049579335773942267394402259411522075000827166977344961848087734493319918746550915711156910936417378579889171527306352471912507431350724690581104722863382788552440121748550750600294194927945517561090040955108092992474733058816455929811561643993521438579683765359358251444729280116175832486749599640182684443230946016380859197229362496437050736559521095697806987346491962744513720500722771408989200508993556542504819833037525295171131314193154770595882335789196022900598613736016905406421422063582446486794668712757252537022616257728582150783485961470067587832652748097339335679577037442235448857752054248611283958613744443101	4589454513397312799455594403704396729793384155645790434331509965728101080733114900336622984675156822213071766110053962418955949130312881575241030092158058717736104895003788413072466326990162714608899057749740919018067017796388981770908517601200058195549504967857556898140267787035293542034047673783743311617930950397376924426947876498083476504416891237080574874736274142156673570323960611450541848206087666289568051232678992577108694731544031745613758925402341522587415419474576954129427475598644251253652225069942245461168032505128989289780774811191681727576813732672458950748043715862680356209351949971990882671444781072498604317944781218546417073858844954542930047932643125951470532200219154784812475359787060446246079719944129819507245510815719111262778910822831234505534826700494252007043798610535000
1877	-3	1	518385422830569078035529347726858966735162413128410654618440980349487833188971168593888793535090279726748145900772323506384362315907003617098807159352803354249523569310947738419432049202280950147116326110814946134796767902224345709689819639576967077386125533113537572020284065800408001689347546961110453791644622541609778444193964098876358074746711320136116271364838945458843616565846222947476306626959632807023013789485166260709523915673986860847110701696163369031579729063458363656029655176913505193482817853946178964928990323693914025415944720713121643657867974882620683899981209114822264721341665899955287056585079811472796690940311556596117056339696488483535901284407962857773055761739728810083775513230624279491298669909744624544728949567533884100016433617324104986588947035919234197195633284009740414170948671	426435215021747648390561617790216814998173493809108995706737515734472599486642175164647491105300142953950626188484825722450739111338813917862203243677261020555913373686282995341981655181610763460071695946620675245347916019162510256816344663495966518007624850100667634386773116351273882679280375224689449871264358486212596595009848360738283120779456403264825881207864129663907096923884669167409504139981881855461537430012569570629767179181871641725750315133371787040222264086261635540782393564053061166815543812866488379149347165762841548582690676782182152008641933951469039013347807106154791723601110317083880351857535312354467247999854499850979194183259698421998534638604394575592639605381788093752189522584277163827331867506646652898287878639064624566445748872648027690710371971214873939589769850522467440000
1879	-5	1	825986990679591087927885872793220557660345000112588150721464508569365825902429666571348550154410665770784886272780640342975787766994049045560958704061791753297427916391214650175214381933194102075629082995352417418971084313872501064556135662190932193637732986579235906600406017790114296326511925750763881886856325913560709792602543469727792591818677972882228256021207110182774801560578437618810697152373504222436463031550584823301753014348735311851862323720659626215386742345248897224251551585262975351183027481472501441765301422976888947716052546243111640825950584375640903833017885908038115032736677684111898696850405039901699348639622157189310250780867717812917378799176695483792590199238865142891354962135545696602708315234421741967987000318754375647403497549208050373788527292217221123682743823648092086397281	570870965699816417288275680491848597517154909485565927207684286309363011559285908988848950613341475451114296150118814468049641405648015144373364461722418407228872620827942172646569571362951784419342943200948881471971822411355099151956531153767137598078935925865748855966381670120513409545532137514857302913451412541971208203298567991001345494381151456244141817002081872556118123962835549501947946745772698902845242488467409153909336540921037952210597505047587982418580437918719695379298766931122671989169027330260869028374550553105721795893883390389762496613615399402308022564749242208735071377658598441774333008355834715689394830388192372208914624765542498896067858704341630514139599359703655972932080102921542308826388162125051923249091206532875009399608836137796979468737196011050418118603751506226880000
1889	-7	1	11680861814519913394940152488252765384135284708090434855447758443347128434416103401297055685602865820177672111450902223297925938732566859729008089742261772358214771243652736140459587935746938502276087139150865598295527993433149922273805528896060506729980860861996121223996571682180972792147508193174723081172263776624312258638602644577265285654127188124923021177438823991579818823495665123033687977083051534234416102687231480370365950423168783899613768841742746487297698173983921757365262597168930992140237319599885608798659163948186884014649114508465811516348112152156260155768926844809825907179206625063014002337016641221000815043507060335659809840502144680971809706629615976709763958654924241696483482167279436408323738317619626735536333918205013906664361180589948286832029817275638063511997200772678834839122845713	6491158401756271222805971642843394964686504611407940819083962533750085223040139270825796294545273545791248808969045513319437494526565381120842907549638734169319076830373351236430912024234665076258353736926061764856506748632162421993725777974443236268350245491389260715612351984336533618095241181896670768376550889960499812383686108244330753243342612542242264877042895015161116463755781373252374854927892822112510397749361488371727464919509406719326577021978571808640090718519071723146385188029133378832015642403888453844320277452889370984701187254424729593339892420018674328660650107073092264555462599874841898649975821310578891878413264198180789659016547799945700539455416332744954537670626508163741661564618544541249226658922773429069656920813067701754780267786843614279179911893405568928205410405848116998750
1901	-4	1	1215873349705110655119863936721521354190476260331538286241193822731319948759776832380324698755094435704367945256268387667546947094936424655449389518057224300274437416346875302637873829269230479176470622694252756957853517262380411227415346623319328341561754724099276545228752393432938876959697916887075340498924474139286894428919269347464702390482484902209354182550479441008535189780501169653431124181163209526664621148472089289803827901819325756615529283060401885567311275429870398871484050803728971177094524562641758973429545181783175880164307980216001142197535493098645429184928914485213805543705931975114201292798019683682397023942505363647393130409394022644817812196418896367592566231527389140050718600898934228395016401944583512062980891866922561410278009369011487111014739745955071084599090425489362884011683453245633321	853739763149280569778170641980588373422700650144663038031898140217275605125826786999893028263533347461451628042726143744589382634354447600577448842039627619799182373780412171386616267880780215084475550414597342319421652852227022520870771574617538853381584373440218579764589452091133684535849689018496003232071828524940325894189299452126860325814280249097391088155823161982258147544686589273363349753912655804828157120241159512109155664316335726803291716674962486756843488847394115701651438598369048048211669034526026492280645010828889702326613281230327331089086789449812479192568803934938658178887171991494525321207139570172289965272432017556706016593791237567432546489408314766355814269125197608306925912342241559258199430927620899814674384858831530039359928130383306589042250175372793178696005989918499909109071740800
1907	-5	1	21049957860809445294689393339027917211086312901269220982072938623429472796786593811425734689817265317677074295182602998824241541087448974226802327721917313413710365998921291275920426037870799149331162049645708257596053174418052019537139922610263854779336117981696025837786636590520158809949885193397919718255396972906119948030641548297322985077970052799020420207957921425918868032391318352056409236301566792051384413260411297665939534354690761172004640468666142385425863287869740039850550726767684000044295034683072948975256304130554008099173970303545784266547115521343067289912106491575952640036968733119439005056232954967794805860494880003193436352487115061273509234167468210136280190094649668943994030070277075360030023283046205398607971983033710812344820141460794318719070302458415952863075222825791660265509393196775763	13791865531581167215852919663630245862980544387751502009344544392742397925820270106890385452049952899884584800367708074771480903003052792787401089915884811769459459757168186819603996745075264741391298817565018070341565636406525444892689442251873652262393781808130724286282151864624432766014432620467674130831525202820082972764796809016699296694872405568853289810561273213566329639265033485933951985460447877023505582454586628750153504843734902554475974751318212675169939993864631034193383953187841906647780408606383598195670651908048733177568398261797960636740784050368989451592429924320013474938646211044797059810032919742740929390482942699624111888101052415290589616792546083445969099904702404959005073554663554890418755552661774071671363752268843617772766037847496662371903981579462718540389573469707018692001088000
1913	-6	1	1020738500545112633528528909645501697755132646372749238782136397675058350561828517872943194219464565641747146213363024529761460898784062070011909833060408482518301118180126385788431405402338771474704782013061879568297457691492375751853664720457470909141471938354800163206079794063051746783756766289193548347977180911523972828496362621278565129902494655481886859989289589267409564442921127112381567412831423034368419827979481831894318274544169649553085234000004942908724019084512347683091444182171265480718202656972983873277421751280359114795270675928394022117154388196841027785948957023931243603674863937240830477304025578190246874875460448449620531242346058211082088563055359563420303382997770950477036745487524403292846358819866594506750522180189085189789939125156217800968041497667533291049201502615529382259572753786772167733347	631587964521111403247770720527123094315930921010406908993965728129463180151633683933022063061030640601861399677789090249381092898521770572250565872656169290705898457161183705031397077330028945811309753191468810222440366476683676243604596192172966351641998090218181824567621409327888644966621673753849701719386093165163456054838186670856807828978985885001894873741634999851760703577497099165442784109838368136279724553742793030469320690211891869319605214081703736628284812591310449958995274608266184485715548130551281337284510419459031992599245847298919931233909237727450236377383133365805183663193853335007024958776940305699696025298472032249277626553251364489814421645367991639270235943888656444966778825043082214252607642978808530511196856108355332190010869606097860268743132066259638393650983520801650154148930798395192500
1933	-3	1	133417010908696758057339973571949195138031965310184035867676887882170865339646174796210585435161708878942334903133347236088384540395500563025385639786126937474718852291750187779732816740213388286022522483321309638445880360712619934076176406595280858113733192965918329489052557827333993593852025945788506776168102182417368888616014432490720253314301165788182672332931393700612661044763078059821561923183011012248399987791926035660408510905617708958651728926917657631143003465414012210954029369442718207597568463877035440360584461961632074614963647601260632910096024105337800453387302790758908098161202844449178495912310309167478352777688965862876606347259745509858146244166527830781735619328714386753990234030804748146678685645264107291942482865762629314935342726500065820665968082406873580841176956855306360304271594266776687828204547869	114475789386549873015839502891597421094846336887553275840174563879962011423877928332133692441212868036686188557985413461518880976025545172744142198281233533161495889992983304911362020046989170460886644626950715068533742097923862536108876101144037908070265984201026952013413319096376100652105364397607016523853423475193512423069592025679185378693011473391399291149097763875290610114687149043446010746505562672130608312859159637437815655661421972585061827607166633479971815017998323163763048718371150986961273232121494754896907398344546655386377602582788230233328269204848939129690417333480446279255228444743595059461725683006705189343128294187524373622109782133768121254586118425712741738200717122052715118595434096771466726910495738225381696421908900236742294157286618001027000373105672956372343276649281332337845621169167318320000
