scenario,seed,kernel,kernel_param,match_mode,mode,alpha,cross_curve_ratio,cross_curve_cv,max_within_cv,score,passes_old_gate,passes_primary_gate,mean_37a1,mean_11a1,mean_389a1,cv_37a1,cv_11a1,cv_389a1,tail_ratio,tail_max_cv,tail_slope_37a1,tail_slope_11a1,tail_slope_389a1,loo_k_pass_count,loo_k_ratio_min,loo_k_ratio_max,loo_k_ratio_range,loo_k_maxcv_min,loo_k_maxcv_max,loo_k_maxcv_range
curve_perm,11a1_37a1_389a1,smoothstep,none,none,all,0.75,3.5652353798472096,0.44216923583999135,0.063297427334436704,1.3345275042237115,False,False,2.1645834262524959,0.60713619035870237,1.5925338671225024,0.015593440378409651,0.040322057186994748,0.063297427334436704,3.4222909316503154,0.05158036084512034,7.6306376948992186e-05,0.024791744990930651,-0.018927037010940138,0,3.513510622275688,3.6046473916206994,0.091136769345011359,0.051639475223074015,0.068090710814448313,0.016451235591374298
curve_perm,11a1_389a1_37a1,smoothstep,none,none,all,0.75,20.190975857974269,0.74211753498274569,0.063350747123075798,3.0685865120080793,False,False,2.1645834262524959,0.20651722075678605,4.1697842185562095,0.015593440378409651,0.063350747123075798,0.040307561710165744,20.632205115928301,0.05158065922896516,7.6306376948992186e-05,-0.018928219082521489,0.024791740495328781,0,19.850667480842862,20.6922350064455,0.84156752560263826,0.051687500072358707,0.068144811139508266,0.016457311067149559
curve_perm,37a1_389a1_11a1,smoothstep,none,none,all,0.75,19.195187247721073,0.80789449681534542,0.063350747123075798,3.0180103305541004,False,False,1.5911087023622141,0.20651722075678605,3.9641367223054571,0.040314798205058552,0.063350747123075798,0.015597348177116466,18.827498413988454,0.05158065922896516,0.024791742743129768,-0.018928219082521489,7.6195474639610043e-05,0,18.870951253946288,19.471490793569778,0.60053953962349027,0.051687500072358707,0.068144811139508266,0.016457311067149559
curve_perm,389a1_11a1_37a1,smoothstep,none,none,all,0.75,7.2709491632090542,0.79574195770431078,0.063324047692216931,2.0472108896164061,False,False,0.57348554156523124,1.181952525781276,4.1697842185562095,0.063324047692216931,0.015589562672353854,0.040307561710165744,7.4295155485085091,0.051580510034567567,-0.018927628046730753,7.641727925834057e-05,0.024791740495328781,0,7.1484418583525127,7.4514149558565101,0.30297309750399748,0.051663433900858112,0.068117720581686969,0.016454286680828857
curve_perm,389a1_37a1_11a1,smoothstep,none,none,all,0.75,6.9123568686422683,0.92744651053221827,0.063324047692216931,1.9966347081624274,False,False,0.57348554156523124,0.60713619035870237,3.9641367223054571,0.063324047692216931,0.040322057186994748,0.015597348177116466,6.7796530433995237,0.051580510034567567,-0.018927628046730753,0.024791744990930651,7.6195474639610043e-05,0,6.7956353599104116,7.0119117175743924,0.21627635766398079,0.051663433900858112,0.068117720581686969,0.016454286680828857
curve_perm,identity,smoothstep,none,none,all,0.75,1.3473754929960748,0.13277561777915303,0.063297427334436704,0.3614560483477629,True,True,1.5911087023622141,1.181952525781276,1.5925338671225024,0.040314798205058552,0.015589562672353854,0.063297427334436704,1.4023997514636641,0.05158036084512034,0.024791742743129768,7.641727925834057e-05,-0.018927037010940138,7,1.331450602331709,1.3705117170902625,0.039061114758553561,0.051639475223074015,0.068090710814448313,0.016451235591374298
rank_perm,0_1_2,smoothstep,none,none,all,0.75,3.5652353798472096,0.44216923583999135,0.063297427334436704,1.3345275042237115,False,False,0.60713619035870237,2.1645834262524959,1.5925338671225024,0.040322057186994748,0.015593440378409651,0.063297427334436704,3.4222909316503154,0.05158036084512034,0.024791744990930651,7.6306376948992186e-05,-0.018927037010940138,0,3.513510622275688,3.6046473916206994,0.091136769345011359,0.051639475223074015,0.068090710814448313,0.016451235591374298
rank_perm,0_2_1,smoothstep,none,none,all,0.75,6.9123568686422683,0.92744651053221827,0.063324047692216931,1.9966347081624274,False,False,0.60713619035870237,3.9641367223054571,0.57348554156523124,0.040322057186994748,0.015597348177116466,0.063324047692216931,6.7796530433995237,0.051580510034567567,0.024791744990930651,7.6195474639610043e-05,-0.018927628046730753,0,6.7956353599104116,7.0119117175743924,0.21627635766398079,0.051663433900858112,0.068117720581686969,0.016454286680828857
rank_perm,1_2_0,smoothstep,none,none,all,0.75,19.195187247721073,0.80789449681534542,0.063350747123075798,3.0180103305541004,False,False,1.5911087023622141,3.9641367223054571,0.20651722075678605,0.040314798205058552,0.015597348177116466,0.063350747123075798,18.827498413988454,0.05158065922896516,0.024791742743129768,7.6195474639610043e-05,-0.018928219082521489,0,18.870951253946288,19.471490793569778,0.60053953962349027,0.051687500072358707,0.068144811139508266,0.016457311067149559
rank_perm,2_0_1,smoothstep,none,none,all,0.75,7.2709491632090542,0.79574195770431078,0.063324047692216931,2.0472108896164061,False,False,4.1697842185562095,1.181952525781276,0.57348554156523124,0.040307561710165744,0.015589562672353854,0.063324047692216931,7.4295155485085091,0.051580510034567567,0.024791740495328781,7.641727925834057e-05,-0.018927628046730753,0,7.1484418583525127,7.4514149558565101,0.30297309750399748,0.051663433900858112,0.068117720581686969,0.016454286680828857
rank_perm,2_1_0,smoothstep,none,none,all,0.75,20.190975857974269,0.74211753498274569,0.063350747123075798,3.0685865120080793,False,False,4.1697842185562095,2.1645834262524959,0.20651722075678605,0.040307561710165744,0.015593440378409651,0.063350747123075798,20.632205115928301,0.05158065922896516,0.024791740495328781,7.6306376948992186e-05,-0.018928219082521489,0,19.850667480842862,20.6922350064455,0.84156752560263826,0.051687500072358707,0.068144811139508266,0.016457311067149559
rank_perm,identity,smoothstep,none,none,all,0.75,1.3473754929960748,0.13277561777915303,0.063297427334436704,0.3614560483477629,True,True,1.5911087023622141,1.181952525781276,1.5925338671225024,0.040314798205058552,0.015589562672353854,0.063297427334436704,1.4023997514636641,0.05158036084512034,0.024791742743129768,7.641727925834057e-05,-0.018927037010940138,7,1.331450602331709,1.3705117170902625,0.039061114758553561,0.051639475223074015,0.068090710814448313,0.016451235591374298
real,,exponential,1,continuous,PL2_only,0.75,1.3669206004175998,0.1344187577112059,0.065506895288400688,0.37806736825451753,True,False,1.6006383021360526,1.1994782742555767,1.6395915628332993,0.043386880683376303,0.046430469310130618,0.065506895288400688,1.3413753587149633,0.05012456797630644,0.022685215996679411,-0.010273661077738309,-0.022092555526521594,7,1.3481862449638429,1.3779337172879418,0.029747472324098911,0.055275901078717861,0.070496818825859384,0.015220917747141523
real,,exponential,1,continuous,P_only,0.75,1.36700218206396,0.13442893272350628,0.065538914014631994,0.3781590679980088,True,False,1.6005954480792857,1.1994782742555767,1.6396894182456865,0.043385818837992078,0.046430469310130618,0.065538914014631994,1.3413752434388779,0.050124384329123646,0.022685353445228377,-0.010273661077738309,-0.022093255096330734,7,1.3482055499939758,1.378028763741687,0.029823213747711241,0.055309524582259441,0.070529142228694677,0.015219617646435236
real,,exponential,1,continuous,all,0.75,1.3476125275104134,0.1322557889965387,0.063748978727171932,0.36208350739808043,True,True,1.5876579414614305,1.1825888473826258,1.5936715456269268,0.042234517885579123,0.015953719485875307,0.063748978727171932,1.4006763828348867,0.05073719045553985,0.02473296204513295,0.0032672168461644435,-0.020534583128608151,7,1.3277676186072482,1.3718243530838838,0.044056734476635606,0.052040319573404999,0.068733194419816346,0.016692874846411347
real,,exponential,1,continuous,cP_only,0.75,1.3476922302198404,0.13226308172666576,0.06377298439553869,0.36216665495696743,True,True,1.5876152893196802,1.1825888473826258,1.5937658011622016,0.042231089100077571,0.015953719485875307,0.06377298439553869,1.4006762620188322,0.050736978997568287,0.024733099493681937,0.0032672168461644435,-0.020535282698417239,7,1.3278604027177852,1.3719114497697811,0.044051047051995917,0.052063708675080846,0.068757468741026603,0.016693760065945758
real,,exponential,1,discrete_both,PL2_only,0.75,1.3668818977787642,0.13441063391124167,0.065527356793833216,0.37805951561592266,True,False,1.6006618614769752,1.199503925713872,1.6395802023728552,0.043391149278510309,0.04639951577177618,0.065527356793833216,1.3413826482450846,0.050141436434922748,0.02268688589977591,-0.010259897617262648,-0.022095566287754404,7,1.3481407958321148,1.3778968316658378,0.029756035833722994,0.055276606821878377,0.070519251284515791,0.015242644462637414
real,,exponential,1,discrete_both,P_only,0.75,1.3669634735054625,0.13442080545966217,0.065559368712292454,0.37815120591091295,True,False,1.6006190060023682,1.199503925713872,1.6396780527772727,0.043390103445468071,0.04639951577177618,0.065559368712292454,1.3413825330451079,0.050141252822247774,0.022687023342781488,-0.010259897617262648,-0.022096265883664059,7,1.3481600939977834,1.3779918714088792,0.029831777411095883,0.055310222047279818,0.070551568897441672,0.015241346850161853
real,,exponential,1,discrete_both,all,0.75,1.3475723718654797,0.13224767838402821,0.063771327605495781,0.36207605821323918,True,True,1.5876812352516809,1.1826159989673035,1.593660646734433,0.04223765737795946,0.015958914681030924,0.063771327605495781,1.4006832921644263,0.050754234255592626,0.024734631949040159,0.0032809802837343903,-0.020537593887983315,7,1.3277121050504324,1.3718250862703314,0.044112981219899039,0.052042358207627877,0.068757563115371206,0.016715204907743329
real,,exponential,1,discrete_both,cP_only,0.75,1.3476520686448183,0.13225496755107335,0.063795327906682242,0.36215919776692268,True,True,1.587638581686551,1.1826159989673035,1.5937548974207449,0.042234244990720357,0.015958914681030924,0.063795327906682242,1.4006831714275003,0.050754022844330081,0.02473476939204566,0.0032809802837343903,-0.020538293483892946,7,1.3278048817755677,1.3719121819721607,0.044107300196593036,0.052065738124358121,0.068781833106548187,0.016716094982190066
real,,exponential,1,none,PL2_only,0.75,1.3788366176602107,0.1371015502170832,0.066094375629608723,0.38733448856751024,True,False,1.6021172547677824,1.1969119480608212,1.6503460221012767,0.045643042840162483,0.049432710514421434,0.066094375629608723,1.3555765617833035,0.054868256469340383,0.025028231608560332,-0.0042090644153279762,-0.021601864886867737,7,1.3609880782874133,1.3931120950715103,0.032124016784097043,0.056739581421247014,0.070565439001123373,0.013825857579876359
real,,exponential,1,none,P_only,0.75,1.3789222302364108,0.1371122406422767,0.066127802354284657,0.38743000380749842,True,False,1.6020666359921873,1.1969119480608212,1.6504484928166347,0.045659539016685596,0.049432710514421434,0.066127802354284657,1.3555764731689992,0.054868071362242574,0.025028377553314687,-0.0042090644153279762,-0.021602511843953974,7,1.3610094521261187,1.3932119238691132,0.03220247174299451,0.056774521329237194,0.070597668898409349,0.013823147569172155
real,,exponential,1,none,all,0.75,1.3514142749820794,0.13298464122037459,0.063734178353915649,0.36488583354053056,True,True,1.5855646343268048,1.1803462549900607,1.5951367784152055,0.043666141289743568,0.017768034529996018,0.063734178353915649,1.4120574651949791,0.055357563933536004,0.027031899288896932,-0.0031727197021667068,-0.019970969860513218,7,1.3317202038203582,1.3754247727275166,0.043704568907158459,0.052608290006560823,0.068329608428799204,0.015721318422238381
real,,exponential,1,none,cP_only,0.75,1.3514973022735133,0.13299176184047701,0.063758107724258148,0.36497119835860181,True,True,1.5855142881096058,1.1803462549900607,1.5952347793677115,0.043679693750023042,0.017768034529996018,0.063758107724258148,1.4120573719727203,0.055357356630675529,0.027032045233651353,-0.0031727197021667068,-0.019971616817599475,7,1.331816895382729,1.3755153922982568,0.043698496915527851,0.052631254525599039,0.068352269474598285,0.015721014948999246
real,,exponential,3,continuous,PL2_only,0.75,1.3562757952648838,0.13016361814975383,0.074808886457218865,0.37955144413312691,True,False,1.5899974150343483,1.2080537800778384,1.6384541012978193,0.046765523896286923,0.051870884714019919,0.074808886457218865,1.3197286633159715,0.056034802240362516,0.021424917797875125,-0.015095189431597093,-0.039712726021531301,7,1.3335999439651611,1.3708075961638226,0.037207652198661512,0.065650393016192743,0.080753138119620427,0.015102745103427684
real,,exponential,3,continuous,P_only,0.75,1.3563679697461297,0.13017647573080365,0.074858079699216817,0.37966859652440221,True,False,1.5899508517180934,1.2080537800778384,1.6385654530283151,0.046769898734791676,0.051870884714019919,0.074858079699216817,1.3197295845221493,0.056034886585670865,0.021425051994162354,-0.015095189431597093,-0.039713672401624669,7,1.3336185999536971,1.3709150005523032,0.037296400598606061,0.065702658629001917,0.080807922934712617,0.0151052643057107
real,,exponential,3,continuous,all,0.75,1.3433646465437687,0.12991105819987131,0.072814118544054326,0.36799151564507049,True,False,1.5791007894635332,1.1859843543690485,1.5932094530134167,0.045209958040978632,0.020646831125225838,0.072814118544054326,1.4006832610312634,0.055948002793093705,0.025002775542911873,0.0076803531323571539,-0.037739315933793774,7,1.3216989165672135,1.3711741717168275,0.049475255149614039,0.06229375456518841,0.078513122879713654,0.016219368314525244
real,,exponential,3,continuous,cP_only,0.75,1.3434552115491982,0.12992043165911513,0.072856576453918007,0.3681013878292414,True,False,1.5790541651990302,1.1859843543690485,1.5933168616929094,0.045209012023775724,0.020646831125225838,0.072856576453918007,1.4006831233391652,0.055948043058711441,0.025002909739199105,0.0076803531323571539,-0.037740262313887198,7,1.3218041655244332,1.3712745066370267,0.049470341112593408,0.062338121532588761,0.078561249850580939,0.016223128317992178
real,,exponential,3,discrete_both,PL2_only,0.75,1.356581553160334,0.13024759325148355,0.075540252739560623,0.38050822432963732,True,False,1.5906392771191737,1.2083471279636326,1.6392214236097336,0.046101071614512927,0.051831761029066122,0.075540252739560623,1.3198123164835127,0.056124179156970454,0.021388870683621507,-0.015104150190958125,-0.039881602756895229,7,1.3338056088762702,1.3711820606844758,0.037376451808205591,0.066370481158134528,0.081551451107367223,0.015180969949232695
real,,exponential,3,discrete_both,P_only,0.75,1.3566747525808029,0.13026066065182884,0.075590495927798054,0.38062716682970044,True,False,1.5905928103492415,1.2083471279636326,1.6393340408617851,0.046105428482691155,0.051831761029066122,0.075590495927798054,1.3198132408423175,0.056124266495559655,0.021389004389345947,-0.015104150190958125,-0.039882552003548469,7,1.3338247470105062,1.3712906546856927,0.037465907675186427,0.066423834609852059,0.081607315930626617,0.015183481320774558
real,,exponential,3,discrete_both,all,0.75,1.343655150182075,0.1299902666886194,0.073502872575141528,0.36889649706666083,True,False,1.5797399367601028,1.1862783154963823,1.5939489681660306,0.044539095661672017,0.0207599572730379,0.073502872575141528,1.4007019147557846,0.056032281908149385,0.024966728426087312,0.0076713923276637086,-0.037908192669153996,7,1.3220364618638969,1.3716742032824905,0.049637741418593562,0.062967007986974924,0.079268377726000969,0.016301369739026045
real,,exponential,3,discrete_both,cP_only,0.75,1.3437467216265471,0.12999982734775509,0.073546408688848583,0.36900818185992945,True,False,1.5796934079121914,1.1862783154963823,1.5940575973849265,0.044538053140107024,0.0207599572730379,0.073546408688848583,1.4007017774894361,0.056032325112110974,0.024966862131811752,0.0076713923276637086,-0.037909141915807146,7,1.3221428763827334,1.3717757346783912,0.049632858295657778,0.063012525442548747,0.079317618655309091,0.016305093212760344
real,,exponential,3,none,PL2_only,0.5,1.4968344785168755,0.16990829944408653,0.12002175591007115,0.52337428644138051,False,False,1.7145129515218265,1.1850420919345237,1.7738118617013598,0.024068453754408681,0.032866090447017431,0.12002175591007115,1.4945740017999176,0.032271463750543808,0.0091766275191458337,-0.024095851489399182,-0.031867297092116213,0,1.4542769534552225,1.5264317390829245,0.072154785627702056,0.044198609519212326,0.12968726564705865,0.085488656127846327
real,,exponential,3,none,PL2_only,0.65,1.4600571528017481,0.15875536306887461,0.090427004887684639,0.4689025855963766,False,False,1.6381193153708422,1.1696210584834332,1.7077135925062883,0.071476247711310975,0.053021985971783189,0.090427004887684639,1.4465822627649825,0.090791448599705032,0.019263787398309487,0.010004437712128784,-0.0023777655055788232,0,1.4334482212374244,1.4831827232982502,0.049734502060825747,0.075702268014924495,0.097716555792925389,0.022014287778000893
real,,exponential,3,none,PL2_only,0.75,1.4081775538566461,0.14368378923919203,0.070957907474905768,0.41325426085173489,True,False,1.604316042257079,1.1902634916475652,1.676102332113139,0.064001705995052255,0.055715835083757534,0.070957907474905768,1.3826309877036946,0.066928779852010054,0.027190858010862125,0.0082104730473540454,-0.017084895499140176,6,1.3929587676581308,1.4295423809309591,0.03658361327282833,0.06206169573026267,0.076659285943441444,0.014597590213178774
real,,exponential,3,none,PL2_only,0.85,1.3561047445614054,0.13062734024103637,0.075155805716167146,0.37977223750288402,True,False,1.5934835425325262,1.2070240205238556,1.6368510010319837,0.04816099221433745,0.050172659620850893,0.075155805716167146,1.3280144337840498,0.052102738799518426,0.021700384417322194,-0.015813630449217148,-0.039772684350388166,7,1.3341334867184136,1.3702621052265302,0.036128618508116661,0.065505655664213347,0.080808860379555966,0.015303204715342619
real,,exponential,3,none,PL2_only,0.92,1.3788445009952339,0.14033797197860112,0.059284240557759403,0.38053007086085577,True,False,1.6348132100607697,1.1856400115319607,1.6164837309258977,0.059284240557759403,0.049539362126739421,0.048170961083769552,1.3691220447379691,0.029593742989108177,0.018117487438856328,-0.010922715735101498,0.00108284293123987,7,1.3493336355888657,1.3909053873014317,0.041571751712565996,0.051027010826710593,0.063725928788773048,0.012698917962062455
real,,exponential,3,none,P_only,0.5,1.4971208726733856,0.16995315722698842,0.12043728122979448,0.52398112667651819,False,False,1.714489758336154,1.1850420919345237,1.7741512508317085,0.024103658230233038,0.032866090447017431,0.12043728122979448,1.494574384676179,0.032272189776536099,0.009176356916144858,-0.024095851489399182,-0.031868680371930087,0,1.4542821649027005,1.5267829603614691,0.072500795458768641,0.044215166154458981,0.13014307273429526,0.085927906579836288
real,,exponential,3,none,P_only,0.65,1.4602292081409842,0.15877978722569547,0.090583274670735528,0.46917668994643186,False,False,1.6380478352780194,1.1696210584834332,1.7079148320542834,0.07156255139837811,0.053021985971783189,0.090583274670735528,1.4465823264639135,0.090791631074922635,0.019263761915254713,0.010004437712128784,-0.002377645529181906,0,1.433445324235106,1.4833828642004254,0.049937539965319466,0.075706184980879901,0.097884415308835446,0.022178230327955545
real,,exponential,3,none,P_only,0.75,1.4082734628302438,0.14369673788223067,0.070992720200031653,0.41335717983758857,True,False,1.6042522093383269,1.1902634916475652,1.6762164890629336,0.064046597610054753,0.055715835083757534,0.070992720200031653,1.3826309490169135,0.066928631846463055,0.027191015233144069,0.0082104730473540454,-0.017085366198183519,6,1.3929857531986662,1.4296544161931444,0.036668662994478129,0.062110400663149476,0.076697529180671895,0.014587128517522419
real,,exponential,3,none,P_only,0.85,1.3561940025227148,0.13063928806490624,0.075199601917769726,0.37988185090949589,True,False,1.5934382563105671,1.2070240205238556,1.6369587375353072,0.048164128182432167,0.050172659620850893,0.075199601917769726,1.328015462220375,0.052102906952265486,0.021700502021660191,-0.015813630449217148,-0.039773714499015483,7,1.3341519995067432,1.3703660007258891,0.036214001219145864,0.065551582570025718,0.080859653636736806,0.015308071066711088
real,,exponential,3,none,P_only,0.92,1.3788353393333028,0.14034374318272988,0.059274001592563456,0.3805131874246106,True,False,1.6348023476278122,1.1856400115319607,1.6165454586513124,0.059274001592563456,0.049539362126739421,0.048167973663966891,1.3691219707578517,0.029593210529246104,0.018117554949973906,-0.010922715735101498,0.0010822674224482192,7,1.349345289690552,1.3908949609604848,0.041549671269932809,0.051020759082490784,0.063714442722025408,0.012693683639534624
real,,exponential,3,none,all,0.5,1.3794491538935689,0.13949490057453576,0.10119817972848873,0.42288243536526826,False,False,1.6279390355555805,1.1801370358310312,1.6008387619036433,0.026972324667021749,0.013146729208600921,0.10119817972848873,1.4101114708449543,0.028628606707447952,0.012425037495980789,-0.012788011946647051,-0.026663038214225641,1,1.3724572228658019,1.3919149046113024,0.019457681745500555,0.043651024231196614,0.10889811617579088,0.065247091944594271
real,,exponential,3,none,all,0.65,1.375903866450882,0.14115000282900497,0.079837253448509046,0.39894812602111779,True,False,1.5927642594401861,1.1606827170385967,1.5969878380961202,0.066217311562119838,0.013681007340290459,0.079837253448509046,1.4236933634128328,0.091220691238023649,0.020076751173924469,0.011677739239138065,0.00062239818019791662,6,1.3638288280259911,1.402611254786694,0.038782426760702871,0.07159812469945219,0.086271099684476646,0.014672974985024456
real,,exponential,3,none,all,0.75,1.3643478380141667,0.13552668265437781,0.067119268548343269,0.37779580866613982,True,False,1.5803658101016889,1.1740240043683274,1.6017771121366622,0.059915964984226362,0.030719038694760854,0.067119268548343269,1.4324487998477657,0.067205938347425526,0.028438705347483498,-0.019019697382761137,-0.015398111398838739,7,1.3458341147540749,1.3856049586484021,0.039770843894327168,0.061183679146043862,0.072482420286772958,0.011298741140729096
real,,exponential,3,none,all,0.85,1.342247182002601,0.12998199554596729,0.073583888186146806,0.36792909904656035,True,False,1.5831818828306805,1.187504900021247,1.5939251056677992,0.046811456692578295,0.024430060701274046,0.073583888186146806,1.4041493741563986,0.051973562312262259,0.025401029782404577,0.013715957221293602,-0.037833137830441545,7,1.319506837389735,1.3727625628315321,0.05325572544179713,0.062582165678823812,0.07896089618964304,0.016378730510819228
real,,exponential,3,none,all,0.92,1.3806255338821074,0.13898683951423768,0.053284106178642092,0.37582078806677016,True,False,1.6267512449386332,1.1782711568171986,1.5919390091328707,0.053284106178642092,0.028690639467603935,0.048710102045525755,1.3964508997353169,0.031348884708121534,0.01750246485837539,0.020574758609849298,0.0019455856576756486,7,1.3517525150580598,1.4070079811622627,0.055255466104202844,0.051730526451370787,0.057326749656732109,0.0055962232053613226
real,,exponential,3,none,cP_only,0.5,1.3794305276919305,0.13952525505821348,0.10159317908697552,0.42326393199526496,False,False,1.6279170540851902,1.1801370358310312,1.6011337096282878,0.02700457709416882,0.013146729208600921,0.10159317908697552,1.4101118311803074,0.028629132430889919,0.012424766892979814,-0.012788011946647051,-0.026664421494039432,1,1.3724341987234603,1.3919198620176743,0.019485663294213973,0.043670024581646975,0.10933863934419241,0.06566861476254543
real,,exponential,3,none,cP_only,0.65,1.3760619154453591,0.14116533534032208,0.079970619622917322,0.39919635481168969,True,False,1.5926939169834875,1.1606827170385967,1.5971712828324551,0.066304067939713773,0.013681007340290459,0.079970619622917322,1.4236934259587024,0.091220876596756484,0.020076725690869698,0.011677739239138065,0.00062251815659487549,6,1.363758097138638,1.4026084078112404,0.038850310672602362,0.071599151936599145,0.086416187433470307,0.014817035496871162
real,,exponential,3,none,cP_only,0.75,1.3644395121687447,0.13553463420277917,0.067141931056618392,0.37788566157282122,True,False,1.5803025054692881,1.1740240043683274,1.6018847397947169,0.059959616579265795,0.030719038694760854,0.067141931056618392,1.4324487576007439,0.067205779414292108,0.028438862569765418,-0.019019697382761137,-0.015398582097882103,7,1.3459410498375679,1.3857045842668487,0.039763534429280822,0.061213815325897536,0.072507872929670966,0.01129405760377343
real,,exponential,3,none,cP_only,0.85,1.3423348497456082,0.1299907424115323,0.073621230004117855,0.36803175288852746,True,False,1.5831365408110962,1.187504900021247,1.5940292115421941,0.046809824460037508,0.024430060701274046,0.073621230004117855,1.4041492613963531,0.051973676895357104,0.025401147386742626,0.013715957221293602,-0.037834167979068793,7,1.3196086054490419,1.3728598026763905,0.053251197227348612,0.062620355227073918,0.079005257854907959,0.016384902627834041
real,,exponential,3,none,cP_only,0.92,1.3806163695990632,0.13899184595220465,0.053272801283418443,0.37580284537350883,True,False,1.6267404469282494,1.1782711568171986,1.5919994009457359,0.053272801283418443,0.028690639467603935,0.048701969846763317,1.3964508242370435,0.03134834032781339,0.017502532369493014,0.020574758609849298,0.0019450101488839469,7,1.3517535628058364,1.4069974250334316,0.055243862227595253,0.051718885618586501,0.057314157324929067,0.0055952717063425667
real,,exponential,6,continuous,PL2_only,0.75,1.3596911140908563,0.12933733465658578,0.083517085526104942,0.39077463748594254,True,False,1.5787876412798454,1.2116241925826616,1.6474346482721534,0.048785113757993943,0.053178339741475636,0.083517085526104942,1.3215310962093698,0.059888261842010813,0.021929828130693333,-0.018948751966143994,-0.049533129967319026,5,1.3350546703247332,1.3791848274547474,0.044130157130014114,0.075767556274257838,0.089766243048488251,0.013998686774230412
real,,exponential,6,continuous,P_only,0.75,1.3597970798073147,0.12935428169335586,0.083581623423914855,0.39091710601551599,True,False,1.5787337342602241,1.2116241925826616,1.6475630388977989,0.048802633187692047,0.053178339741475636,0.083581623423914855,1.3215322383929435,0.059888573713499066,0.02192996108348011,-0.018948751966143994,-0.049534271600336424,5,1.3350756181969796,1.3793085001742489,0.044232881977269267,0.075835542393652006,0.089840569939658846,0.01400502754600684
real,,exponential,6,continuous,all,0.75,1.3451607681101596,0.12836106648861359,0.081504883666462094,0.37801841977052736,True,False,1.5690750967716676,1.1903068385275524,1.6011540612004982,0.046313141328487233,0.028597662059879805,0.081504883666462094,1.4071191958148987,0.059436807364771846,0.025418711736350682,0.012974805579577049,-0.0474231858634604,6,1.3205273312425736,1.3765744366044605,0.056047105361886951,0.072313608272132276,0.087406697905116418,0.015093089632984141
real,,exponential,6,continuous,cP_only,0.75,1.3452647998066158,0.12837380572328325,0.081562956646146975,0.37815382750182086,True,False,1.5690209549420755,1.1903068385275524,1.6012778908402134,0.046323843827708676,0.028597662059879805,0.081562956646146975,1.4071190562285967,0.059437067141553543,0.025418844689137503,0.012974805579577049,-0.047424327496477785,6,1.3206478830116029,1.3766906760778734,0.05604279306627058,0.072374428833383783,0.087474803902781006,0.015100375069397223
real,,exponential,6,discrete_both,PL2_only,0.75,1.3569846181668945,0.12873271785062695,0.082754721416350277,0.38801976702937419,True,False,1.5799918049884381,1.2130007221832115,1.6460233218279527,0.04931081338544506,0.052917492672018104,0.082754721416350277,1.3214752538037808,0.059931449798034442,0.02189204155360739,-0.018926777386759672,-0.049603558503030602,5,1.3328747662408156,1.3761031165540323,0.043228350313216701,0.074945287252534576,0.088882211025600746,0.01393692377306617
real,,exponential,6,discrete_both,P_only,0.75,1.3570886336507519,0.12874918338328153,0.08281762237875713,0.38815931697967304,True,False,1.579939305309729,1.2130007221832115,1.6461494926849898,0.049325087027768104,0.052917492672018104,0.08281762237875713,1.3214763974089516,0.059931763153959171,0.021892174521966949,-0.018926777386759672,-0.049604701454192129,5,1.3328951250879963,1.3762245010890162,0.043329376001019826,0.075011612393120902,0.088954986806545552,0.01394337441342465
real,,exponential,6,discrete_both,all,0.75,1.342445188259787,0.12780021127861435,0.080809935498663735,0.37530265395416584,True,False,1.5702828754489171,1.191700267317805,1.5997922897086891,0.047023349523349231,0.029273341552885114,0.080809935498663735,1.4069502266229366,0.059478016350873755,0.025380925162129628,0.012996780056736337,-0.047493614410850642,6,1.3174103898761111,1.3738537492328802,0.056443359356769029,0.071563584284617635,0.086585440271156972,0.015021855986539337
real,,exponential,6,discrete_both,cP_only,0.75,1.3425473020001186,0.12781253101832324,0.080866357424290325,0.3754351384689813,True,False,1.5702301482867553,1.191700267317805,1.5999139786803391,0.04703084694389989,0.029273341552885114,0.080866357424290325,1.4069500869247127,0.059478277605756517,0.025381058130489062,0.012996780056736337,-0.047494757362012127,6,1.3175286976281888,1.3739677736110405,0.056439075982851694,0.071622694874883902,0.08665197128809643,0.015029276413212528
real,,exponential,6,none,PL2_only,0.75,1.422738310869623,0.14874036826204251,0.074189943057040839,0.42677334565344865,False,False,1.6192471737408103,1.1821963150192007,1.6819559883467103,0.074189943057040839,0.059138291412973769,0.069723829478438262,1.4145342145653921,0.066018305400377661,0.030466089843818669,0.015536711990636413,-0.012485371357610188,4,1.409256010038207,1.444784721820995,0.035528711782788047,0.067912167225946271,0.079235715685625929,0.011323548459679658
real,,exponential,6,none,P_only,0.75,1.422832751685849,0.14875155274388158,0.074241963062715868,0.42689174306751343,False,False,1.6191806402209605,1.1821963150192007,1.6820676359316402,0.074241963062715868,0.059138291412973769,0.069753606831740686,1.4145342451870797,0.066018145081440022,0.030466231906638459,0.015536711990636413,-0.012485780229490522,4,1.4092833841512618,1.444895114390089,0.035611730238827244,0.067973998382111059,0.079294804306027991,0.011320805923916932
real,,exponential,6,none,all,0.75,1.366292437410328,0.13771484908658885,0.069093938656038231,0.38119475991580232,True,False,1.5904629702754212,1.1701754722624476,1.5988018981952412,0.069093938656038231,0.034820928553105784,0.065560237160430565,1.4495068598345688,0.066224508313373814,0.031517617229109264,-0.01983894479073043,-0.010766517569499069,7,1.3485834443468894,1.3929222097524925,0.044338765405603109,0.060978087607661213,0.073870358761003341,0.012892271153342127
real,,exponential,6,none,cP_only,0.75,1.366381739653721,0.13772071816083636,0.069145516479137428,0.38131169660544645,True,False,1.5903971169673474,1.1701754722624476,1.5989063974900777,0.069145516479137428,0.034820928553105784,0.065575975664715916,1.4495068883878572,0.066224338733078134,0.031517759291929022,-0.01983894479073043,-0.010766926441379429,7,1.348687637095374,1.3928665656347998,0.044178928539425844,0.061041484925484828,0.073928851425662565,0.012887366500177737
real,,gaussian,0.35,continuous,PL2_only,0.75,1.3650597764046786,0.13360345370059579,0.067555141479921546,0.37875336139585231,True,False,1.5974113926751641,1.2004423061041716,1.6386755059572773,0.044043229391346687,0.046956502078474779,0.067555141479921546,1.3361786762388137,0.052825059364386938,0.022639225988473989,-0.013222120092276864,-0.025343720349423247,7,1.3458007765228517,1.3771496285652676,0.031348852042415887,0.057668771775647547,0.072719789175355945,0.015051017399708398
real,,gaussian,0.35,continuous,P_only,0.75,1.3651445707677263,0.1336143596699699,0.06759263077622249,0.37885296645514577,True,False,1.5973676954047253,1.2004423061041716,1.6387772966979988,0.044042841983309655,0.046956502078474779,0.06759263077622249,1.3361785533811845,0.052824909525819898,0.022639366648583799,-0.013222120092276864,-0.02534442520005151,7,1.345820018095915,1.3772483911711291,0.031428373075214067,0.057708593404100832,0.072757990202501802,0.01504939679840097
real,,gaussian,0.35,continuous,all,0.75,1.346681799742748,0.13170869633625321,0.065538469635477006,0.36318211031002023,True,True,1.584847315988031,1.1828146219577056,1.592874923860041,0.042826519903640725,0.015438072477895326,0.065538469635477006,1.3994686655425739,0.053330727147559431,0.024471458162314805,0.00023831992125854842,-0.023737991579044219,7,1.3272926713920021,1.3701709411729246,0.042878269780922462,0.054191047139913587,0.070669321674667121,0.016478274534753534
real,,gaussian,0.35,continuous,cP_only,0.75,1.3467647141094388,0.13171657981348056,0.065568250749671653,0.36327345891129176,True,True,1.5848037929633012,1.1828146219577056,1.5929729961853334,0.042823467044231796,0.015438072477895326,0.065568250749671653,1.3994685363764892,0.053330549721029005,0.024471598822424667,0.00023831992125854842,-0.023738696429672433,7,1.3273892268877028,1.3702618020839192,0.042872575196216456,0.054221309354606645,0.070699791726877098,0.016478482372270453
real,,gaussian,0.35,discrete_both,PL2_only,0.75,1.3648885282486398,0.13356868417122139,0.067499623593563596,0.3785723846090665,True,False,1.5974420491240877,1.2004902263274604,1.6385353381889638,0.043944397918216034,0.04691327473820503,0.067499623593563596,1.3361845804177117,0.05283658999905555,0.022638651446777947,-0.013210721943136002,-0.02534054789484317,7,1.3455927110647341,1.3769535060738185,0.031360795009084397,0.057568917827905866,0.072662650535900403,0.015093732707994537
real,,gaussian,0.35,discrete_both,P_only,0.75,1.3649732558894372,0.13357956008541669,0.067537170494296514,0.37867200618428798,True,False,1.5973982937570548,1.2004902263274604,1.6386370528936409,0.043944100258244058,0.04691327473820503,0.067537170494296514,1.3361844575718913,0.052836440114712301,0.022638792123465371,-0.013210721943136002,-0.025341252628809156,7,1.345611852599206,1.3770521905604645,0.031440337961258447,0.057608838711644315,0.072700925828565424,0.015092087116921109
real,,gaussian,0.35,discrete_both,all,0.75,1.346510191915522,0.13167620730866647,0.065490556271251568,0.36300675870300347,True,True,1.5848772944948288,1.1828648228292626,1.5927395395979504,0.042717962192466187,0.015461647982211857,0.065490556271251568,1.3994745272866451,0.053342579192821565,0.024470883620583819,0.00024971807428780395,-0.023734819124842245,7,1.3270877914504904,1.3700494113914379,0.042961619940947493,0.05409694612095562,0.070619667103699574,0.016522720982743953
real,,gaussian,0.35,discrete_both,cP_only,0.75,1.3465930406960156,0.13168406007607081,0.065520388096118848,0.36309811715597506,True,True,1.5848337134184127,1.1828648228292626,1.5928375385060105,0.042714989578492325,0.015461647982211857,0.065520388096118848,1.3994743981326945,0.053342401735235898,0.024471024297271177,0.00024971807428780395,-0.023735523858808283,7,1.3271842698309924,1.3701402065269248,0.042955936695932451,0.05412729516972363,0.070650204662473265,0.016522909492749635
real,,gaussian,0.35,none,PL2_only,0.75,1.3765764572309411,0.13603404186757351,0.068023371163339397,0.3876229598860032,True,False,1.5975413042299051,1.1983490295107122,1.6496190615699928,0.044878381641917403,0.048384492832836683,0.068023371163339397,1.3468389195342907,0.057437692387708059,0.023563063042263657,-0.0068466746219819812,-0.022135962550646236,7,1.3589203726012562,1.3912947466982777,0.032374374097021485,0.058903317306354716,0.072477411208270351,0.013574093901915635
real,,gaussian,0.35,none,P_only,0.75,1.3766634364309644,0.13604547951828874,0.068058341971512809,0.38772111385540609,True,False,1.5974916241997825,1.1983490295107122,1.6497232930099284,0.04489053142051997,0.048384492832836683,0.068058341971512809,1.3468388110764036,0.057437518173832927,0.0235632135225167,-0.0068466746219819812,-0.022136586790206841,7,1.3589422533587461,1.391396147211307,0.032453893852560922,0.05895474057650054,0.072510956168132773,0.013556215591632233
real,,gaussian,0.35,none,all,0.75,1.3522038373583736,0.13262274633611387,0.0656325726142587,0.36736830614769089,True,False,1.5821673110363641,1.1807546624593921,1.5966209855563811,0.043079699527495741,0.018204779576204241,0.0656325726142587,1.4067480528667564,0.057941149624948465,0.025186059737430152,-0.0063009490131392997,-0.020550409803188674,7,1.3328306528809206,1.3748644920953776,0.042033839214457025,0.054911494503710426,0.070220655345350949,0.015309160841640523
real,,gaussian,0.35,none,cP_only,0.75,1.3522884265262143,0.13263068368793327,0.06565875908808394,0.36745704718600714,True,False,1.5821179011888822,1.1807546624593921,1.5967208646107025,0.043089200289893326,0.018204779576204241,0.06565875908808394,1.4067479387170108,0.057940955739684968,0.025186210217683212,-0.0063009490131392997,-0.020551034042749234,7,1.3329292159440636,1.3749568750082981,0.042027659064234557,0.054936971979647843,0.070245324477635221,0.015308352497987378
real,,gaussian,0.50,continuous,PL2_only,0.75,1.370803681623243,0.13671359181432649,0.06527900364018123,0.38067620040280714,True,False,1.607970229172905,1.1939660344931229,1.6366930358162768,0.040345217464118219,0.045145108968453855,0.06527900364018123,1.3545045890677769,0.051981833446618775,0.023804589046979865,-0.010374630963364743,-0.018689812875570536,7,1.3544341071419692,1.3817173494884221,0.027283242346452852,0.054779634629400331,0.06981145042121352,0.015031815791813188
real,,gaussian,0.50,continuous,P_only,0.75,1.3708824761825806,0.13672256595324728,0.065307035267054572,0.38076171093486805,True,False,1.6079292466831809,1.1939660344931229,1.6367871138438288,0.040341204850128771,0.045145108968453855,0.065307035267054572,1.3545044947824245,0.051981615699196911,0.023804719799563216,-0.010374630963364743,-0.018690416177769124,7,1.3544533639537941,1.38180913180767,0.027355767853875834,0.054808569999570317,0.069838361762310258,0.015029791762739941
real,,gaussian,0.50,continuous,all,0.75,1.3502914442881035,0.13339995366819482,0.063421465774932684,0.36374191958338581,True,True,1.5939409709279058,1.180442176146838,1.5903538719866899,0.0392092879661365,0.015433269854045485,0.063421465774932684,1.4043395911034289,0.052607748819421665,0.024892804967052432,-0.0022881513348435366,-0.017224009074967607,7,1.3364904393059673,1.3698082009464994,0.033317761640532018,0.051429254500669069,0.068047079332628449,0.01661782483195938
real,,gaussian,0.50,continuous,cP_only,0.75,1.3502569573151089,0.13340623319449701,0.063441491372567521,0.36373640446271616,True,True,1.5939002610504551,1.180442176146838,1.5904444341907629,0.039203642329310819,0.015433269854045485,0.063441491372567521,1.404339492693083,0.052607510938898115,0.024892935719635665,-0.0022881513348435366,-0.017224612377166194,7,1.3364502252119457,1.3697963868168206,0.033346161604874913,0.051447792686002441,0.068065894129010984,0.016618101443008543
real,,gaussian,0.50,discrete_both,PL2_only,0.75,1.3708109455456952,0.13671716861085967,0.065259904794334592,0.38066240056753636,True,False,1.6079761244890431,1.1939550257151148,1.6366866177395714,0.040354483240472291,0.045164745283799629,0.065259904794334592,1.3544733781476328,0.05196690300633916,0.023797907388072758,-0.010380002255487835,-0.018689300257018784,7,1.3544578242068821,1.3817246560717396,0.027266831864857455,0.054776078647759706,0.069791416679873347,0.015015338032113641
real,,gaussian,0.50,discrete_both,P_only,0.75,1.370889712016357,0.13672614112026063,0.065287886830182634,0.38074784071462375,True,False,1.6079351804988236,1.1939550257151148,1.6367806613630758,0.040350402767520228,0.045164745283799629,0.065287886830182634,1.3544732837934861,0.051966685216219617,0.023798038131540918,-0.010380002255487835,-0.01868990363648862,7,1.3544770874002305,1.3818164058225393,0.027339318422308745,0.054804954491552829,0.069818276435897678,0.015013321944344848
real,,gaussian,0.50,discrete_both,all,0.75,1.3503102734328718,0.13340422189143053,0.063402637839905102,0.36373703605537311,True,True,1.5939469716285224,1.1804301596375009,1.5903477332738056,0.03922151224333377,0.015431927695114499,0.063402637839905102,1.4043072265975489,0.052592662092124723,0.0248861233076056,-0.002293522616955744,-0.017223496458083663,7,1.3365207390818692,1.3698345492178674,0.033313810135998212,0.051426998069308796,0.068027258340418076,0.016600260271109279
real,,gaussian,0.50,discrete_both,cP_only,0.75,1.3502758185443469,0.13341050128650636,0.063422614622752685,0.36373149623748791,True,True,1.5939063000389606,1.1804301596375009,1.5904382624251492,0.039215799398744387,0.015431927695114499,0.063422614622752685,1.4043071281162482,0.052592424157874317,0.024886254051073808,-0.002293522616955744,-0.01722409983755362,7,1.3364805623440714,1.3698020303142278,0.033321467970156338,0.05144547798077604,0.068046022477879414,0.016600544497103374
real,,gaussian,0.50,none,PL2_only,0.5,1.4226115013283609,0.15029578122548856,0.07035977443063085,0.42285404243922631,False,False,1.6378787481117862,1.1838161387335542,1.6841104544204846,0.034506965870018044,0.038552204587577125,0.07035977443063085,1.4170800872672693,0.056864456557598302,0.018920339421195056,-0.0078826792635467574,-0.011003264011872283,1,1.3929855179529189,1.4355037009014917,0.042518182948572791,0.052378758867353985,0.075917149459970079,0.023538390592616094
real,,gaussian,0.50,none,PL2_only,0.65,1.3950026564935254,0.14245638967392829,0.069008437926225061,0.40190475749417481,True,False,1.6124057936751615,1.1868421389540524,1.6556479366793611,0.038332551917297029,0.048034160661986826,0.069008437926225061,1.379093650225282,0.063561166575860792,0.025617361438114952,-0.003309607919215318,-0.01454796068681624,7,1.3757857324676181,1.4096620263216693,0.033876293854051109,0.06220928954164421,0.073892186258253584,0.011682896716609374
real,,gaussian,0.50,none,PL2_only,0.75,1.365662700725252,0.13564671058492181,0.065043771456316152,0.3766835773154692,True,False,1.6078529757746474,1.1951019519264077,1.6321061593098383,0.041118087061820296,0.044179335166906385,0.065043771456316152,1.3497263717471919,0.050152922134877528,0.02322077409190465,-0.01260854845502913,-0.019128227892663028,7,1.3491533783494012,1.3754172918322685,0.026263913482867274,0.05400137776620207,0.069816551942438937,0.015815174176236867
real,,gaussian,0.50,none,PL2_only,0.85,1.3710299500183294,0.13689058877636223,0.060869076345553427,0.37643132206883756,True,False,1.6309926304983304,1.1896112338585496,1.6033287148960336,0.054536747188801124,0.041413233760607342,0.060869076345553427,1.3600448042483149,0.034494155327481159,0.023321980883733828,-0.02058268949420038,-0.011998840593349181,7,1.340477012172036,1.3868907869510736,0.046413774779037631,0.058639314966319467,0.065766422431768584,0.0071271074654491173
real,,gaussian,0.50,none,PL2_only,0.92,1.401847928146547,0.14273304930533082,0.075512024383872459,0.41330333931474511,True,False,1.6496942525535818,1.1767997223027784,1.5889550227700193,0.075512024383872459,0.035713288548174876,0.059295261484872262,1.3729062352106371,0.038591993680482828,0.018560812003279043,-0.030453099258048937,-0.00054915033625998263,7,1.3615349603632723,1.4184012575954887,0.056866297232216478,0.064011094673201402,0.081583731475868962,0.01757263680266756
real,,gaussian,0.50,none,P_only,0.5,1.422757195838839,0.1503157986794445,0.07051709012890324,0.42311376631451314,False,False,1.6378275763548535,1.1838161387335542,1.6842829299333135,0.034557300503709622,0.038552204587577125,0.07051709012890324,1.4170801533965895,0.056864196082090507,0.018920318437531045,-0.0078826792635467574,-0.011003676696671674,1,1.3929824235340287,1.4356729052378787,0.042690481703850036,0.052375153471525153,0.076084741559797373,0.02370958808827222
real,,gaussian,0.50,none,P_only,0.65,1.3951006646124373,0.14246852533887933,0.069056559480695792,0.402023133163044,True,False,1.6123552487195256,1.1868421389540524,1.6557642568448452,0.038353743226814986,0.048034160661986826,0.069056559480695792,1.3790935844663719,0.063561006930341918,0.025617475434458286,-0.003309607919215318,-0.014548376552661235,7,1.3758075238453615,1.4097761881108826,0.033968664265521031,0.062260367321197024,0.073940523855722251,0.011680156534525227
real,,gaussian,0.50,none,P_only,0.75,1.3657391375628976,0.1356553106424406,0.065070336780003901,0.3767661115827185,True,False,1.607814698520331,1.1951019519264077,1.6321975091237075,0.041109660988333713,0.044179335166906385,0.065070336780003901,1.3497262694035737,0.050152703348054169,0.023220902965661625,-0.01260854845502913,-0.019128854759497466,7,1.3491717094315452,1.3755063034424602,0.02633459401091498,0.054028699935834937,0.069842567747651019,0.015813867811816082
real,,gaussian,0.50,none,P_only,0.85,1.3710167151489807,0.13689591464396716,0.060878490277871879,0.37643108272317433,True,False,1.6309768861490745,1.1896112338585496,1.6033958196016214,0.054524125426011497,0.041413233760607342,0.060878490277871879,1.3600447232196644,0.034493828394555649,0.02332207059477176,-0.02058268949420038,-0.011999489192624533,7,1.3404747994765096,1.3868755469964713,0.046400747519961705,0.058626196536754147,0.065776603101813852,0.0071504065650597054
real,,gaussian,0.50,none,P_only,0.92,1.4018529482684181,0.14273939230876609,0.075517348433700629,0.41331224443266318,True,False,1.6497001602316055,1.1767997223027784,1.5890124990468208,0.075517348433700629,0.035713288548174876,0.059298904331615873,1.3729061770529052,0.038591601506146468,0.018560859785731014,-0.030453099258048937,-0.00054951821343497882,7,1.3615370319948654,1.4184071525939239,0.056870120599058493,0.064012020152804161,0.081589451601539784,0.017577431448735623
real,,gaussian,0.50,none,all,0.5,1.3611829894537943,0.1363044333390632,0.061896605704810877,0.37025077254330147,True,False,1.5989609087019996,1.1746847566348291,1.5918206222298139,0.03349760498534228,0.011552360804988169,0.061896605704810877,1.4120017337778932,0.057437699368745501,0.0203976729178715,-0.0006626736795170209,-0.0083773178249404619,7,1.3500682074962129,1.3750567718128315,0.024988564316618556,0.05009191309332775,0.066848457985475368,0.016756544892147618
real,,gaussian,0.50,none,all,0.65,1.3563230089287501,0.13544826871844898,0.065495077860428769,0.37027244618640276,True,False,1.5916203267431961,1.1750736779258038,1.5937794665572993,0.036420487554806272,0.016024115241763059,0.065495077860428769,1.4153238032386068,0.064060184712159213,0.026627289126147667,0.0007378555015876379,-0.012724302759490455,7,1.3404049814452184,1.378513670813565,0.03810868936834666,0.056914184770967921,0.070206920612748636,0.013292735841780715
real,,gaussian,0.50,none,all,0.75,1.3501844890221315,0.13306508740171361,0.063421209137502918,0.36366245078582632,True,True,1.5951234880878256,1.1814115041738411,1.5891875553443364,0.040097102876764878,0.014491884469907682,0.063421209137502918,1.4005148103891918,0.050818865656917997,0.024338274954749183,-0.00081497538651540942,-0.017707951097081977,7,1.337245235536846,1.3684546111874822,0.031209375650636195,0.050999247276662066,0.068237169074746376,0.01723792179808431
real,,gaussian,0.50,none,all,0.85,1.3713543279931797,0.13507770023382748,0.060483784540595407,0.37628259665536878,True,False,1.6221431424463322,1.1828767440579366,1.577065379983144,0.051878414785401741,0.016831435780219884,0.060483784540595407,1.3918766540663174,0.035511179792707202,0.023865518484921012,0.011864625014462928,-0.010860964220921488,7,1.3464314877999903,1.3962689371875108,0.049837449387520438,0.055736170595209918,0.065343571519437552,0.009607400924227634
real,,gaussian,0.50,none,all,0.92,1.3944441512173611,0.13974989700515847,0.06767644791761375,0.40017232587679463,True,False,1.6418870660288714,1.177449139569692,1.5727443535669252,0.06767644791761375,0.021559448461293231,0.058791768519085061,1.3849390322345922,0.039784799207335887,0.015157584367540609,-0.00078641099448107548,0.00018614608288821644,7,1.3637462382811596,1.415038151647724,0.051291913366564357,0.062172030406709676,0.073124661477053113,0.010952631070343437
real,,gaussian,0.50,none,cP_only,0.5,1.3611402680129745,0.13631789870978292,0.062036186754936495,0.37035896757730563,True,False,1.5989107244766869,1.1746847566348291,1.5919803266818722,0.033545578526336488,0.011552360804988169,0.062036186754936495,1.4120017994761977,0.057437421023738625,0.020397651934207492,-0.0006626736795170209,-0.0083777305097398058,7,1.3500184259919248,1.3750537270476866,0.025035301055761794,0.050086335448031052,0.066997996119942588,0.016911660671911535
real,,gaussian,0.50,none,cP_only,0.65,1.3564170780954385,0.13545639863166625,0.065531167486220815,0.37037788942788108,True,False,1.591570204830506,1.1750736779258038,1.5938900047589792,0.036438840799141226,0.016024115241763059,0.065531167486220815,1.415323734999677,0.064060013861551052,0.026627403122490928,0.0007378555015876379,-0.012724718625335424,7,1.3403552463292667,1.3786165731953537,0.038261326866086964,0.056950991972723929,0.070242494998297877,0.013291503025573949
real,,gaussian,0.50,none,cP_only,0.75,1.3501522947348203,0.13307124022188677,0.063440362873154396,0.36365775987550153,True,True,1.5950854533864274,1.1814115041738411,1.5892757226852523,0.040087367743172328,0.014491884469907682,0.063440362873154396,1.4005147036638181,0.050818624878669012,0.024338403828506251,-0.00081497538651540942,-0.017708577963916554,7,1.3372077019877322,1.3684244424988774,0.031216740511145202,0.051016833886282573,0.068255702590332992,0.01723886870405042
real,,gaussian,0.50,none,cP_only,0.85,1.3713411309636125,0.13508206957483995,0.060488271164442574,0.37627745987788341,True,False,1.6221275319869666,1.1828767440579366,1.5771309221243215,0.051865723101648324,0.016831435780219884,0.060488271164442574,1.3918765710081402,0.035510822706612474,0.023865608195958902,0.011864625014462928,-0.010861612820196912,7,1.3464292867830314,1.3962536241775003,0.049824337394468898,0.055722333586678711,0.065348670060638006,0.0096263364739592946
real,,gaussian,0.50,none,cP_only,0.92,1.394449082028117,0.13975590614084676,0.067681675860108606,0.4001810898533672,True,False,1.6418928718077532,1.177449139569692,1.5728009222067494,0.067681675860108606,0.021559448461293231,0.058791926514525986,1.3849389733740283,0.039784401119868536,0.015157632149992656,-0.00078641099448107548,0.00018577820571322155,7,1.3637482737871616,1.415043970803932,0.051295697016770392,0.062169161910706768,0.073130300459324463,0.010961138548617695
real,,gaussian,0.75,continuous,PL2_only,0.75,1.3748905063100767,0.13889318156586933,0.065529525782887815,0.38390362195615468,True,False,1.6142859666773999,1.1890128492993035,1.6347624783823063,0.037344560824453039,0.044206187173880689,0.065529525782887815,1.3657493617697067,0.053525495875348335,0.024756583371862682,-0.010479622314123499,-0.015170395544401019,7,1.3587431338579326,1.3848778907409545,0.026134756883021915,0.055104430822280302,0.069579693782180874,0.014475262959900571
real,,gaussian,0.75,continuous,P_only,0.75,1.37497023332169,0.13890185560674601,0.0655587179385788,0.38399080032946503,True,False,1.6142472307682583,1.1890128492993035,1.6348572748235508,0.037336835112910215,0.044206187173880689,0.0655587179385788,1.365749279602573,0.053525265573709423,0.024756701777347397,-0.010479622314123499,-0.015170914826510049,7,1.3587619307907428,1.3849707121869586,0.026208781396215741,0.055134693578581528,0.069606937975285388,0.014472244396703859
real,,gaussian,0.75,continuous,all,0.75,1.3571850288734979,0.13455250806618135,0.063519462547468736,0.36893218552265472,True,False,1.599235751723914,1.1783476222481801,1.5879230443533867,0.03618719371910023,0.014571314421119953,0.063519462547468736,1.4062786783341956,0.054184291767078223,0.025390932838325074,-0.00042864264262145932,-0.013692042127553844,7,1.3451461888408267,1.3747300341105708,0.029583845269744113,0.051608949147000066,0.067789896399239574,0.016180947252239508
real,,gaussian,0.75,continuous,cP_only,0.75,1.3571524159042923,0.13455856992877463,0.063540123159846251,0.36892881598412375,True,False,1.599197322309196,1.1783476222481801,1.5880142130022832,0.036178123404543093,0.014571314421119953,0.063540123159846251,1.4062785931234125,0.054184045857021336,0.025391051243809741,-0.00042864264262145932,-0.013692561409662945,7,1.345108149227384,1.3746986270293693,0.029590477801985315,0.051628153782858233,0.067794248454167552,0.01616609467130932
real,,gaussian,0.75,discrete_both,PL2_only,0.75,1.3748395494854773,0.13888965929106148,0.065460706504520655,0.38379773953080853,True,False,1.6143225349068249,1.1890088225270137,1.6346963538972972,0.037419639890161178,0.044250631371853227,0.065460706504520655,1.3656794104187171,0.053472653252684202,0.024743957958273912,-0.010493960871425427,-0.015171959271034555,7,1.358763539135075,1.3848165293895129,0.026052990254437969,0.055084364845775925,0.069510713891351772,0.014426349045575847
real,,gaussian,0.75,discrete_both,P_only,0.75,1.3749190949907504,0.1388983101979136,0.065489638880359857,0.38388452826102637,True,False,1.6142839209345141,1.1890088225270137,1.6347909342048594,0.037411743425163874,0.044250631371853227,0.065489638880359857,1.3656793281879154,0.053472422655376349,0.024744076383015432,-0.010493960871425427,-0.015172478960764605,7,1.3587823499352107,1.3849091397960764,0.026126789860865696,0.055114320793000049,0.069537691937857721,0.014423371144857672
real,,gaussian,0.75,discrete_both,all,0.75,1.3572231713548699,0.13455184791360511,0.063455059290348254,0.36889588598359058,True,False,1.5992721327602635,1.1783413122572644,1.5878594917231368,0.036267772529289123,0.014575264492822178,0.063455059290348254,1.4062065217172715,0.054130970089642218,0.025378307423094101,-0.00044298119284354241,-0.01369360585720876,7,1.3451991205406872,1.3747926753711246,0.029593554830437352,0.051597726917590625,0.06774262179089513,0.016144894873304505
real,,gaussian,0.75,discrete_both,cP_only,0.75,1.3571906609755873,0.13455789303564808,0.063475469463118689,0.36889234227070289,True,False,1.5992338244372775,1.1783413122572644,1.5879504528211508,0.036258534667502305,0.014575264492822178,0.063475469463118689,1.4062064364408491,0.054130723848570657,0.025378425847835635,-0.00044298119284354241,-0.013694125546938793,7,1.3451612003778726,1.3747613906451532,0.029600190267280668,0.051616634706464978,0.067746987051592059,0.01613035234512708
real,,gaussian,0.75,none,PL2_only,0.75,1.3594270030973807,0.1361295854270341,0.063773027049076836,0.37083631676437523,True,False,1.6157907895070225,1.1917761220006706,1.62013264189439,0.043247642657787903,0.041567098398886088,0.063773027049076836,1.3537047826713946,0.046455998935455878,0.023006593303760536,-0.016399260881835485,-0.016113947563325064,7,1.3443945360321108,1.3748268336612868,0.030432297629175986,0.051249442599298131,0.06858476027701145,0.017335317677713319
real,,gaussian,0.75,none,P_only,0.75,1.3594959783338447,0.13613660296780908,0.06379316768169499,0.37090719457266907,True,False,1.615760858536422,1.1917761220006706,1.6202148449342173,0.043231931378969558,0.041567098398886088,0.06379316768169499,1.3537046869784879,0.046455741494097265,0.023006707163991794,-0.016399260881835485,-0.016114545050811196,7,1.3444106447643493,1.3748031605761415,0.030392515811792142,0.05126936808790522,0.068604450571876308,0.017335082483971087
real,,gaussian,0.75,none,all,0.75,1.3586482438671881,0.13384555879174387,0.062581834952247881,0.36907210208300123,True,False,1.6045892122048371,1.1810188688998817,1.5837088137956974,0.041951706395518824,0.013091735587878019,0.062581834952247881,1.3968443109791266,0.047241144703404535,0.023524788853338214,0.00044240126431387974,-0.0148486468272834,7,1.3458990133160766,1.3751480282813942,0.02924901496531751,0.048905883116309848,0.067419951264025862,0.018514068147716015
real,,gaussian,0.75,none,cP_only,0.75,1.3586230876804941,0.13385077344047652,0.062595593314856757,0.36906734467473168,True,False,1.604559502273682,1.1810188688998817,1.58378852361327,0.041935625415714529,0.013091735587878019,0.062595593314856757,1.3968442118369946,0.047240866609014269,0.02352490271356945,0.00044240126431387974,-0.01484924431476943,7,1.3458935610935681,1.3751185864122328,0.029225025318664777,0.048917036764072205,0.067433171916558815,0.01851613515248661
real,,hann,none,continuous,PL2_only,0.75,1.3683330996745557,0.1352885812803836,0.065319098882397855,0.3789123823570737,True,False,1.6038752209217275,1.1976095660960067,1.6387288097760486,0.041822494254691631,0.045928126203149115,0.065319098882397855,1.3466438861633099,0.050933121721078604,0.023278895985516173,-0.010594536468408675,-0.021101007839637954,7,1.3505274360116668,1.3794869585531224,0.028959522541455618,0.055170088653874745,0.070140609208611412,0.014970520554736667
real,,hann,none,continuous,P_only,0.75,1.3684136495745121,0.13529826496219313,0.065349634371565768,0.37900178328565554,True,False,1.6038329642082396,1.1976095660960067,1.6388252771067844,0.041820408010187375,0.045928126203149115,0.065349634371565768,1.346643779545398,0.050932925420093138,0.023279032497556435,-0.010594536468408675,-0.021101671453126331,7,1.3505468555231805,1.3795807957840385,0.029033940260857927,0.055201971431018744,0.070170858898032942,0.014968887467014198
real,,hann,none,continuous,all,0.75,1.3471654079502935,0.13261931706659988,0.06347917224624941,0.36148185942599875,True,True,1.5904603941903386,1.1821730663391439,1.5925826611826222,0.040666206430850907,0.015592126192582535,0.06347917224624941,1.4021503906091937,0.051538820281651784,0.024876638675844057,0.000528952892378511,-0.019569098567129826,7,1.3305367549101288,1.3705076513845882,0.039970896474459394,0.051842770038641767,0.068329916211087582,0.016487146172445816
real,,hann,none,continuous,cP_only,0.75,1.3472439870581652,0.13262618762423603,0.063501706763230442,0.36156272146220503,True,True,1.5904183745919962,1.1821730663391439,1.5926755552875249,0.0406621030454513,0.015592126192582535,0.063501706763230442,1.4021502790307194,0.051538599156594984,0.024876775187884195,0.000528952892378511,-0.019569762180618198,7,1.3304953421573973,1.3705933803712886,0.040098038213891352,0.051864401686378771,0.068352108538713,0.016487706852334229
real,,hann,none,discrete_both,PL2_only,0.75,1.368321406110294,0.13528519676031564,0.065317105964202551,0.37890184355613205,True,False,1.6038692365154836,1.197614104654086,1.6387210156577996,0.041809100393523514,0.045920481159988084,0.065317105964202551,1.3466461805910956,0.050934944634794733,0.023279421796901515,-0.010594070428069863,-0.021101538225451341,7,1.3505099265149865,1.379473843916702,0.028963917401715555,0.055163580087854575,0.070138697170773756,0.014975117082919182
real,,hann,none,discrete_both,P_only,0.75,1.3684019587706335,0.13529487907562673,0.065347659238504899,0.37899126479012407,True,False,1.6038269622738408,1.197614104654086,1.6388174866599898,0.041807040842235403,0.045920481159988084,0.065347659238504899,1.3466460739844424,0.050934748339561207,0.02327955830887592,-0.010594070428069863,-0.02110220184401693,7,1.3505293388668049,1.3795676843311324,0.029038345464327486,0.055195486410579087,0.070168966637546432,0.014973480226967345
real,,hann,none,discrete_both,all,0.75,1.3471534484463787,0.13261579379173152,0.063477470165776803,0.36147127977419763,True,True,1.590454357814266,1.1821779590755379,1.592575114245913,0.040650804942017213,0.015591167686397017,0.063477470165776803,1.4021527408977741,0.051540652581241353,0.024877164487229552,0.00052941893273652412,-0.01956962895294356,7,1.3305230469146343,1.3705025997695013,0.039979552854866984,0.0518362531153218,0.06832826715266567,0.01649201403734387
real,,hann,none,discrete_both,cP_only,0.75,1.3472320302000913,0.13262266247994908,0.063500021612367993,0.36155216122171674,True,True,1.5904123207493526,1.1821779590755379,1.5926680118631373,0.040646726974024716,0.015591167686397017,0.063500021612367993,1.4021526293309652,0.051540431462903137,0.024877300999204034,0.00052941893273652412,-0.019570292571509051,7,1.3304816171527829,1.3705883329316264,0.040106715778843505,0.051857907160702668,0.06835047840918454,0.016492571248481872
real,,hann,none,none,PL2_only,0.5,1.4310034856336054,0.15178644953650858,0.073959844269197508,0.43233578064320399,False,False,1.638234949537287,1.1838884057154968,1.694148435180088,0.041042725650648038,0.039836265532804227,0.073959844269197508,1.4223044158868694,0.059047750666811991,0.018682831425927297,-0.0057899088191721033,-0.011199588825640592,1,1.3974157187561127,1.4454623775257232,0.048046658769610451,0.052882891178044754,0.079866029253473636,0.026983138075428882
real,,hann,none,none,PL2_only,0.65,1.4003706423649738,0.14294448200596577,0.070338942498044635,0.40707588862701399,True,False,1.6093383832932691,1.1881104444060528,1.6637949862334387,0.042985543541618855,0.050237557945506377,0.070338942498044635,1.3791539892149671,0.065852489015266399,0.025917823422631669,-0.000660398190456063,-0.015801140815074326,7,1.3799568750711468,1.4169065737594815,0.036949698688334642,0.06402682873375512,0.075399745491626632,0.011372916757871512
real,,hann,none,none,PL2_only,0.75,1.3683330996745557,0.1352885812803836,0.065319098882397855,0.3789123823570737,True,False,1.6038752209217275,1.1976095660960067,1.6387288097760486,0.041822494254691631,0.045928126203149115,0.065319098882397855,1.3466438861633099,0.050933121721078604,0.023278895985516173,-0.010594536468408675,-0.021101007839637954,7,1.3505274360116668,1.3794869585531224,0.028959522541455618,0.055170088653874745,0.070140609208611412,0.014970520554736667
real,,hann,none,none,PL2_only,0.85,1.3669656691023726,0.13649958796726072,0.05981059244308802,0.37240403582591847,True,False,1.6292332132594569,1.1918611052824055,1.6089376469041774,0.052760809119898687,0.043260373591446064,0.05981059244308802,1.3581559831021326,0.032998239843721404,0.02317225580055475,-0.018661487903188431,-0.012816803744033241,7,1.33710425211874,1.3840890131565684,0.046984761037828449,0.05686888538474083,0.064615994073730282,0.0077471086889894514
real,,hann,none,none,PL2_only,0.92,1.4004064120980095,0.14288304594005918,0.075225281375627104,0.41198777022530736,True,False,1.6500016447866037,1.1782305697348705,1.5952581640744776,0.075225281375627104,0.036795808625020979,0.057439118087737238,1.3717915811539902,0.03652301137600928,0.017546793684209097,-0.029857947291600802,-0.00051753498993476268,7,1.359624351487263,1.4163740834333021,0.05674973194603905,0.061951271309056033,0.081280761245230732,0.019329489936174699
real,,hann,none,none,P_only,0.5,1.4311600116050371,0.15180888747438062,0.074134454937878874,0.43261976729389262,False,False,1.6381798944611294,1.1838884057154968,1.6943337444628592,0.041101892780063445,0.039836265532804227,0.074134454937878874,1.4223044953091175,0.05904750501237372,0.01868280247586698,-0.0057899088191721033,-0.011199987139419488,1,1.397412412098838,1.4456441667825732,0.048231754683735195,0.052879788493479456,0.080052913326374361,0.027173124832894906
real,,hann,none,none,P_only,0.65,1.400474454495491,0.14295819731193052,0.070392926902309888,0.40720400217942898,True,False,1.6092834277671921,1.1881104444060528,1.6639183265099622,0.043017584460668154,0.050237557945506377,0.070392926902309888,1.3791539230033907,0.065852347837379893,0.025917943587099295,-0.000660398190456063,-0.0158015627681534,7,1.379980073433503,1.4170275419137037,0.037047468480200685,0.064104241404183832,0.075454431128471181,0.011350189724287349
real,,hann,none,none,P_only,0.75,1.3684136495745121,0.13529826496219313,0.065349634371565768,0.37900178328565554,True,False,1.6038329642082396,1.1976095660960067,1.6388252771067844,0.041820408010187375,0.045928126203149115,0.065349634371565768,1.346643779545398,0.050932925420093138,0.023279032497556435,-0.010594536468408675,-0.021101671453126331,7,1.3505468555231805,1.3795807957840385,0.029033940260857927,0.055201971431018744,0.070170858898032942,0.014968887467014198
real,,hann,none,none,P_only,0.85,1.3669504979093381,0.13650529847081053,0.059821534623223323,0.37240387949965648,True,False,1.6292151313045582,1.1918611052824055,1.6090078946833519,0.052747086676926423,0.043260373591446064,0.059821534623223323,1.3581558996425303,0.032997932032609305,0.02317234961964831,-0.018661487903188431,-0.012817495224012493,7,1.3371018415284226,1.384074145477018,0.046972303948595417,0.056853997795191312,0.06462808572799468,0.0077740879328033682
real,,hann,none,none,P_only,0.92,1.4004112151783628,0.14288993727861235,0.07523016201485444,0.41199608063468923,True,False,1.6500073039227046,1.1782305697348705,1.5953199197532082,0.07523016201485444,0.036795808625020979,0.057444895754249152,1.371791523533292,0.036522598943414135,0.017546840305341319,-0.029857947291600802,-0.00051792654072234997,7,1.3596267172978926,1.4163797200094166,0.056753002711523948,0.0619529704766116,0.081286011973204716,0.019333041496593116
real,,hann,none,none,all,0.5,1.3595399096120988,0.13646533018786272,0.064484834264898275,0.37163117502010096,True,False,1.5962334437288592,1.1740982610685502,1.5942894836879842,0.039398598661541093,0.01262153520083167,0.064484834264898275,1.4146338776161886,0.059575433072840515,0.020429342335400141,-0.00058329394763268676,-0.0083927855995675552,7,1.34751347937517,1.3773255462154492,0.029812066840279261,0.050231337355830755,0.069672907257511518,0.019441569901680764
real,,hann,none,none,all,0.65,1.3593006889302934,0.13537475902838705,0.066359663517709472,0.37333003170390544,True,False,1.5871541135787519,1.1749271779251527,1.5970793223965853,0.040474230084720064,0.01727321374403927,0.066359663517709472,1.41833663935068,0.066289099789354294,0.027279815772823287,0.001042285784271076,-0.013854128467765387,7,1.3384161129298331,1.3818761293498647,0.043460016420031611,0.058698832377577358,0.07120909943150501,0.012510267053927653
real,,hann,none,none,all,0.75,1.3471654079502935,0.13261931706659988,0.06347917224624941,0.36148185942599875,True,True,1.5904603941903386,1.1821730663391439,1.5925826611826222,0.040666206430850907,0.015592126192582535,0.06347917224624941,1.4021503906091937,0.051538820281651784,0.024876638675844057,0.000528952892378511,-0.019569098567129826,7,1.3305367549101288,1.3705076513845882,0.039970896474459394,0.051842770038641767,0.068329916211087582,0.016487146172445816
real,,hann,none,none,all,0.85,1.3680321349540803,0.13467996987620404,0.05939215590815887,0.37276546529612997,True,False,1.6199389314639459,1.1841380696209458,1.5807287462817698,0.050296812873516401,0.020314528251962453,0.05939215590815887,1.392534715239804,0.034001916329814648,0.024160317092163687,0.015708075885830706,-0.01157450823561504,7,1.3436452159013816,1.3934560721392024,0.049810856237820778,0.053917107956761537,0.064144209642610833,0.010227101685849296
real,,hann,none,none,all,0.92,1.3925516203204558,0.13966223140891068,0.066822361227122776,0.39796012360742328,True,False,1.6416212947896882,1.17885848598698,1.5777099473802778,0.066822361227122776,0.021925718661178231,0.05681911152772974,1.3842583060591047,0.037797954333294484,0.014109353957793327,0.0024908133723200304,0.00032800271815052194,7,1.3619336525093864,1.412929603855384,0.050995951345997659,0.059830916915361791,0.072203222168911785,0.012372305253549994
real,,hann,none,none,cP_only,0.5,1.3594939577364227,0.13648034175330065,0.064641545182126905,0.37175408578777475,True,False,1.5961794917115348,1.1740982610685502,1.5944600726040805,0.039455886729849399,0.01262153520083167,0.064641545182126905,1.4146339563884616,0.059575169977699481,0.020429313385339799,-0.00058329394763268676,-0.0083931839133464994,7,1.3474599466665933,1.3773222927345592,0.029862346067965895,0.050226103263351855,0.06984186632747999,0.019615763064128135
real,,hann,none,none,cP_only,0.65,1.359400095796671,0.13538392489904771,0.066400790535960222,0.37344428693617682,True,False,1.5870995960342911,1.1749271779251527,1.5971961182255647,0.04050340701312214,0.01727321374403927,0.066400790535960222,1.4183365704038442,0.066288947080035257,0.027279935937290799,0.001042285784271076,-0.013854550420844434,7,1.3385318965431516,1.3819849891507565,0.043453092607604882,0.058741157737275174,0.071250162483618137,0.012509004746342964
real,,hann,none,none,cP_only,0.75,1.3472439870581652,0.13262618762423603,0.063501706763230442,0.36156272146220503,True,True,1.5904183745919962,1.1821730663391439,1.5926755552875249,0.0406621030454513,0.015592126192582535,0.063501706763230442,1.4021502790307194,0.051538599156594984,0.024876775187884195,0.000528952892378511,-0.019569762180618198,7,1.3304953421573973,1.3705933803712886,0.040098038213891352,0.051864401686378771,0.068352108538713,0.016487706852334229
real,,hann,none,none,cP_only,0.85,1.3680169906036743,0.13468458464393374,0.059397660810854951,0.37275989996601139,True,False,1.6199209984620906,1.1841380696209458,1.5807972588929047,0.050282963848378534,0.020314528251962453,0.059397660810854951,1.3925346295586338,0.034001570760888063,0.024160410911257389,0.015708075885830706,-0.011575199715594217,7,1.3436428172602022,1.3934384754101021,0.049795658149899946,0.05390198128310536,0.064150691712500638,0.010248710429395277
real,,hann,none,none,cP_only,0.92,1.3925563313499256,0.1396687380635287,0.066827113722004616,0.39796825911621453,True,False,1.6416268484267564,1.17885848598698,1.5777706643658955,0.066827113722004616,0.021925718661178231,0.056820886082005806,1.3842582477283649,0.037797534320360607,0.014109400578925577,0.0024908133723200304,0.00032761116736290587,7,1.3619359758841816,1.4129351623819302,0.050999186497748594,0.059829305093606289,0.072208359095001076,0.012379054001394788
real,,riesz,1,continuous,PL2_only,0.75,1.3728073124125146,0.13819213649253165,0.064471285142386384,0.38132906152057844,True,False,1.6132587881210672,1.1905046131886741,1.634333438446244,0.039230841468780614,0.044300123996800278,0.064471285142386384,1.3637028348022231,0.051711436683799579,0.024362078042728004,-0.0095762404867343089,-0.015925681382811595,7,1.3579658554238527,1.3831524234899366,0.025186568066083881,0.053356934335787039,0.068700292747511327,0.015343358411724288
real,,riesz,1,continuous,P_only,0.75,1.3728826975199859,0.13820005358072987,0.064494981832782683,0.38140766980494023,True,False,1.6132190964849202,1.1905046131886741,1.6344231847644541,0.03922545819196703,0.044300123996800278,0.064494981832782683,1.3637027579617895,0.051711196735396731,0.024362201722895934,-0.0095762404867343089,-0.015926237902888281,7,1.3579846461536722,1.3832402358172082,0.025255589663536027,0.053380840211381078,0.068722196164930971,0.015341355953549893
real,,riesz,1,continuous,all,0.75,1.3558910713423962,0.13423329241982773,0.062694517073643527,0.36715337249671093,True,False,1.5985240154526239,1.1789472246247699,1.5878538077664142,0.038011688726393482,0.016177609006090689,0.062694517073643527,1.4069427917507777,0.052370617134740866,0.025022587023631838,-0.0048399099564976952,-0.014558847522890271,7,1.3427814530399071,1.375147068109152,0.032365615069244846,0.050084127006481939,0.067270475503335161,0.017186348496853222
real,,riesz,1,continuous,cP_only,0.75,1.3558576671440687,0.13423867358109445,0.062710198128230268,0.36714441690421085,True,False,1.5984846336657148,1.1789472246247699,1.5879401688038877,0.038005111410618846,0.016177609006090689,0.062710198128230268,1.4069427117303248,0.052370360415461295,0.025022710703799775,-0.0048399099564976952,-0.014559404042966885,7,1.3427424713001024,1.3751151418034158,0.032372670503313383,0.050097347641552138,0.067274794347365621,0.017177446705813483
real,,riesz,1,discrete_both,PL2_only,0.75,1.3728605210926785,0.13820583614094684,0.064381546355498517,0.3812780810128395,True,False,1.6132401096962408,1.1904600726879013,1.6343356357303402,0.039233287022250506,0.044356763024083416,0.064381546355498517,1.3636111043821495,0.051686442316984195,0.024332300469028595,-0.0095700232200923285,-0.015914904467112571,7,1.3580841355504805,1.3832172070954185,0.025133071544938046,0.053345461092724533,0.068603327016662996,0.015257865923938463
real,,riesz,1,discrete_both,P_only,0.75,1.3729357512016744,0.13821373369236395,0.064405003940811612,0.3813563351682942,True,False,1.6132004646000095,1.1904600726879013,1.6344251941713639,0.03922780526444828,0.044356763024083416,0.064405003940811612,1.3636110273794253,0.051686202201176847,0.02433242411662789,-0.0095700232200923285,-0.015915461072488066,7,1.3581029496583061,1.3833048399760319,0.025201890317725795,0.053369089426642369,0.068624976768463741,0.015255887341821373
real,,riesz,1,discrete_both,all,0.75,1.3559301460564801,0.13424796086299193,0.062608443302117706,0.36709611678578291,True,False,1.5985056309719752,1.1788996915667003,1.5878565144470833,0.038016533623435572,0.016162274429096752,0.062608443302117706,1.4068475203302537,0.052345683067706844,0.024992809449932929,-0.0048336926898530468,-0.014548070607191592,7,1.3428401584740528,1.3751908019551813,0.032350643481128483,0.050082442271001414,0.067194238271908166,0.017111796000906752
real,,riesz,1,discrete_both,cP_only,0.75,1.3558967797195856,0.13425332737178597,0.06262389160614952,0.36708695707624339,True,False,1.5984662954077016,1.1788996915667003,1.5879426950437774,0.038009856705025179,0.016162274429096752,0.06262389160614952,1.4068474401430104,0.052345426170028138,0.024992933097532147,-0.0048336926898530468,-0.014548627212567134,7,1.3428012207612001,1.375158920532888,0.032357699771687898,0.050095397061825898,0.067198561858322362,0.017103164796496463
real,,riesz,1,none,PL2_only,0.75,1.3728073124125146,0.13819213649253165,0.064471285142386384,0.38132906152057844,True,False,1.6132587881210672,1.1905046131886741,1.634333438446244,0.039230841468780614,0.044300123996800278,0.064471285142386384,1.3637028348022231,0.051711436683799579,0.024362078042728004,-0.0095762404867343089,-0.015925681382811595,7,1.3579658554238527,1.3831524234899366,0.025186568066083881,0.053356934335787039,0.068700292747511327,0.015343358411724288
real,,riesz,1,none,P_only,0.75,1.3728826975199859,0.13820005358072987,0.064494981832782683,0.38140766980494023,True,False,1.6132190964849202,1.1905046131886741,1.6344231847644541,0.03922545819196703,0.044300123996800278,0.064494981832782683,1.3637027579617895,0.051711196735396731,0.024362201722895934,-0.0095762404867343089,-0.015926237902888281,7,1.3579846461536722,1.3832402358172082,0.025255589663536027,0.053380840211381078,0.068722196164930971,0.015341355953549893
real,,riesz,1,none,all,0.75,1.3558910713423962,0.13423329241982773,0.062694517073643527,0.36715337249671093,True,False,1.5985240154526239,1.1789472246247699,1.5878538077664142,0.038011688726393482,0.016177609006090689,0.062694517073643527,1.4069427917507777,0.052370617134740866,0.025022587023631838,-0.0048399099564976952,-0.014558847522890271,7,1.3427814530399071,1.375147068109152,0.032365615069244846,0.050084127006481939,0.067270475503335161,0.017186348496853222
real,,riesz,1,none,cP_only,0.75,1.3558576671440687,0.13423867358109445,0.062710198128230268,0.36714441690421085,True,False,1.5984846336657148,1.1789472246247699,1.5879401688038877,0.038005111410618846,0.016177609006090689,0.062710198128230268,1.4069427117303248,0.052370360415461295,0.025022710703799775,-0.0048399099564976952,-0.014559404042966885,7,1.3427424713001024,1.3751151418034158,0.032372670503313383,0.050097347641552138,0.067274794347365621,0.017177446705813483
real,,riesz,2,continuous,PL2_only,0.75,1.3644302402328554,0.13314423033810469,0.067384026011225159,0.37812096108702187,True,False,1.5947263393207496,1.2008974550616127,1.6385408031047408,0.045585134804196341,0.046909248975919464,0.067384026011225159,1.3324755174400196,0.053335629870413945,0.022637896848804261,-0.015194419227430605,-0.026600851855830884,7,1.3439172703330466,1.3768956079030412,0.032978337569994576,0.05758826691074604,0.07249176357895859,0.01490349666821255
real,,riesz,2,continuous,P_only,0.75,1.3645173264002042,0.13315580153745435,0.067426202294151277,0.37822696136454803,True,False,1.5946826621820189,1.2008974550616127,1.638645384661481,0.045584308149482208,0.046909248975919464,0.067426202294151277,1.3324753856231257,0.05333549113750715,0.022638041690052697,-0.015194419227430605,-0.026601549103267792,7,1.3439361017321845,1.3769970076617808,0.033060905929596318,0.057633761746911184,0.072534795132522492,0.014901033385611308
real,,riesz,2,continuous,all,0.75,1.3466762605953893,0.13141913487029055,0.065160715818036896,0.36280024330210586,True,True,1.5826759618258657,1.1828973338450521,1.5929797582107106,0.044282245899422631,0.015446860013789704,0.065160715818036896,1.3977034948471039,0.053863123573379891,0.024103368936768028,-0.0011190265037341028,-0.024999547515635056,7,1.3280487612263705,1.3696124738978774,0.041563712671506936,0.053899009801065628,0.070225150207140097,0.016326140406074469
real,,riesz,2,continuous,cP_only,0.75,1.3467614680878834,0.13142759716970079,0.065195288526944631,0.36289808644909738,True,True,1.582632445762467,1.1828973338450521,1.5930805499264056,0.044278820528386262,0.015446860013789704,0.065195288526944631,1.3977033560380641,0.053862957040936459,0.024103513778016387,-0.0011190265037341028,-0.025000244763072058,7,1.3281480045656109,1.3697059698179319,0.041557965252321027,0.053935268932410782,0.070260546126527892,0.01632527719411711
real,,riesz,2,discrete_both,PL2_only,0.75,1.3642377017175278,0.13312056857940904,0.067303606621503489,0.37789941898120338,True,False,1.5948856679558083,1.200931090201077,1.6383554704170424,0.045449798002976161,0.046963726107560562,0.067303606621503489,1.3325129664555548,0.053364643829908659,0.02262957651714172,-0.015155624750246274,-0.026567571744624926,7,1.3436456612848839,1.3766726416496868,0.033026980364802894,0.057475386384835882,0.072407213972523393,0.014931827587687511
real,,riesz,2,discrete_both,P_only,0.75,1.3643246859802465,0.1331320978932167,0.067345852071308915,0.37800542274061566,True,False,1.5948420311495006,1.200931090201077,1.6384599325224996,0.045448905696851963,0.046963726107560562,0.067345852071308915,1.3325128347749471,0.053364504685327246,0.022629721277526507,-0.015155624750246274,-0.026568268343073635,7,1.343664355212508,1.376773922772196,0.033109567559687969,0.057521006659437497,0.072450330459407214,0.014929323799969717
real,,riesz,2,discrete_both,all,0.75,1.3464890309243982,0.13140312197989493,0.065091281420660202,0.36259176829561224,True,True,1.5828340472991578,1.1829289653211552,1.5928008761676833,0.044141647566792674,0.015529900608241252,0.065091281420660202,1.3977424027378795,0.053893894426792682,0.024095048606742088,-0.001080232064112052,-0.024966267397864429,7,1.3278129595621802,1.3694314108702694,0.041618451308089277,0.053796856398351953,0.070151944709635414,0.016355088311283461
real,,riesz,2,discrete_both,cP_only,0.75,1.3465741386934986,0.13141154462046381,0.065125914204946234,0.36268960625836488,True,True,1.5827905712294381,1.1829289653211552,1.5929015526129262,0.04413814633455005,0.015529900608241252,0.065125914204946234,1.3977422640715393,0.053893727542958784,0.024095193367126861,-0.001080232064112052,-0.024966963996313121,7,1.3279120862751983,1.3695247966750368,0.041612710399838493,0.053833227985440053,0.070187416208104661,0.016354188222664608
real,,riesz,2,none,PL2_only,0.5,1.4684746384797824,0.16230769842121903,0.094350632891505568,0.47857483404125312,False,False,1.6826246358352817,1.1847827051731137,1.7398233546561868,0.02884195386259044,0.031493100557690418,0.094350632891505568,1.4627530551821804,0.038071018872215603,0.013666246072043267,-0.016509336145283805,-0.025168167839575286,0,1.4286861954605918,1.4878427176632443,0.05915652220265244,0.037334980667947944,0.10194207551996425,0.064607094852016295
real,,riesz,2,none,PL2_only,0.65,1.4335307328653673,0.15188143538792123,0.079055510380127245,0.43919595553266716,False,False,1.6257350017892989,1.1775986268878564,1.6881238226237989,0.053696319823934045,0.050124594923765801,0.079055510380127245,1.4169965010183776,0.079176641240882487,0.021152231177207406,0.0048175953042143361,-0.0082038357775767907,1,1.4049408960760368,1.4535937910671004,0.048652894991063622,0.07082990536392543,0.085254872353722394,0.014424966989796964
real,,riesz,2,none,PL2_only,0.75,1.3913649503987251,0.14027733563378952,0.067103457095945923,0.39738870111697999,True,False,1.6051738432341314,1.1927151428340521,1.6595020455491092,0.049694571968441445,0.051028672031149178,0.067103457095945923,1.3696611939946526,0.059213439955984583,0.025853054643407529,0.00052885729019641506,-0.018557269860663021,7,1.3750553388374016,1.4080809598061468,0.033025620968745173,0.057825827848298803,0.072201995816271347,0.014376167967972545
real,,riesz,2,none,PL2_only,0.85,1.3545547018356587,0.13291647851468624,0.067820159445978162,0.37129292643425815,True,False,1.6075665318716861,1.2003219101424274,1.6259016870997842,0.045737930225031025,0.045858144669721733,0.067820159445978162,1.3379452529794715,0.043829254793143861,0.021802358658603124,-0.016785930474172702,-0.028486076167249224,7,1.3352529620437488,1.3640722894449298,0.028819327401180983,0.056785100712972471,0.073130778990870504,0.016345678277898033
real,,riesz,2,none,PL2_only,0.92,1.3877129041358851,0.14127770735071685,0.064984897196079014,0.39264189648539988,True,False,1.6408706656589924,1.1824280517739698,1.6072903201554618,0.064984897196079014,0.042778121135696276,0.051965637877418161,1.3705695138980027,0.032202210199906191,0.0180505764658901,-0.018820140887034091,0.00033661954220463842,7,1.3509136328544629,1.4015798258887049,0.050666193034242024,0.054801229894448612,0.070139481628551964,0.015338251734103352
real,,riesz,2,none,P_only,0.5,1.4687007876987126,0.16234260572795867,0.094673180338918514,0.47905137244021867,False,False,1.6825891966332611,1.1847827051731137,1.7400912923395637,0.028884408659977334,0.031493100557690418,0.094673180338918514,1.462753300832158,0.038070905604527937,0.013666083526270408,-0.016509336145283805,-0.02516919893794043,0,1.4286874489176933,1.4881158579965779,0.059428409078884581,0.037334979233364637,0.10229401140303851,0.064959032169673872
real,,riesz,2,none,P_only,0.65,1.4336733826016803,0.15190119054810622,0.079171042246035842,0.43941099181520327,False,False,1.6256699845793343,1.1775986268878564,1.6882918067574073,0.053767967733628873,0.050124594923765801,0.079171042246035842,1.4169965102547746,0.079176652747959902,0.021152259837199504,0.0048175953042143361,-0.0082039463505158266,1,1.4049635856050906,1.4537598300322174,0.048796244427126823,0.070834422411432535,0.085376977814313124,0.014542555402880589
real,,riesz,2,none,P_only,0.75,1.3914536216418414,0.14028845638509557,0.067136496201906551,0.39748546787233696,True,False,1.6051188905986129,1.1927151428340521,1.6596078050835079,0.049721861720554039,0.051028672031149178,0.067136496201906551,1.3696611311064359,0.059213250484871749,0.02585320079600328,0.00052885729019641506,-0.018557825258938367,7,1.3750788107071938,1.4081844205026202,0.033105609795426316,0.057874145407009539,0.072235390875507316,0.014361245468497777
real,,riesz,2,none,P_only,0.85,1.354631627468498,0.13292531488036713,0.067850208911879858,0.37137976463560257,True,False,1.6075321476462139,1.2003219101424274,1.6259940226223326,0.045726533936934675,0.045858144669721733,0.067850208911879858,1.3379451554539383,0.043829229747164043,0.021802465221680653,-0.016785930474172702,-0.02848696044886765,7,1.3352693937876174,1.3641616047727827,0.028892210985165256,0.056816277584375678,0.07316503503179117,0.016348757447415492
real,,riesz,2,none,P_only,0.92,1.3877092034522909,0.14128382251922791,0.064979750174902789,0.39263408271051858,True,False,1.6408662898668998,1.1824280517739698,1.6073521393439079,0.064979750174902789,0.042778121135696276,0.05196676477810247,1.3705694467364637,0.032201728203793363,0.018050635308268618,-0.018820140887034091,0.00033611651932883012,7,1.3509150861827486,1.4015756691756571,0.050660582992908543,0.054799080690890782,0.070133840052276464,0.015334759361385682
real,,riesz,2,none,all,0.5,1.3709356221229747,0.13808310198334961,0.079026907724531373,0.39452035032617871,True,False,1.6151254655342204,1.1781191176819108,1.5981576374294717,0.030603658805803034,0.011475362901106748,0.079026907724531373,1.4122662587997377,0.036956421042019891,0.016300888388262744,-0.008394189765126488,-0.02094788189661502,7,1.3626282651190893,1.3843719730212038,0.021743707902114551,0.035227607361566222,0.085402566997069163,0.05017495963550294
real,,riesz,2,none,all,0.65,1.3678952565774019,0.13847686918926436,0.071163477348255719,0.38443672678784052,True,False,1.5900209749396932,1.1668891582129619,1.596182144471108,0.049802859507221596,0.013405613113568651,0.071163477348255719,1.4193192870543059,0.079642801690755133,0.022217892882154665,0.0074435939981467867,-0.0056351034100930366,7,1.3514742974318432,1.3862668069059554,0.034792509474112165,0.066485674748392148,0.076833061371205671,0.010347386622813523
real,,riesz,2,none,all,0.75,1.3564586812299859,0.13429443416484044,0.064167367478000864,0.36904476029311162,True,False,1.5855430230160652,1.1774159524619034,1.5971160901356214,0.047030995097630313,0.022193105790655088,0.064167367478000864,1.420418778847397,0.059653235205607814,0.027283556775899002,-0.0099785040864235237,-0.016932219525652631,7,1.3376195888004014,1.3788255315415641,0.041205942741162627,0.053979382405180937,0.069085190141690123,0.015105807736509186
real,,riesz,2,none,all,0.85,1.3473685874414143,0.13183795023058403,0.066678195419218017,0.3648316912299614,True,True,1.5978642101714242,1.1859146970360119,1.5891436219168493,0.045002449287067335,0.02118692232478073,0.066678195419218017,1.3991120185757737,0.044170050733874894,0.024241278320241044,0.014206560905654817,-0.026842461523262306,7,1.332994866360256,1.3715123747228837,0.038517508362627684,0.054437278122747679,0.071812517259479999,0.017375239136732321
real,,riesz,2,none,all,0.92,1.3852670487176173,0.13910271763968263,0.05815269656234015,0.38404563257379543,True,False,1.6327691934179522,1.1786674597720743,1.5857378575004584,0.05815269656234015,0.022295409241732546,0.051967811051275473,1.3910415706336243,0.033760971273348185,0.01629175465486354,0.012888873923464852,0.0011844091666814919,7,1.3556968985047699,1.4091166380550615,0.053419739550291556,0.054940687924632206,0.062750325211221175,0.0078096372865889691
real,,riesz,2,none,cP_only,0.5,1.3709067238759247,0.13810700668806364,0.079334735704917822,0.39480709886916193,True,False,1.6150914199569033,1.1781191176819108,1.5983962715829567,0.030643217358984325,0.011475362901106748,0.079334735704917822,1.4122664956521729,0.036956172176190412,0.016300725842489986,-0.008394189765126488,-0.020948912994980112,6,1.3625946080272922,1.3843731864154747,0.021778578388182535,0.035227806886540647,0.085735896030009959,0.050508089143469312
real,,riesz,2,none,cP_only,0.65,1.3680286066362408,0.13848959804001121,0.071259694401443113,0.38463042466696573,True,False,1.5899567948274462,1.1668891582129619,1.5963377492090143,0.049873652950619331,0.013405613113568651,0.071259694401443113,1.4193192959143122,0.079642810526788607,0.022217921542146808,0.0074435939981467867,-0.0056352139830320776,7,1.3514101404350634,1.3864131392642753,0.035002998829211984,0.066580279361701689,0.076935324353316042,0.010355044991614354
real,,riesz,2,none,cP_only,0.75,1.3565441149567246,0.13430154194014865,0.064189800704475317,0.36913017445487079,True,False,1.5854884681035399,1.1774159524619034,1.5972166811683617,0.047056143945402119,0.022193105790655088,0.064189800704475317,1.4204187122452179,0.059653029911376165,0.027283702928494802,-0.0099785040864235237,-0.016932774923928032,7,1.3377191709004139,1.3789185025658175,0.041199331665403571,0.054000194813944191,0.069107329575493315,0.015107134761549124
real,,riesz,2,none,cP_only,0.85,1.3473396735651573,0.13184458345999817,0.066702040505825164,0.36483407657142541,True,True,1.5978299207806228,1.1859146970360119,1.58923319667214,0.044989125137268257,0.02118692232478073,0.066702040505825164,1.3991119164591068,0.044169975441332526,0.024241384883318576,0.014206560905654817,-0.026843345804880701,7,1.332961261101016,1.371478612659812,0.038517351558795987,0.054460482282715016,0.071840475738052204,0.017379993455337188
real,,riesz,2,none,cP_only,0.92,1.3852633630363647,0.13910824268019556,0.058147076454551916,0.38403735183377807,True,False,1.6327648492253928,1.1786674597720743,1.5857984641467251,0.058147076454551916,0.022295409241732546,0.051964231425030705,1.3910415023475251,0.033760478980636513,0.016291813497242003,0.012888873923464852,0.0011839061438056091,7,1.3556983322065674,1.4091124622383759,0.053414130031808504,0.05493358204931259,0.0627441671278791,0.0078105850785665093
real,,riesz,4,continuous,PL2_only,0.75,1.3596559601271925,0.13073158979226912,0.075413782800137816,0.38264548005095422,True,False,1.5884788644106578,1.2075130569632382,1.6418023248314728,0.045647053545330739,0.052257850614924141,0.075413782800137816,1.3207001281732045,0.057107592704174849,0.019392966178668768,-0.014400123586964823,-0.040990813502242589,7,1.337378760637272,1.3752291361568889,0.037850375519616897,0.066434025501776739,0.081405162503741732,0.014971137001964993
real,,riesz,4,continuous,P_only,0.75,1.3597502000200687,0.13074524708322469,0.075464063935278297,0.38276507035682106,True,False,1.5884323490083532,1.2075130569632382,1.6419161207326078,0.045650144907488657,0.052257850614924141,0.075464063935278297,1.3207010816015081,0.057107696627544717,0.01939309081093336,-0.014400123586964823,-0.04099178413521512,7,1.3373982859981013,1.3753389827567131,0.03794069675861178,0.066487323397798337,0.08146117309094987,0.014973849693151534
real,,riesz,4,continuous,all,0.75,1.3468770660481959,0.13046206678020553,0.073375317213866517,0.37116394547956277,True,False,1.5778316172016507,1.1852830523005629,1.5964305599192323,0.04410936381193143,0.020597001123172066,0.073375317213866517,1.4013693402856542,0.057029792997616319,0.022810025848373675,0.0070056201840540955,-0.039033285734387607,7,1.3252734855072823,1.3744515151015257,0.049178029594243444,0.06305530065330453,0.079118863580272022,0.016063562926967492
real,,riesz,4,continuous,cP_only,0.75,1.34696969508676,0.13047218560148238,0.073419073368862817,0.37127647246439022,True,False,1.577785032311311,1.1852830523005629,1.5965403515487935,0.044106920919154247,0.020597001123172066,0.073419073368862817,1.4013692084334792,0.057029852579518779,0.022810150480638218,0.0070056201840540955,-0.039034256367360139,7,1.3253811343472728,1.3745541363700322,0.049173002022759427,0.063100997660763103,0.079168443843637526,0.016067446182874423
real,,riesz,4,discrete_both,PL2_only,0.75,1.3599265365380686,0.13084109108929715,0.075766673554878664,0.38319735459243487,True,False,1.588965828231071,1.2074383414579446,1.6420274417821725,0.045281360799027538,0.051932084588181299,0.075766673554878664,1.3207072262967046,0.05719309735013238,0.019347646613623423,-0.014380883978217771,-0.0411385333058557,7,1.3375850619271252,1.3755856131557436,0.03800055122861834,0.066793163688457127,0.08178739929538878,0.014994235606931652
real,,riesz,4,discrete_both,P_only,0.75,1.3600212514836454,0.13085482576308829,0.075817524636149186,0.38331785035293942,True,False,1.5889195068293334,1.2074383414579446,1.642141804238971,0.045284189081307727,0.051932084588181299,0.075817524636149186,1.3207081818045574,0.057193203687360097,0.01934777070231088,-0.014380883978217771,-0.041139506020782514,7,1.337604784366079,1.3756960152599986,0.038091230893919636,0.066847067454048517,0.0818440283480866,0.014996960894038083
real,,riesz,4,discrete_both,all,0.75,1.3471229798587507,0.13057164448622782,0.073711393188062302,0.37168258552729039,True,False,1.5783177572601652,1.1852270930266671,1.5966466533674086,0.043762219570678593,0.020450079641950034,0.073711393188062302,1.401379331851762,0.057111169237277187,0.022764706280535878,0.0070248597621904519,-0.039181005525826942,7,1.3255592797102131,1.374935310927665,0.049376031217451821,0.063397458249075556,0.079483121745319546,0.01608566349624399
real,,riesz,4,discrete_both,cP_only,0.75,1.3472160743138395,0.13058183491064707,0.073755732924220413,0.37179602900522268,True,False,1.5782713659789798,1.1852270930266671,1.5967569914377902,0.043759475769701996,0.020450079641950034,0.073755732924220413,1.4013792005029839,0.057111231209680952,0.022764830369223381,0.0070248597621904519,-0.039181978240753763,7,1.3256674706686615,1.3750384958053117,0.049371025136650148,0.063443792657095821,0.079533337546195612,0.016089544889099791
real,,riesz,4,none,PL2_only,0.75,1.4105942831146798,0.14488591118696367,0.06968108581440699,0.41369217879413767,True,False,1.6094652571320027,1.1878851042796568,1.6756239370939692,0.065033029031680234,0.056175413771181924,0.06968108581440699,1.3916656667124869,0.065277072882960988,0.028221770722128236,0.0096060372836556229,-0.016006477947735822,6,1.3956734991987012,1.4315190352167326,0.035845536018031421,0.060912916418156299,0.0752527134402253,0.014339797022069001
real,,riesz,4,none,P_only,0.75,1.4106888092397145,0.14489799206722589,0.069714420881207467,0.4137925231768953,True,False,1.6094015797865404,1.1878851042796568,1.6757362232698632,0.065078811267112263,0.056175413771181924,0.069714420881207467,1.3916656485377437,0.065276911198840465,0.028221920899644697,0.0096060372836556229,-0.016006945040506509,6,1.3957000206001664,1.4316294612132068,0.035929440613040375,0.060959904067554027,0.075289718455138682,0.014329814387584655
real,,riesz,4,none,all,0.75,1.3636669922608975,0.13603696481550664,0.065832015355098611,0.37600940439801867,True,False,1.5844671308008356,1.173221514871456,1.5998834544405323,0.060783669116567622,0.030492212998274325,0.065832015355098611,1.4367618954513834,0.065551050927312851,0.02948037386454885,-0.017724485717032525,-0.014307154868043891,7,1.3453436204248963,1.3853311632857515,0.039987542860855152,0.060073103825312259,0.071048406973633502,0.010975303148321243
real,,riesz,4,none,cP_only,0.75,1.3637571054463924,0.13604406364608607,0.06585269322914386,0.37609616160721637,True,False,1.5844040069463381,1.173221514871456,1.5999891771685284,0.060828334214187263,0.030492212998274325,0.06585269322914386,1.4367618744325688,0.065550878045789324,0.029480524042065359,-0.017724485717032525,-0.014307621960814535,7,1.3454487257995589,1.3854289991544382,0.039980273354879303,0.060100850764443964,0.07107209859469972,0.010971247830255756
real,,smoothstep,none,continuous,PL2_only,0.75,1.3689713655053704,0.13556653929752932,0.0651323248451188,0.37919195457429511,True,False,1.6046500209947552,1.1970574665378553,1.638737394554727,0.041474009607159856,0.045730592782697879,0.0651323248451188,1.3480567640940755,0.050959595326645811,0.023291729133670235,-0.010368226426532156,-0.020442655143528474,7,1.35143476466618,1.3800672544131931,0.028632489747013157,0.054962812944661273,0.069881622022781739,0.014918809078120467
real,,smoothstep,none,continuous,P_only,0.75,1.3690514798829585,0.13557609693715847,0.065162093522829645,0.37928024312721154,True,False,1.6046079994255333,1.1970574665378553,1.6388332960685958,0.04147152492472659,0.045730592782697879,0.065162093522829645,1.3480566595057946,0.050959392260298768,0.023291864910403727,-0.010368226426532156,-0.020443307545551712,7,1.3514542423661959,1.3801605854632581,0.028706343097062215,0.054993803497297732,0.069910896869518319,0.014917093372220587
real,,smoothstep,none,continuous,all,0.75,1.3473754929960748,0.13277561777915303,0.063297427334436704,0.3614560483477629,True,True,1.5911087023622141,1.181952525781276,1.5925338671225024,0.040314798205058552,0.015589562672353854,0.063297427334436704,1.4023997514636641,0.05158036084512034,0.024791742743129768,7.641727925834057e-05,-0.018927037010940138,7,1.331450602331709,1.3705117170902625,0.039061114758553561,0.051639475223074015,0.068090710814448313,0.016451235591374298
real,,smoothstep,none,continuous,cP_only,0.75,1.3474536199105895,0.13278238908311557,0.063319173311522384,0.36153577715883417,True,True,1.5910669291628821,1.181952525781276,1.5926262094264447,0.040310427051526744,0.015589562672353854,0.063319173311522384,1.402399642074295,0.051580133869566974,0.024791878519863371,7.641727925834057e-05,-0.018927689412963446,7,1.331409419180213,1.3705968974228613,0.039187478242648233,0.051660152452342081,0.068111899020362188,0.016451746568020106
real,,smoothstep,none,discrete_both,PL2_only,0.75,1.3689713655053508,0.13556653929752527,0.06513232484511812,0.37919195457428018,True,False,1.6046500209947554,1.1970574665378595,1.6387373945547092,0.041474009607161112,0.045730592782694181,0.06513232484511812,1.3480567640940566,0.050959595326638511,0.023291729133668181,-0.010368226426541746,-0.020442655143529675,7,1.3514347646661593,1.3800672544131687,0.028632489747009382,0.054962812944659087,0.069881622022781878,0.014918809078122791
real,,smoothstep,none,discrete_both,P_only,0.75,1.3690514798829387,0.13557609693715436,0.065162093522829034,0.37928024312719649,True,False,1.6046079994255336,1.1970574665378595,1.6388332960685781,0.041471524924727811,0.045730592782694181,0.065162093522829034,1.3480566595057761,0.050959392260291565,0.023291864910401673,-0.010368226426541746,-0.020443307545553051,7,1.3514542423661751,1.3801605854632339,0.028706343097058884,0.054993803497295546,0.069910896869518513,0.014917093372222967
real,,smoothstep,none,discrete_both,all,0.75,1.3473754929960666,0.1327756177791517,0.063297427334436843,0.36145604834775696,True,True,1.5911087023622197,1.1819525257812802,1.5925338671224984,0.040314798205060419,0.015589562672351391,0.063297427334436843,1.4023997514636488,0.051580360845112923,0.024791742743127593,7.64172792670034e-05,-0.018927037010941169,7,1.3314506023317125,1.3705117170902559,0.039061114758543347,0.051639475223072995,0.068090710814449049,0.016451235591376054
real,,smoothstep,none,discrete_both,cP_only,0.75,1.3474536199105818,0.13278238908311432,0.063319173311522522,0.36153577715882856,True,True,1.5910669291628874,1.1819525257812802,1.5926262094264412,0.040310427051528555,0.015589562672351391,0.063319173311522522,1.4023996420742799,0.051580133869559605,0.024791878519861081,7.64172792670034e-05,-0.018927689412964528,7,1.331409419180217,1.3705968974228546,0.039187478242637575,0.051660152452341082,0.068111899020362965,0.016451746568021883
real,,smoothstep,none,none,PL2_only,0.5,1.430559524227887,0.1517861201746889,0.073548519200199017,0.43161416262748342,False,False,1.6394811113617933,1.1841984144820585,1.6940663204128719,0.039446612549111457,0.039067040104056046,0.073548519200199017,1.422363653082517,0.057388136021391083,0.01838496607208686,-0.0066382636612037369,-0.011687034809759566,1,1.3972211927162039,1.444603900202365,0.047382707486161024,0.051434312010865214,0.079419328611784273,0.027985016600919059
real,,smoothstep,none,none,PL2_only,0.65,1.4007854162221256,0.14320100646813463,0.070220777271914295,0.407253868172191,True,False,1.6104403734975727,1.18755272360622,1.6635065362224577,0.04207269458049831,0.049941175896221726,0.070220777271914295,1.3805872975932685,0.065906222015493635,0.025820051253969641,-0.00079734262380531473,-0.015308838400430061,7,1.3801927782726437,1.4171139934146595,0.03692121514201574,0.064141847935001911,0.075264246316597852,0.011122398381595941
real,,smoothstep,none,none,PL2_only,0.75,1.3689713655053704,0.13556653929752932,0.0651323248451188,0.37919195457429511,True,False,1.6046500209947552,1.1970574665378553,1.638737394554727,0.041474009607159856,0.045730592782697879,0.0651323248451188,1.3480567640940755,0.050959595326645811,0.023291729133670235,-0.010368226426532156,-0.020442655143528474,7,1.35143476466618,1.3800672544131931,0.028632489747013157,0.054962812944661273,0.069881622022781739,0.014918809078120467
real,,smoothstep,none,none,PL2_only,0.85,1.3665311924986026,0.13641834004994505,0.060240037574336124,0.37251559026299225,True,False,1.6287268536161961,1.1918695032772635,1.6088741866760787,0.052563212518450288,0.042957689794581956,0.060240037574336124,1.3576262172137066,0.033508345698406834,0.023093762454656257,-0.019140450947574904,-0.013358336119276708,7,1.3369588870472158,1.3834487649411458,0.046489877893929998,0.056637399786874848,0.065080577736228842,0.0084431779493539943
real,,smoothstep,none,none,PL2_only,0.92,1.4003187470373801,0.14280893316020457,0.074962683151305803,0.41166257031343945,True,False,1.6497716877806916,1.1781401136498908,1.5945388756362242,0.074962683151305803,0.036845447496121189,0.057460492368098644,1.3720258975359012,0.036647442762422017,0.0177743900959406,-0.02964544153283195,-0.00063431438733833,7,1.3596985963068626,1.4163536580003018,0.056655061693439146,0.061981305371064631,0.080998611603585027,0.019017306232520396
real,,smoothstep,none,none,P_only,0.5,1.4307166490830823,0.151808624382124,0.073727264162026934,0.43190273610346797,False,False,1.6394272350878532,1.1841984144820585,1.6942523874172697,0.039504264308610038,0.039067040104056046,0.073727264162026934,1.4223637370250646,0.057387873112894464,0.018384932311577906,-0.0066382636612037369,-0.011687461593695348,1,1.3972180750336423,1.4447863592367123,0.047568284203070021,0.051430673193003207,0.079610635150512643,0.028179961957509436
real,,smoothstep,none,none,P_only,0.65,1.4008896786386076,0.143214686906946,0.070275780316219172,0.40738329984437022,True,False,1.6103857596187601,1.18755272360622,1.6636303533391208,0.042104696234688981,0.049941175896221726,0.070275780316219172,1.3805872334780525,0.065906081736738009,0.025820167643710843,-0.00079734262380531473,-0.015309249541777188,7,1.3802157654307414,1.417235473746284,0.037019708315542577,0.064220632349722973,0.075319994055521519,0.011099361705798547
real,,smoothstep,none,none,P_only,0.75,1.3690514798829585,0.13557609693715847,0.065162093522829645,0.37928024312721154,True,False,1.6046079994255333,1.1970574665378553,1.6388332960685958,0.04147152492472659,0.045730592782697879,0.065162093522829645,1.3480566595057946,0.050959392260298768,0.023291864910403727,-0.010368226426532156,-0.020443307545551712,7,1.3514542423661959,1.3801605854632581,0.028706343097062215,0.054993803497297732,0.069910896869518319,0.014917093372220587
real,,smoothstep,none,none,P_only,0.85,1.366515830251503,0.13642412385891284,0.060251761567118804,0.37251607240960705,True,False,1.6287085438223763,1.1918695032772635,1.6089451313649279,0.052549360581817695,0.042957689794581956,0.060251761567118804,1.3576261337452997,0.033508047080416686,0.023093855770665372,-0.019140450947574904,-0.013359028724330833,7,1.336956385515593,1.3834337468505946,0.046477361335001577,0.05662236025146275,0.065093510151808892,0.0084711499003461421
real,,smoothstep,none,none,P_only,0.92,1.4003233218860602,0.14281570159519372,0.074967291470311989,0.411670445632346,True,False,1.6497770775934355,1.1781401136498908,1.594599947268732,0.074967291470311989,0.036845447496121189,0.057465808220809211,1.3720258401494125,0.036647031649050664,0.01777443710323429,-0.02964544153283195,-0.00063470682345247262,7,1.3597008980486494,1.4163590336156395,0.056658135566990175,0.061982681055731875,0.081003571668937333,0.019020890613205457
real,,smoothstep,none,none,all,0.5,1.359825674272148,0.13640864374793707,0.063993107979051472,0.37134961882892226,True,False,1.5971499300290357,1.1745255000306687,1.5940879499440705,0.038032908990141202,0.012308967191387264,0.063993107979051472,1.4139417318690564,0.057907764223558762,0.02015997910890328,-0.00071526148843099825,-0.0088615106282424489,7,1.3479414901094586,1.3768113623808442,0.028869872271385599,0.048870454707286869,0.06914083602892962,0.020270381321642751
real,,smoothstep,none,none,all,0.65,1.3592276762583548,0.13551051401440584,0.066193602570005644,0.37311025590599722,True,False,1.5880425955675612,1.1747164462533377,1.5967071055033968,0.039624497644368123,0.016937718044849885,0.066193602570005644,1.4180408500535815,0.066354734068266738,0.027141334961459946,0.0018048936013136065,-0.013352906197213989,7,1.3383326795412305,1.3817165328399816,0.043383853298751163,0.058664777962617883,0.071025607587778261,0.012360829625160379
real,,smoothstep,none,none,all,0.75,1.3473754929960748,0.13277561777915303,0.063297427334436704,0.3614560483477629,True,True,1.5911087023622141,1.181952525781276,1.5925338671225024,0.040314798205058552,0.015589562672353854,0.063297427334436704,1.4023997514636641,0.05158036084512034,0.024791742743129768,7.641727925834057e-05,-0.018927037010940138,7,1.331450602331709,1.3705117170902625,0.039061114758553561,0.051639475223074015,0.068090710814448313,0.016451235591374298
real,,smoothstep,none,none,all,0.85,1.3676209623121751,0.13459502120580694,0.059774312812809476,0.37284701928777797,True,False,1.619468743438061,1.1841502785246127,1.5806461240784684,0.050139951545692625,0.019704573952216784,0.059774312812809476,1.3925081700190154,0.034483332958409857,0.024027978275020168,0.015058548173924493,-0.012110307241588132,7,1.3435790418683897,1.3928320544065484,0.049253012538158725,0.053724931141964569,0.064557971811132681,0.010833040669168112
real,,smoothstep,none,none,all,0.92,1.3927481408096773,0.13967447869073926,0.066713363080442512,0.39799223809234568,True,False,1.641483644239873,1.1785933121300687,1.5770771876831844,0.066713363080442512,0.021829759012068222,0.056875760750856909,1.3847076564678198,0.037916936487625522,0.014385379226179263,0.002057381852015754,0.00018724807965703758,7,1.3620863217119374,1.4133373767605599,0.051251055048622485,0.059974877713178928,0.072085404582503204,0.012110526869324276
real,,smoothstep,none,none,cP_only,0.5,1.359780745442883,0.13642375121882452,0.064154232089411178,0.37147770225446564,True,False,1.5970971599733776,1.1745255000306687,1.5942592125726112,0.038088533303275919,0.012308967191387264,0.064154232089411178,1.4139418151074781,0.057907481600691479,0.020159945348394277,-0.00071526148843099825,-0.0088619374121783039,7,1.3478891526732759,1.3768082967521953,0.028919144078919379,0.048864761248883441,0.069314527437072573,0.020449766188189132
real,,smoothstep,none,none,cP_only,0.65,1.3593274654739098,0.13551965327929028,0.066235566505953275,0.37322563326223412,True,False,1.5879884272388689,1.1747164462533377,1.596824329536068,0.03965361269544309,0.016937718044849885,0.066235566505953275,1.4180407833862376,0.066354582576389792,0.027141451351201076,0.0018048936013136065,-0.013353317338561139,7,1.3384489087412126,1.3818258090968716,0.043376900355658998,0.058708095139551324,0.071067544439649258,0.012359449300097934
real,,smoothstep,none,none,cP_only,0.75,1.3474536199105895,0.13278238908311557,0.063319173311522384,0.36153577715883417,True,True,1.5910669291628821,1.181952525781276,1.5926262094264447,0.040310427051526744,0.015589562672353854,0.063319173311522384,1.402399642074295,0.051580133869566974,0.024791878519863371,7.641727925834057e-05,-0.018927689412963446,7,1.331409419180213,1.3705968974228613,0.039187478242648233,0.051660152452342081,0.068111899020362188,0.016451746568020106
real,,smoothstep,none,none,cP_only,0.85,1.367605626319518,0.13459969454868309,0.05978060629123727,0.37284209907537591,True,False,1.6194505833180846,1.1841502785246127,1.5807153172485968,0.050125975287386812,0.019704573952216784,0.05978060629123727,1.3925080842892563,0.034482996679340648,0.024028071591029376,0.015058548173924493,-0.012110999846642281,7,1.3435765514249682,1.3928142319139589,0.049237680488990687,0.053709648425592837,0.064565305066302273,0.010855656640709435
real,,smoothstep,none,none,cP_only,0.92,1.3927526296315482,0.1396808653636438,0.066717844123676165,0.39799994212651763,True,False,1.6414889347353092,1.1785933121300687,1.5771372362366558,0.066717844123676165,0.021829759012068222,0.056877125973930354,1.3847075983646315,0.037916517941356739,0.014385426233472927,0.002057381852015754,0.00018685564354286886,7,1.3620885826931646,1.4133426804962008,0.051254097803036247,0.059972953799922332,0.072090249473451898,0.012117295673529566
