scenario,seed,kernel,kernel_param,match_mode,mode,alpha,cross_curve_ratio,cross_curve_cv,max_within_cv,score,passes_old_gate,passes_primary_gate,mean_37a1,mean_11a1,mean_389a1,cv_37a1,cv_11a1,cv_389a1
st_iid,0,smoothstep,none,none,all,0.75,2.6142206694599825,0.35353123025859179,0.32493121228796917,1.2858972422360726,False,False,0.41430743177480439,0.92820421002302844,1.0830910516565753,0.25617743181419789,0.32493121228796917,0.095336809732555663
st_iid,1,smoothstep,none,none,all,0.75,7.6209752742708305,0.57427517516311044,12.218524653833519,14.249429004091667,False,False,0.94094077229370987,1.1112740904535188,0.14581783176823712,0.11935453466043817,0.37285527796614748,12.218524653833519
st_iid,2,smoothstep,none,none,all,0.75,1.4057042824981694,0.13795346584895116,0.99699988787926608,1.3375383337537694,False,False,1.091823205230986,1.2005835910727056,0.85407977056103845,0.99699988787926608,0.29450746403332106,0.12513164385300499
st_iid,3,smoothstep,none,none,all,0.75,4.9739866410186728,0.53830768065617607,0.70313664279250321,2.3073583024078808,False,False,0.76302734599565536,1.2361800448067235,0.24852902390456635,0.14045488674064247,0.70313664279250321,0.52242392005665161
st_iid,4,smoothstep,none,none,all,0.75,4.4852518088863018,0.62013091887886129,0.74692129760496595,2.2477159362188921,False,False,0.84458752053801145,0.48089973362570337,2.1569564001376267,0.26920047364140398,0.32782630423394055,0.74692129760496595
st_iid,5,smoothstep,none,none,all,0.75,9.0894520267250805,0.59943316374695255,0.67095993515829111,2.8780745584420302,False,False,1.2875127583637997,0.14164910652239718,1.0213489865923993,0.23592958279513679,0.67095993515829111,0.18369987359608028
st_iid,6,smoothstep,none,none,all,0.75,2.5736064648093708,0.40643605743917283,0.29462087027509909,1.2399290791859365,False,False,0.90017059114232179,1.2399932330503236,2.3166848527951522,0.22146064516288494,0.17668836353175588,0.29462087027509909
st_iid,7,smoothstep,none,none,all,0.75,1.4378490904420487,0.17422189676767949,0.33893678573817665,0.702085095470247,False,False,1.0804419166735013,1.5174114355952431,1.0553342806850015,0.15338456462899316,0.33893678573817665,0.13231500802227716
st_iid,8,smoothstep,none,none,all,0.75,2.0515701794000325,0.27685531108675543,1.5486674608749371,2.2672729020127607,False,False,0.69212534294308203,1.4199437139890478,1.1293284139867412,1.5486674608749371,0.30495802051835297,0.47123348787499902
st_iid,9,smoothstep,none,none,all,0.75,inf,2.8855897051454984,3.3101001856952736,inf,False,False,1.5342399359231729,0.98882684949297306,-1.2639011614469808,0.11861149024489863,0.27866065027943332,3.3101001856952736
st_iid,10,smoothstep,none,none,all,0.75,2.3664245024546,0.33218880313899074,0.35529722221205629,1.2166773894493637,False,False,1.5456536689214642,0.92461262823541257,2.1880259787352263,0.35529722221205629,0.21347763073445902,0.1940337871932665
st_iid,11,smoothstep,none,none,all,0.75,3.0498479491979702,0.4200167420469485,0.271084315182609,1.3861760518372641,False,False,1.9550774435488127,1.0103511785191308,3.0814174697763232,0.26962808464617655,0.271084315182609,0.19715128419981912
st_iid,12,smoothstep,none,none,all,0.75,20.262281960646579,1.0069294385640757,0.37142863801034748,3.3801897642811953,False,False,0.30598521056885197,1.2138675965143091,6.1999586123338943,0.37142863801034748,0.36438293887489931,0.30973676525591382
st_iid,13,smoothstep,none,none,all,0.75,9.3647890496663582,0.90974241516156773,0.50376189493167778,2.7407187051780184,False,False,3.1393266724719231,0.65709108154438467,0.33522662986026031,0.30050653124359844,0.50376189493167778,0.34082807790917391
st_iid,14,smoothstep,none,none,all,0.75,5.9009095612916624,0.55759041234370288,0.81236483569473539,2.587471337655316,False,False,1.5327179865907514,1.0216646997692806,0.25974266690087205,0.19403595312120916,0.47677895500775169,0.81236483569473539
st_iid,15,smoothstep,none,none,all,0.75,1.8829653189233913,0.25592811697348589,0.20711139346178978,0.83995922497642772,False,False,0.66209221724263556,1.1995364032969058,1.2466966829969746,0.16178989124665069,0.20711139346178978,0.19890734318239819
st_iid,16,smoothstep,none,none,all,0.75,2.4632612635737132,0.34294112892806361,0.46884360369327965,1.3703297925506741,False,False,1.322534050758442,0.74964799727916798,1.846578873013387,0.39767492684421024,0.46884360369327965,0.39399800619441006
st_iid,17,smoothstep,none,none,all,0.75,31.906236879895857,0.93726189705937624,7.3316185338802109,10.794420038037099,False,False,2.5507790140468698,0.72044171773718146,0.079946094039504784,0.33832144108170897,0.22775000445692736,7.3316185338802109
st_iid,18,smoothstep,none,none,all,0.75,5.1651814392399311,0.71190865233346867,0.41107300192497898,2.0530132324836385,False,False,0.7207498871428184,0.45335273090621137,2.341649111105498,0.12304435518923984,0.21148197818438955,0.41107300192497898
st_iid,19,smoothstep,none,none,all,0.75,9.0717296951738096,0.78181259336043085,0.66023908152541122,2.8654020325613798,False,False,0.25019297789444195,0.76700328306437571,2.2696830670889736,0.66023908152541122,0.48350175447558086,0.5130041506255002
st_iid,20,smoothstep,none,none,all,0.75,2.9561611793655693,0.42005163255087602,0.49198927362143657,1.575880801393279,False,False,0.3900056004271823,1.1529194157179963,0.69597497743761971,0.49198927362143657,0.085739023485245439,0.24859650666742167
st_iid,21,smoothstep,none,none,all,0.75,1.3565961086926244,0.13827066265179172,1.9272223098469177,2.2322010109461563,False,False,0.64815464836049064,0.8792840737968779,0.68238171753247889,0.39597011591538106,1.9272223098469177,0.32140291007459143
st_iid,22,smoothstep,none,none,all,0.75,1.9348353755059458,0.29066137212509047,0.49587730332122704,1.1558995489257877,False,False,0.54280488082540057,1.050238085418274,0.65429548570868412,0.49587730332122704,0.34571065794857619,0.29018196703686328
st_iid,23,smoothstep,none,none,all,0.75,2.5024052539389738,0.41764929600794259,2.9827825309666163,3.9000349018932789,False,False,0.70049246128474041,0.86586375784548364,1.7529160154635777,0.38991077594633139,2.9827825309666163,0.15098112369998418
st_iid,24,smoothstep,none,none,all,0.75,1.2515786254449301,0.0992541802150258,0.99007175395566704,1.2144774088379382,False,False,0.94388624679394162,1.1813478513387357,1.1681374159368427,0.71921389904110644,0.088625681425120853,0.99007175395566704
st_iid,25,smoothstep,none,none,all,0.75,4.2336936324010424,0.47580858190572328,3.161221334596374,4.6042961457871527,False,False,0.28251693442988479,0.97557701970847011,1.1960901463412661,3.161221334596374,0.38766490237751683,0.28533498088183967
st_iid,26,smoothstep,none,none,all,0.75,inf,0.77714091962967791,21.801122630089978,inf,False,False,1.3994111035487451,-0.05512883115439119,2.0411785265185802,0.27578625868607021,21.801122630089978,0.3290351647732328
st_iid,27,smoothstep,none,none,all,0.75,1.0747305293804807,0.030236330571575886,0.39449706642656562,0.46656702623939095,False,False,1.4262269637910379,1.3270554104508172,1.3579329085710712,0.26556323522052738,0.39449706642656562,0.23916714632584873
st_iid,28,smoothstep,none,none,all,0.75,1.5787264507376064,0.18173171202651775,0.56023895124695688,1.0168574294208712,False,False,1.8601023498677216,1.36809834388341,2.1598530426990532,0.24013862261863508,0.56023895124695688,0.13338106852276999
st_iid,29,smoothstep,none,none,all,0.75,2.0785038082784015,0.29076770622105041,0.80370497591781143,1.5353532878510814,False,False,0.83802721018028159,0.81086835042644512,0.4031877193789743,0.80370497591781143,0.11340962853750708,0.24908997351807757
st_iid,30,smoothstep,none,none,all,0.75,13.64533666869413,0.93923069847876317,0.48996635845631581,3.1033641857233096,False,False,0.35068566183828404,1.0706343440763295,4.7852239206672067,0.48996635845631581,0.34951707494983558,0.13275283680953504
st_iid,31,smoothstep,none,none,all,0.75,1.6979120989946352,0.24666057721086973,0.19200721879282862,0.7214065379654675,False,False,1.1673919188693251,0.74567000941943351,0.68754555642813264,0.14681595153769766,0.15839926802152463,0.19200721879282862
st_iid,32,smoothstep,none,none,all,0.75,inf,4.2732118582710088,1.3069414943138864,inf,False,False,0.55404554387538396,1.2320952804162266,-3.1324955776916594,0.55773496701442393,0.18277494750829265,1.3069414943138864
st_iid,33,smoothstep,none,none,all,0.75,1.3826879013158964,0.13103862838959623,0.4687635528397604,0.79279291217116876,False,False,1.5050962928235259,1.2999396766433107,1.0885292996280174,0.21362005564077693,0.4687635528397604,0.22763990269566053
st_iid,34,smoothstep,none,none,all,0.75,1.2241597744600095,0.085890365472780728,0.32413745688122764,0.52639216714200088,False,False,1.1390107548703112,1.3092614477142397,1.0695184362611241,0.32413745688122764,0.1377512013784632,0.30350330405133258
st_iid,35,smoothstep,none,none,all,0.75,1.5760423946512969,0.18135263286307934,1.0180038008238006,1.4729206920571376,False,False,0.83131159432212487,1.1476748248541482,1.3101823158168291,0.47538670967937452,1.0180038008238006,0.39667336016038307
st_iid,36,smoothstep,none,none,all,0.75,inf,2.7012563765185997,3.4726834805119542,inf,False,False,-3.4819370491907233,0.99168755409551834,0.30549109810533048,3.4726834805119542,0.65991151467149878,0.44402720368131204
st_iid,37,smoothstep,none,none,all,0.75,2.7645816281207449,0.44483941526742876,1.7278265202702976,2.7447158338940163,False,False,1.5200883745947251,1.1138153286631385,3.0792333947413821,1.7278265202702976,0.20714716692540514,0.076044594268430327
st_iid,38,smoothstep,none,none,all,0.75,2.5707904520170604,0.37539373227949047,0.60913153722659585,1.5533449577223468,False,False,1.8617626367334239,1.1593821483659057,0.72419851850339334,0.60913153722659585,0.33176677842021057,0.48453104030678701
st_iid,39,smoothstep,none,none,all,0.75,9.668762212457068,0.61211772323699132,0.40521615075541401,2.6741164491792668,False,False,1.2129833197717113,1.6270974465750954,0.16828394481340858,0.23217530626711544,0.40521615075541401,0.29144327003388443
st_iid,40,smoothstep,none,none,all,0.75,2.6132526310938569,0.42048781019049541,0.4144025452875193,1.3749982095459161,False,False,1.5525667782242614,1.1583035974089513,3.0269399235344214,0.26337087495217637,0.4144025452875193,0.2407556795872296
st_iid,41,smoothstep,none,none,all,0.75,5.395203686126739,0.52684130838515875,0.94815110785581824,2.6336614604643018,False,False,0.80382629382040804,1.0539879196972588,0.19535646492967262,0.28144198199232179,0.49010552060618362,0.94815110785581824
st_iid,42,smoothstep,none,none,all,0.75,1.5228166651108153,0.17939190979035244,0.45052430407281874,0.87108599326833491,False,False,1.2271705391953378,1.2495538062513794,0.82055432862001765,0.28351997026023285,0.40673971324237174,0.45052430407281874
st_iid,43,smoothstep,none,none,all,0.75,6.4089341071524561,0.81264487095601057,0.72035039667226941,2.5780433678421546,False,False,1.2451363168863363,0.79918636609224103,5.121932759619793,0.16450055491356372,0.72035039667226941,0.28201822897469947
st_iid,44,smoothstep,none,none,all,0.75,3.9285370343976522,0.47745071383835824,0.71289753593680782,2.0811646366350982,False,False,1.6398574873433691,0.63231798132570893,2.4840846071536107,0.71289753593680782,0.66914996129127535,0.34376387734840314
st_iid,45,smoothstep,none,none,all,0.75,inf,301.58421748059186,2.087648678442779,inf,False,False,1.1561208525929521,0.71229769523430131,-1.8552145581127899,0.29832518652392936,0.18147049621318403,2.087648678442779
st_iid,46,smoothstep,none,none,all,0.75,1.7139226372632703,0.22760674659622676,0.30769172712121545,0.84647641049243005,False,False,2.2131704036118895,1.2941912664649693,2.218143708542732,0.27993392781321186,0.30769172712121545,0.17060397618242737
st_iid,47,smoothstep,none,none,all,0.75,2.4972742063511739,0.34620442991377137,0.31698859029923415,1.2321884098853704,False,False,1.1297159786009734,0.45237962884805832,1.0683766431945061,0.31698859029923415,0.21726035078793532,0.15373105752109753
st_iid,48,smoothstep,none,none,all,0.75,5.2758161277404945,0.52792319984663494,1.2827704865830361,2.9459038701371911,False,False,0.81197976628313273,1.1267162960533628,0.21356246479649554,0.20083947097698776,1.2827704865830361,0.25681547958897127
st_iid,49,smoothstep,none,none,all,0.75,2.6300963574091218,0.38870964547124159,0.27931267321104858,1.2463331565277191,False,False,0.68391276884220953,1.079175991386196,1.7987564821174822,0.20224671206625094,0.14321105892911987,0.27931267321104858
st_iid,50,smoothstep,none,none,all,0.75,2.8158360360319654,0.46622981976025718,2.1448814949037756,3.1801407056634599,False,False,0.54157898510770686,1.1738402422451559,0.41687094959524501,0.48168297848171315,0.44700097520353121,2.1448814949037756
st_iid,51,smoothstep,none,none,all,0.75,4.6592535515572386,0.50752553709242409,0.41489255758109772,1.9537478108188724,False,False,0.82494151949102246,1.1835126290301059,0.25401335555875609,0.21050223498513471,0.41489255758109772,0.20275902242720106
st_iid,52,smoothstep,none,none,all,0.75,3.8811845832917333,0.59498269382151225,0.82922547693186743,2.1853658889430667,False,False,1.598213641812299,0.41178501241412552,0.60809283137912795,0.12600399470521295,0.25318380804943247,0.82922547693186743
st_iid,53,smoothstep,none,none,all,0.75,5.4816244097506992,0.79463950474954559,0.32759639845627042,2.0289978806279327,False,False,0.68349332735543733,0.86622515948097267,3.7466537071332908,0.21114045469603374,0.32759639845627042,0.22425459713494392
st_iid,54,smoothstep,none,none,all,0.75,1.2300147919599116,0.084068849428328846,0.62326021373677087,0.83028640903245343,False,False,1.4366780222644269,1.316799511359207,1.1680168658583505,0.31661916862587031,0.33153469035564442,0.62326021373677087
st_iid,55,smoothstep,none,none,all,0.75,5.6374740896534803,0.70637851911270089,1.571621318409584,3.3010574271574828,False,False,0.61435911901409834,1.1636350828393967,3.4634336151843184,1.571621318409584,0.064669762148556062,0.22344111838101255
st_iid,56,smoothstep,none,none,all,0.75,1.900738470711113,0.24966729929671669,1.1196386327312635,1.7618811121868303,False,False,1.3769431015189595,0.72442533401442188,1.1691891331622311,0.43372846063032,1.1196386327312635,0.35034533919675886
st_iid,57,smoothstep,none,none,all,0.75,2.7519585485515834,0.36825975114217913,0.45135536756940764,1.4636682252274973,False,False,0.78793854833519206,0.96805161406890483,0.35176823959736303,0.22687517893836018,0.45135536756940764,0.24721164573674473
st_iid,58,smoothstep,none,none,all,0.75,1.6366422067596429,0.20420041653301524,0.75618326746589348,1.2488299755391612,False,False,1.1780112648361383,0.88548147292496471,0.71977324058412295,0.48492038117167219,0.75618326746589348,0.40582249519387165
st_iid,59,smoothstep,none,none,all,0.75,2.4373839054258526,0.33212518044703832,3.6012197214769608,4.492145015689311,False,False,0.86991297060224049,1.0761207381403346,0.44150645934142158,3.6012197214769608,0.077205125666896676,0.18307821149195766
st_iid,60,smoothstep,none,none,all,0.75,5.5611611505945371,0.81303620906906215,0.32194281733731978,2.037749743830755,False,False,0.44900085996071304,0.53992456987601456,2.4969661389970557,0.32194281733731978,0.15264915750445421,0.30222741422656357
st_iid,61,smoothstep,none,none,all,0.75,1.1626571981979594,0.062162050602777484,0.72863824638173291,0.87934631997544077,False,False,1.1787736820367112,1.2340102539103877,1.0613706738521214,0.72863824638173291,0.15910309061229255,0.17786948252806847
st_iid,62,smoothstep,none,none,all,0.75,3.2978216963488833,0.51118262235563683,0.23982764476487964,1.4330898032651704,False,False,2.4855132682754113,1.1276291352901677,0.75368333922576747,0.1341951859699444,0.13918826310133983,0.23982764476487964
st_iid,63,smoothstep,none,none,all,0.75,2.2879960492410913,0.317596048349992,0.4944580715428108,1.3221344183285793,False,False,0.51444490687057676,1.1770479144720807,0.86516404525578394,0.31398213594004248,0.25284812307783117,0.4944580715428108
st_iid,64,smoothstep,none,none,all,0.75,8.1719715479494539,0.80578435233569567,0.19152530165677215,2.2922354969552612,False,False,0.38478058867151077,0.91969227097069761,3.1444160228268281,0.14866599705960615,0.19152530165677215,0.18002382500598535
st_iid,65,smoothstep,none,none,all,0.75,6.5594770368236386,0.77114390954406176,1.839276035692669,3.7201869154744625,False,False,0.57730589204206317,1.1035632301170404,3.7868247420728998,1.839276035692669,0.27391264293478529,0.21363726826450907
st_iid,66,smoothstep,none,none,all,0.75,1.379857162884109,0.13377904540147625,2.7059527567052957,3.0279327453609377,False,False,0.96600282343217747,1.3329459152791632,1.1003349170178176,0.22718028310243132,2.7059527567052957,0.47625391399268036
st_iid,67,smoothstep,none,none,all,0.75,inf,17.159612082861795,3.1915686397586227,inf,False,False,-3.8365318328716596,0.7479368384962306,3.625834125172676,1.072573308482341,3.1915686397586227,0.13313824036135538
st_iid,68,smoothstep,none,none,all,0.75,inf,1.1483513782336903,8.5029427678596754,inf,False,False,1.617043471484374,-0.43392737006466736,1.0881903824040626,0.14765735315540388,8.5029427678596754,0.9406507177371386
st_iid,69,smoothstep,none,none,all,0.75,21.69322172850914,1.1152972724599985,29.686408334775031,32.763408183784527,False,False,0.52834630653098957,0.20357248884147988,4.4161431382626759,0.32404832316079601,29.686408334775031,0.26290633463021984
st_iid,70,smoothstep,none,none,all,0.75,inf,7.470394178339995,2.225154945660198,inf,False,False,-1.1861125089348832,1.130772516217758,0.44560885542792233,2.225154945660198,0.19328659408096446,0.16510217599829149
st_iid,71,smoothstep,none,none,all,0.75,1.2751374831850586,0.099921852762280536,5.7213673565798633,5.9644213593260869,False,False,0.69494166792531786,0.60705171742273378,0.54499352194516437,0.9788289995341477,0.27402060341307677,5.7213673565798633
st_iid,72,smoothstep,none,none,all,0.75,1.8713304159653916,0.2483649660583632,0.39094687643509596,1.0175965067272243,False,False,1.5488764314722658,1.0863437978190151,2.0329081910540809,0.25727583701680451,0.28404114892069143,0.39094687643509596
st_iid,73,smoothstep,none,none,all,0.75,1.9283793902190407,0.33275862957937652,0.5001636267518853,1.1568435827410135,False,False,0.96512479761836167,0.97045413828630644,1.8611267687165713,0.16380345408350167,0.5001636267518853,0.20763597377177717
st_iid,74,smoothstep,none,none,all,0.75,9.0036247089032777,0.77524704378378029,0.92605409131263294,3.1236813330023772,False,False,1.5324111283408137,0.49347585952446149,4.4430714420617248,0.20415973566999954,0.92605409131263294,0.23512570281058059
st_iid,75,smoothstep,none,none,all,0.75,4.5082826836449508,0.51376568646992893,0.44193705986103449,1.9478533611810187,False,False,0.69337129667706321,1.092958785669756,0.24243350791527957,0.18480182580747934,0.24733322433847654,0.44193705986103449
st_iid,76,smoothstep,none,none,all,0.75,1.7303463287627747,0.21586078441466985,1.4130935581557531,1.9614151366663752,False,False,1.0533864110297213,1.8227233090938735,1.5485112869675948,1.4130935581557531,0.46583213326326894,0.55869504229737021
st_iid,77,smoothstep,none,none,all,0.75,2.5503231501097172,0.34603440107304795,0.7071080729083471,1.6433281495829022,False,False,0.45337475855654807,1.1562521424221681,0.93106084266085098,0.7071080729083471,0.10390780059597736,0.18694866069676805
st_iid,78,smoothstep,none,none,all,0.75,2.0969301276886014,0.29607090355728144,0.2535891383847047,0.99406356961993736,False,False,0.75779902138297905,1.0882206939613677,0.51895896748876835,0.1995923425949582,0.23870274462937019,0.2535891383847047
st_iid,79,smoothstep,none,none,all,0.75,1.4066032356821971,0.15599006870292859,0.41147890251697583,0.75265664776314001,False,False,1.2679163830112701,0.95145685991009421,0.90140300466203294,0.34165301060710657,0.41147890251697583,0.31656678161506258
st_iid,80,smoothstep,none,none,all,0.75,inf,1.511811302334273,11.339649830214851,inf,False,False,-0.58937928647636562,0.51274708734685459,3.5501589068883206,11.339649830214851,0.30480245516854398,0.2653512045203324
st_iid,81,smoothstep,none,none,all,0.75,2.7041584426596139,0.46328937068814197,1.5642865979523655,2.559077350074566,False,False,0.73393761973445348,1.6409574018692421,0.60682738702814898,0.3069009682851771,1.5642865979523655,0.56621540785990543
st_iid,82,smoothstep,none,none,all,0.75,2.5031201541225641,0.45168346342601656,0.25073724640345174,1.1682752617451042,False,False,0.80278810218976226,0.7424700017181457,1.8584916251321053,0.19943297413515598,0.15951133909969958,0.25073724640345174
st_iid,83,smoothstep,none,none,all,0.75,2.2196959490464665,0.3525663526090842,0.46848738315883276,1.2658576097741796,False,False,0.61338019776779162,1.0867820681324001,0.48960852886146783,0.22767596698020875,0.10683124665209653,0.46848738315883276
st_iid,84,smoothstep,none,none,all,0.75,2.3107772982411015,0.42145490553863901,2.7332603317438493,3.5708442924216302,False,False,0.6308300514134928,0.65171871178872287,1.457707761854566,2.7332603317438493,0.44505946426904386,0.26304371570438584
st_iid,85,smoothstep,none,none,all,0.75,1.6034504911351983,0.18759674158979175,0.32412286244486277,0.79628072661893323,False,False,0.59816298765082299,0.69590987368696788,0.43400770870966093,0.22341140287764114,0.32412286244486277,0.32246989467448456
st_iid,86,smoothstep,none,none,all,0.75,1.8020998932451622,0.23379424944944119,7.8802253231729411,8.4691779154758962,False,False,1.8708370328131727,1.038142802086421,1.4531452552799706,0.62298456821212778,7.8802253231729411,0.16240221715494796
st_iid,87,smoothstep,none,none,all,0.75,1.6464810688325771,0.19983793529928487,0.34313312387953143,0.84177344882358718,False,False,1.383184636442562,0.92687838624170238,1.5260877160570523,0.34313312387953143,0.16313486921271333,0.27599185439580481
st_iid,88,smoothstep,none,none,all,0.75,1.5548798645927615,0.21387784922272002,0.59569188203924395,1.0370901671893109,False,False,0.80683990781592907,1.2212063597974492,0.78540238870306245,0.59569188203924395,0.19882581355143428,0.17631279402038688
st_iid,89,smoothstep,none,none,all,0.75,6.3818037465531026,0.73642887209285235,0.3715748828735102,2.2250256591682236,False,False,1.7324187929547865,0.83089707867959639,5.3026220897174765,0.2850678097705201,0.3715748828735102,0.19952606434105324
st_iid,90,smoothstep,none,none,all,0.75,3.2415204570349085,0.50362123464157627,0.25584927013191655,1.4318917667228299,False,False,1.1640771177974181,0.78122440832256201,2.5323549011125772,0.19331136935022847,0.25584927013191655,0.16600493635128552
st_iid,91,smoothstep,none,none,all,0.75,5.6754598176014692,0.74319565130137666,0.25302731545122698,1.9891789006643472,False,False,0.84687265342322871,0.50933649669896874,2.8907188206529004,0.25302731545122698,0.23934661769733517,0.24955887421306211
st_iid,92,smoothstep,none,none,all,0.75,4.0410068741162091,0.46638874410491554,7.099231919295935,8.4957258064836747,False,False,0.87036949946418551,1.0897829741917022,0.26968104933749809,0.69232308981681989,0.24749416769216662,7.099231919295935
st_iid,93,smoothstep,none,none,all,0.75,2.1001244596657753,0.29010764881729428,0.2868976514441311,1.0288942609248304,False,False,1.3308972437180409,0.63372303369574901,0.9786868590647072,0.1585260721824088,0.14715230480543917,0.2868976514441311
st_iid,94,smoothstep,none,none,all,0.75,2.8949712273695063,0.41147181997743998,0.4025582063315834,1.4655333785746847,False,False,0.61692711911925602,1.09571551519662,1.7859862592342062,0.21686287198925272,0.36866905241812753,0.4025582063315834
st_iid,95,smoothstep,none,none,all,0.75,1.7011153476110166,0.22200648336935508,1.544917812815908,2.076201935577215,False,False,1.3302906614114378,0.79642580939714314,1.3548121675990064,1.544917812815908,0.35112890544030362,0.18357592435556977
st_iid,96,smoothstep,none,none,all,0.75,5.2769761866431795,0.72989677863785418,0.34020823120652766,2.003561472950401,False,False,0.74263659523055314,0.48232924396877924,2.5452399345448566,0.1814981263411298,0.32780567446852998,0.34020823120652766
st_iid,97,smoothstep,none,none,all,0.75,2.6594269362083467,0.37390421101910165,0.25282006468112705,1.2309307267490803,False,False,1.6115504814751886,0.6059765957597022,1.0783026855627642,0.2114009196228662,0.25282006468112705,0.22003039008565747
st_iid,98,smoothstep,none,none,all,0.75,10.306810119194811,0.65193280841684897,4.124176106331336,6.4569809597068168,False,False,0.12018428879926983,1.2387166439645458,0.74761042331544225,4.124176106331336,0.74238865074973359,0.36294259520273808
st_iid,99,smoothstep,none,none,all,0.75,1.9065036277139686,0.25616493704845233,0.65861953449580823,1.3038905376229954,False,False,1.0716165955990054,1.1524638990346112,0.60449079785727766,0.096959220497445819,0.3129426227871509,0.65861953449580823
st_iid,100,smoothstep,none,none,all,0.75,2.8508987116215576,0.50699652145207674,0.29362150632538581,1.341255788308626,False,False,0.92038154184388177,1.044378776264453,2.6239145518429852,0.29362150632538581,0.23985089924720412,0.11495758059882011
st_iid,101,smoothstep,none,none,all,0.75,1.6582803907558241,0.21356667647194894,0.3320529683515408,0.83783412461200069,False,False,1.3519469688015799,0.82471248955814558,1.3676045494456901,0.3320529683515408,0.17875500118142415,0.2617634217050589
st_iid,102,smoothstep,none,none,all,0.75,inf,6.7363826278287284,2.3839932942132691,inf,False,False,2.0586135577166242,-3.3402552513472412,2.459386742578956,0.2014716287251532,2.3839932942132691,0.32232146733761019
st_iid,103,smoothstep,none,none,all,0.75,26.325556925829819,0.84043121143474075,15.158513813956846,18.429054027530118,False,False,0.051605926046873973,1.3585547438571446,0.51978531253926386,15.158513813956846,0.34265892230537909,2.1278570972335942
st_iid,104,smoothstep,none,none,all,0.75,4.5007645968211571,0.52535920750199228,0.35139934826317448,1.8556466410110122,False,False,0.46806158542839971,1.246791326202646,2.1066350128281228,0.35139934826317448,0.30909493571560165,0.075443694569192865
st_iid,105,smoothstep,none,none,all,0.75,2.0287617474323243,0.32412315155736604,0.27488785115935227,0.9823134814672918,False,False,0.944676798403704,1.0939439572374661,1.9165241522882719,0.23672477270264561,0.23892868682105339,0.27488785115935227
st_iid,106,smoothstep,none,none,all,0.75,9.8267954006385203,0.60237480824272716,15.862821421343124,18.147934300382374,False,False,0.76312493788333324,0.6872606037596416,0.077657558417645225,0.27678286503761396,1.625562696440247,15.862821421343124
st_iid,107,smoothstep,none,none,all,0.75,1.0454966645724264,0.018464126456318758,2.7868034997817701,2.8312955493929564,False,False,1.3478108693344073,1.2891584593295833,1.3285064113945251,0.54371442192323038,2.7868034997817701,0.29501477327497877
st_iid,108,smoothstep,none,none,all,0.75,5.3340253801035544,0.62967136629311304,0.95554133856195267,2.6296475224850999,False,False,0.41231579307041588,0.95323150010045565,2.1993029048551236,0.95554133856195267,0.19571602445977576,0.25988751220369899
st_iid,109,smoothstep,none,none,all,0.75,1.8785055891068074,0.2937435408274171,0.57484962009486307,1.2053261814253884,False,False,1.7172615472346788,0.91416366136616234,1.0155573732790615,0.29576298233474618,0.23499392521592974,0.57484962009486307
st_iid,110,smoothstep,none,none,all,0.75,1.8752777469827484,0.2583938683052574,0.77782388560741422,1.4065806657835003,False,False,1.9429801016424619,1.3693843773178247,1.036102574548567,0.21436432688146248,0.77782388560741422,0.3916905483257192
st_iid,111,smoothstep,none,none,all,0.75,2.6770815263996348,0.4933630419128377,0.38536085857914643,1.3700880770427417,False,False,0.70234810195522024,0.74049421493332079,1.8802431288461672,0.35480047427520439,0.2191061862523101,0.38536085857914643
st_iid,112,smoothstep,none,none,all,0.75,5.6847497646707552,0.6435528327773502,1.1129917087157146,2.8507788181808911,False,False,2.4259345981679021,1.0437596031950782,0.42674430689006865,0.24803053977496958,0.11388659616000657,1.1129917087157146
st_iid,113,smoothstep,none,none,all,0.75,1.8916012881256203,0.26814122264602958,0.28165689284812351,0.91908060560693872,False,False,1.2076193727100222,0.94567007550534898,1.7888307329677708,0.078315026415086711,0.13079584035110739,0.28165689284812351
st_iid,114,smoothstep,none,none,all,0.75,inf,1.8034642401957528,15.324499312962162,inf,False,False,1.8906137532015432,0.79755412909483614,-0.82926309867974479,0.25113900636077202,1.2597184835036803,15.324499312962162
st_iid,115,smoothstep,none,none,all,0.75,5.2582315987985586,0.51744921697115909,1.3186098256227103,2.9784045978980869,False,False,1.5751960391709634,1.419450629218854,0.29956764162515709,1.3186098256227103,0.57989871664492554,0.36596412010759133
st_iid,116,smoothstep,none,none,all,0.75,inf,1.6276415323933027,3.8742272905538533,inf,False,False,0.85557679595609226,-0.25293460418626595,0.23355076243534476,0.18549685042845535,3.8742272905538533,0.13498887740247703
st_iid,117,smoothstep,none,none,all,0.75,2.0656626030500704,0.27912898005886594,0.31256143272434156,1.0380124808162927,False,False,1.2752529443278762,0.71064451775142623,1.4679518043816731,0.31256143272434156,0.23932875115106658,0.2189348264419915
st_iid,118,smoothstep,none,none,all,0.75,1.9364559560837407,0.33641927426518708,1.0973610979921375,1.7582205736233996,False,False,0.43979410527220747,0.85160187849273472,0.43977343033146055,0.21842114580344982,0.37821877318195041,1.0973610979921375
st_iid,119,smoothstep,none,none,all,0.75,4.2726304991754569,0.55539673700453362,0.38653078126971829,1.8387604607957626,False,False,3.9388674815588058,0.92188348192499647,1.9186264072752817,0.38653078126971829,0.18087900804380608,0.22814495317841335
st_iid,120,smoothstep,none,none,all,0.75,2.4743965123936675,0.464024223177815,0.82810817724517638,1.734104710157343,False,False,2.3056517115152535,0.93180365392805431,0.93888808930398326,0.18552099325946164,0.82810817724517638,0.39642343564285831
st_iid,121,smoothstep,none,none,all,0.75,3.502140538299602,0.56704069159252701,7.1700728491562495,8.4234472130826497,False,False,1.6611030262279061,0.64052079403381068,0.47431078452220626,0.24551506290837752,3.0309604438129494,7.1700728491562495
st_iid,122,smoothstep,none,none,all,0.75,2.1516378723973237,0.33884720029444548,0.27804499944266753,1.0442743526740879,False,False,1.7450950233433395,1.005889750568725,0.81105424185482478,0.2315540564058487,0.19303444091841662,0.27804499944266753
st_iid,123,smoothstep,none,none,all,0.75,1.8501291359803487,0.30470171053664635,0.92236914752192356,1.5376245874086456,False,False,1.1702680249134958,1.204583354365814,2.1651469697986352,0.54321230166682055,0.2886294648523004,0.92236914752192356
st_iid,124,smoothstep,none,none,all,0.75,inf,0.83071664869744466,236.34768024370825,inf,False,False,0.26458740548276444,-0.011192166671612233,0.49757291091150613,0.59149380763486104,236.34768024370825,0.76864595593414653
st_iid,125,smoothstep,none,none,all,0.75,7.7570897749522745,0.91722430608640504,0.78787552300366126,2.8364827578568304,False,False,0.54130139975488789,0.74732031310135838,4.1989235532059945,0.78787552300366126,0.35227559635760586,0.25983778250559192
st_iid,126,smoothstep,none,none,all,0.75,6.0548798748637775,0.56198792196338154,0.60930095906668957,2.4101654968763992,False,False,0.76203296154990185,1.1434756575319949,0.18885191468108536,0.28466032450178269,0.11976698000598138,0.60930095906668957
st_iid,127,smoothstep,none,none,all,0.75,4.6250399853475761,0.55906344805751207,0.35245917359325901,1.8839441900008325,False,False,0.45057584697689179,1.0761913846910633,2.0839313086999751,0.35245917359325901,0.21288041326896495,0.20488367544635069
st_iid,128,smoothstep,none,none,all,0.75,6.1025843329389433,0.82116068282823618,0.91480951623909867,2.7235218588368557,False,False,0.78060001593409145,1.0758503398745416,4.7636774275312757,0.91480951623909867,0.22731776337712395,0.25109000250956415
st_iid,129,smoothstep,none,none,all,0.75,3.3939766791520398,0.44479498969133785,4.2035543590420517,5.4255566546319054,False,False,1.7179433962072168,0.78164769804084699,2.6528940584635103,0.49440112888193161,4.2035543590420517,0.58732549047334892
st_iid,130,smoothstep,none,none,all,0.75,2.023499636624686,0.27586744204769093,0.78039450369125718,1.4852230094474042,False,False,1.217606303370836,1.1202005081418354,0.60173289944438701,0.1617844160174817,0.15720408612220899,0.78039450369125718
st_iid,131,smoothstep,none,none,all,0.75,3.2721020376726231,0.51340683687047484,0.46496061897404067,1.6503932223360658,False,False,1.4586359849216195,0.99941251511460105,3.2701797271820072,0.38373560797476297,0.46496061897404067,0.14892851370164409
st_iid,132,smoothstep,none,none,all,0.75,1.6605868962477552,0.23129620283256999,0.40685111464324991,0.91402220648341514,False,False,0.99737463437240248,1.1001886971324459,1.6562272484887075,0.15377255676970253,0.39431579210330603,0.40685111464324991
st_iid,133,smoothstep,none,none,all,0.75,1.9218683990701781,0.27318480717749583,0.37890239922084212,1.0322002365975382,False,False,0.71593478292727608,1.0607407776566204,0.55193205641438248,0.17613530192198232,0.22392676428573852,0.37890239922084212
st_iid,134,smoothstep,none,none,all,0.75,2.938473795126376,0.39224044577617478,0.30847376514866953,1.3863640944072693,False,False,0.52705176200635229,1.1325356510445956,1.5487277913308495,0.30847376514866953,0.13368563621334265,0.21172111701668542
st_iid,135,smoothstep,none,none,all,0.75,2.3378957873610662,0.33301353499032843,6.6201758516112337,7.469427140254969,False,False,0.48259074808330898,0.70820863720230254,0.30292566547703281,6.6201758516112337,0.29919051882840036,0.81256979713718236
st_iid,136,smoothstep,none,none,all,0.75,4.9601925334566603,0.51237936638110981,0.60914680417301126,2.2105913613856436,False,False,0.2762826779369757,1.0302211815999436,1.3704152762263981,0.13513032794928181,0.30877679290705939,0.60914680417301126
st_iid,137,smoothstep,none,none,all,0.75,2.2643867379362193,0.30929940861739763,0.70081569725615256,1.5181196636521106,False,False,1.2020786164806039,0.61517985708337442,1.3930051098250917,0.28185144438467941,0.70081569725615256,0.10363625356392482
st_iid,138,smoothstep,none,none,all,0.75,5.7449807129574957,0.6952587507739606,0.50897052405934007,2.2572970781668689,False,False,1.8241716047629535,0.89364142618022002,5.1339527577051935,0.25779821150109777,0.50897052405934007,0.28010341414199741
st_iid,139,smoothstep,none,none,all,0.75,1.9871494887822931,0.26505276929621108,0.47389918190044827,1.1606003760485377,False,False,1.4230210050595351,1.1808954069001665,0.71611170326775431,0.47389918190044827,0.28847627452657076,0.21086827333435287
st_iid,140,smoothstep,none,none,all,0.75,6.1222448432227514,0.54327662100704521,0.64069219992824378,2.452621033644335,False,False,1.2792409001625771,1.0660352622168876,0.2089496472161973,0.1641584516231816,0.29512993943205651,0.64069219992824378
st_iid,141,smoothstep,none,none,all,0.75,2.4420289980356724,0.34283111785946141,1.7736044496861747,2.6664337000116665,False,False,0.46791512970884092,1.1122331547723692,1.1426623153686124,0.47529502970393905,1.7736044496861747,0.16157310397947638
st_iid,142,smoothstep,none,none,all,0.75,810.06126124791058,0.85651078310184736,2370.8952370358543,2377.5923469118311,False,False,0.29368243542613781,0.68064140154645292,0.00084023447868364354,0.27688572819926127,0.11985022282329759,2370.8952370358543
st_iid,143,smoothstep,none,none,all,0.75,5.1016078025259546,0.51208687964461652,0.38011212494614521,2.0096678703911302,False,False,0.76759297868748255,0.91739332081031566,0.17982435269839589,0.044316771570978346,0.10705608587292913,0.38011212494614521
st_iid,144,smoothstep,none,none,all,0.75,2.166530682111028,0.29709499042489573,0.35634204552047605,1.1294691696817321,False,False,0.58598423996225713,1.1431992136612545,1.2695528351117413,0.35634204552047605,0.14510947548815065,0.17593630023956711
st_iid,145,smoothstep,none,none,all,0.75,1.7741824351713984,0.25336022136364772,0.29795481947793256,0.87129453639315491,False,False,0.93629333675915316,0.61542179334745428,0.52773227724391303,0.20837039043001038,0.23043870801052205,0.29795481947793256
st_iid,146,smoothstep,none,none,all,0.75,3.5573504838753029,0.55558472230736311,0.3708432814226858,1.6398593030955615,False,False,1.0685387214874094,0.73375211637954163,2.6102134462472901,0.36487453501815131,0.3708432814226858,0.17099503410973241
st_iid,147,smoothstep,none,none,all,0.75,3.2223130002658338,0.53188737070341097,0.48576170369154703,1.6558611284412574,False,False,1.9624912744124656,0.60903185824920314,0.80101010277321005,0.25878275429659903,0.35424425184966224,0.48576170369154703
st_iid,148,smoothstep,none,none,all,0.75,1.612770452194161,0.23896861583682721,0.4789810894061507,0.95693456732108284,False,False,1.4020801895286223,0.87235678777547232,0.86936128301526339,0.30350583694530486,0.31022619595184142,0.4789810894061507
st_iid,149,smoothstep,none,none,all,0.75,inf,0.99305832458830368,6.1289195707713624,inf,False,False,1.7459719400350373,-0.32637830954713831,4.3129581949556046,0.35242484140709157,6.1289195707713624,0.39266264945050017
st_iid,150,smoothstep,none,none,all,0.75,1.8128331625683218,0.29459457505002062,0.23569856050598242,0.83058946519178112,False,False,2.0094028751849597,1.1084323238759317,1.1380355925031083,0.17576792848172137,0.19834969963682594,0.23569856050598242
st_iid,151,smoothstep,none,none,all,0.75,2.7185387093814315,0.36485818447577811,0.45986890998185792,1.4599634067270748,False,False,0.57274919353887366,1.2577892603579754,1.5570408534024254,0.45986890998185792,0.15418480134352394,0.36217587240203425
st_iid,152,smoothstep,none,none,all,0.75,3.8643607660291019,0.45523212095944487,12.775184522410109,14.126980800351612,False,False,0.70004878067138443,0.8181687203432626,0.21172161966233488,0.64382052463136441,0.57475959787550224,12.775184522410109
st_iid,153,smoothstep,none,none,all,0.75,2.0698497022894995,0.2827433401881651,0.34619526839392489,1.07367126544553,False,False,0.90352575602153684,0.43651756696253358,0.68409682669682648,0.18112455902190752,0.34619526839392489,0.20316535014860207
st_iid,154,smoothstep,none,none,all,0.75,3.3040669519513641,0.45115684969459563,6.4915304777647105,7.6866845971259297,False,False,1.0474322171327128,2.0689234870073081,3.4607861730373419,0.11935383207152533,6.4915304777647105,1.0390457793809711
st_iid,155,smoothstep,none,none,all,0.75,1.3450138537928618,0.12773473143833103,0.39069541555926934,0.68709972877776604,False,False,0.97352396004621888,1.2788930345425202,1.3094032132614528,0.39069541555926934,0.1731405520894963,0.20460618885264686
st_iid,156,smoothstep,none,none,all,0.75,15.434609501920054,0.72508083797027212,13.769716241775587,16.506328599890402,False,False,0.068823410045992336,1.0622624586504135,0.54732310523890726,13.769716241775587,0.20739091653716493,0.21423520239158861
st_iid,157,smoothstep,none,none,all,0.75,1.3045650135165801,0.11411112582908611,0.85830043219168062,1.124170094426086,False,False,0.5290298147942315,0.6901537874877105,0.67119950197629041,0.16263168962551749,0.85830043219168062,0.36190051108999099
st_iid,158,smoothstep,none,none,all,0.75,3.5663662266777263,0.45670393376763241,2.2764204649192203,3.5479676786600436,False,False,1.9796869500910224,0.55509917497598493,1.2859700047146592,0.17806532268461706,2.2764204649192203,0.68516320553091992
st_iid,159,smoothstep,none,none,all,0.75,2.9459377410884717,0.40517706783354196,1.7933097781991771,2.8737369626451121,False,False,0.55997729962809861,1.0849187074872637,1.6496582611272232,1.7933097781991771,0.13673332718013786,0.094302061814527868
st_iid,160,smoothstep,none,none,all,0.75,2.1851907965225363,0.34912313145437057,1.2992517792098763,2.0809549250081134,False,False,0.81043507908304702,0.99488631175194198,1.7709552759912881,1.2992517792098763,0.45090408061911924,0.57085737377915258
st_iid,161,smoothstep,none,none,all,0.75,2.3137570807734158,0.32379469718222792,3.0854384118001339,3.9243110570028756,False,False,0.93076832983498936,0.97524992265161559,0.42150056752095189,0.31998565525500283,1.4692483820534925,3.0854384118001339
st_iid,162,smoothstep,none,none,all,0.75,12.096031635154603,0.62147155265751963,10.185644777287354,12.678522212061274,False,False,0.97929609776312987,1.0408508847295941,0.086048955237896144,0.37972465149315554,0.18580508982953969,10.185644777287354
st_iid,163,smoothstep,none,none,all,0.75,1.6391013035853932,0.21238258827493919,0.28443886640165605,0.77858697242010755,False,False,1.6597913758794505,1.0126228148612899,1.1879579140228327,0.23737536543850851,0.28443886640165605,0.14657742914294175
st_iid,164,smoothstep,none,none,all,0.75,1.6683228047982674,0.20502061485780884,0.34823158798300868,0.86005040125194032,False,False,0.9290493106826474,1.0227005447880353,0.61301118815054478,0.15918121133889224,0.094611096926974905,0.34823158798300868
st_iid,165,smoothstep,none,none,all,0.75,7.7538306915142856,0.67355826278314523,0.26573762889956165,2.3139246329233618,False,False,1.6012907119796338,0.74908681602004934,0.20651607904362296,0.22558161551628336,0.22146671128411191,0.26573762889956165
st_iid,166,smoothstep,none,none,all,0.75,2.8256900500787445,0.41675307545748463,0.31865339751004723,1.3574059977950876,False,False,1.8969545684500748,1.1661071056060803,3.2950572456372251,0.16487492388763261,0.31865339751004723,0.27859170757180174
st_iid,167,smoothstep,none,none,all,0.75,2.0324127864988504,0.34168885810526323,0.51898810359164471,1.2282117556391752,False,False,1.8702121297258931,0.92019305435862098,0.99546920528287097,0.23594455314086016,0.27180854645931724,0.51898810359164471
st_iid,168,smoothstep,none,none,all,0.75,inf,23.988208094970592,2.465390211423264,inf,False,False,0.47660811442010864,-2.1792457217782362,1.9147194116077029,0.33876596599784026,2.465390211423264,0.13035653362553687
st_iid,169,smoothstep,none,none,all,0.75,3.0512036889738874,0.47233129099031157,0.42863862489981047,1.5441747897870508,False,False,1.1945768292208221,0.7976900343104989,2.4339147753459009,0.17755436700013197,0.29272054743839554,0.42863862489981047
st_iid,170,smoothstep,none,none,all,0.75,1.9403433704111577,0.27799750745514168,1.3636080176699179,2.0264729701406754,False,False,0.9959162711829187,0.7684190443531993,1.4909967984084076,0.19484435776472042,1.3636080176699179,0.31622644163809382
st_iid,171,smoothstep,none,none,all,0.75,1.5109232027737007,0.199094645895146,0.93420572872745378,1.3469265852953618,False,False,1.0873147151892426,1.1164899937674944,1.6428490318967046,0.065208424421715316,0.256777089551671,0.93420572872745378
st_iid,172,smoothstep,none,none,all,0.75,1.7236401930791898,0.21631984986812355,2.4997931900735129,3.0442316358227086,False,False,1.1590934450913299,0.67246833170017484,0.92411794559782412,0.071691446194636507,2.4997931900735129,0.47827496806638431
st_iid,173,smoothstep,none,none,all,0.75,2.0438128114937313,0.30356669708615791,1.3181870881724576,2.0330041768162115,False,False,0.70278003075564688,0.91112602330653225,1.4363508305203496,0.5465829377687742,1.3181870881724576,1.2159918465637243
st_iid,174,smoothstep,none,none,all,0.75,inf,1.074923476831362,8.0928012689816011,inf,False,False,0.43338987617739561,1.1591566290941537,-0.12512887200571046,1.0019577398697024,0.38320007726503535,8.0928012689816011
st_iid,175,smoothstep,none,none,all,0.75,1.1694239553781685,0.065590961106756329,1.6838176095884019,1.8403288913254359,False,False,1.0399857599148463,1.0783553532897947,0.92212524664853135,1.6838176095884019,0.20584787123386764,0.18055523648551183
st_iid,176,smoothstep,none,none,all,0.75,1.8243585028843836,0.23891862561921373,0.31747262841165735,0.91870104838482358,False,False,1.059150053949085,1.1560869411048951,0.63369504364250528,0.21843044439650608,0.31747262841165735,0.10906366252655877
st_iid,177,smoothstep,none,none,all,0.75,2.13519482637949,0.35536299293261592,3.2638620342070634,4.0224199302978292,False,False,0.60726552273847467,1.1407687400547701,0.53426915706286948,3.2638620342070634,0.24906260032409719,0.40009457165911982
st_iid,178,smoothstep,none,none,all,0.75,2.4357991578633214,0.37233781367654517,0.70357102441356278,1.5938459233512787,False,False,1.5554948492587832,0.90703766903053429,0.63859733436448862,0.68634110639678048,0.70357102441356278,0.50741687709906436
st_iid,179,smoothstep,none,none,all,0.75,4.025517629789948,0.46483440970762291,21.536822379412705,22.929475885689008,False,False,1.2485477925774231,1.5295662300591171,0.37996758944487097,2.0857125285673797,0.41655758419445349,21.536822379412705
st_iid,180,smoothstep,none,none,all,0.75,8.7328737445764339,0.59567548389193403,5.2911316570447262,7.458226153092121,False,False,0.97966052877345045,0.76814432403595512,0.11218077318269605,0.2741699541829995,1.9510637894320733,5.2911316570447262
st_iid,181,smoothstep,none,none,all,0.75,2.8746304346411446,0.38346126004442893,0.25848426996789825,1.3144083914820177,False,False,1.2300045592269233,0.42788267472735891,0.93214421558304639,0.25848426996789825,0.23364405373860939,0.23511806020627515
st_iid,182,smoothstep,none,none,all,0.75,1.539542064737772,0.21446527811240201,0.43697445786630706,0.86845946951153874,False,False,1.0851423394189761,1.6706222777634667,1.0897779317269083,0.43697445786630706,0.31457173472438649,0.2838090471925076
st_iid,183,smoothstep,none,none,all,0.75,2.8527172468549917,0.44314338888327998,0.4797154227736064,1.5279873827871686,False,False,1.203377741370369,0.81837187094717845,2.3345835505920034,0.13965358760831462,0.4797154227736064,0.3000288877550884
st_iid,184,smoothstep,none,none,all,0.75,2.90230264966636,0.48100416055063788,1.8768980709333811,2.9424025099873088,False,False,1.5973001708719885,1.2259654946319549,3.5581229034698523,0.55459938904374328,0.51056337133070362,1.8768980709333811
st_iid,185,smoothstep,none,none,all,0.75,1.3225980976730587,0.11329226794361537,0.59143432442474042,0.87103238235841918,False,False,0.89128276579061616,0.78520202438019493,0.6738878328637502,0.23327589092518261,0.59143432442474042,0.33866167783198459
st_iid,186,smoothstep,none,none,all,0.75,4.505222756651996,0.74733908423667472,0.57076814611445958,2.0760054824899452,False,False,0.88207887086578196,0.82735885512152951,3.7274359420110565,0.16551190698943666,0.57076814611445958,0.13210066822552963
st_iid,187,smoothstep,none,none,all,0.75,3.5637504546032881,0.47729181231860895,0.29706043245776748,1.5678739212656856,False,False,0.44058320410115714,0.90342724589065404,1.5701285939060721,0.25354139436415613,0.29706043245776748,0.13701121597039792
st_iid,188,smoothstep,none,none,all,0.75,6.7157144080066553,0.60227046125757788,0.53099799081192189,2.4354482050025301,False,False,1.9593567678131822,1.1402019001555987,0.29175701180460928,0.1287348376594428,0.53099799081192189,0.36879842402221374
st_iid,189,smoothstep,none,none,all,0.75,inf,7.585819090067683,2.9937389574500233,inf,False,False,-1.2929862679569626,0.46150608673100452,0.5006805541351308,2.9937389574500233,0.1343093129070792,0.24506304380616331
st_iid,190,smoothstep,none,none,all,0.75,inf,4.654642895821433,1.3508444201264203,inf,False,False,0.74745673751669106,-0.55104576025544982,0.14555802389484893,0.44986728331201392,1.3508444201264203,0.88837485351656431
st_iid,191,smoothstep,none,none,all,0.75,2.6133470332483633,0.35546078607203985,1.0529793891035251,2.0136111770984155,False,False,1.4385340285369967,1.099022974784946,0.55045656402889354,0.26294629777623058,0.31929939168958144,1.0529793891035251
st_iid,192,smoothstep,none,none,all,0.75,4.5633982196684331,0.72987946157327532,2.3861534609609847,3.9042210305575407,False,False,1.1855082669904113,1.0076319326146967,4.59822576737497,0.38979782154866444,2.3861534609609847,0.24294317642716945
st_iid,193,smoothstep,none,none,all,0.75,2.1223207400159163,0.34851091617252605,0.55162481776466166,1.3041349964005875,False,False,1.5536269010567627,1.3463678664202323,2.8574244465946377,0.35972900484375259,0.55162481776466166,0.25737205626423937
st_iid,194,smoothstep,none,none,all,0.75,inf,3.7962294363140283,13.428022007398932,inf,False,False,0.25678268809405108,1.1723491029614119,-2.7549613614376667,0.46152557665462962,13.428022007398932,1.3572655208131732
st_iid,195,smoothstep,none,none,all,0.75,3.5829375549728653,0.61443865623427862,0.32714477690303212,1.6033277869335545,False,False,2.1631469833951176,0.70826784092832484,0.60373560806071591,0.28258245376653573,0.27175245170126933,0.32714477690303212
st_iid,196,smoothstep,none,none,all,0.75,32.343211167013337,1.0161732674581312,37.406681378281398,40.88308552147177,False,False,0.75025945094770052,0.10974295846724628,3.5494396797989212,0.59001248081789048,37.406681378281398,0.25561962083759315
st_iid,197,smoothstep,none,none,all,0.75,2.0115316357982445,0.30021142712539728,0.4612002988748245,1.1600967386250467,False,False,1.4971724138788713,0.94257531865930422,0.74429473901102339,0.20369978538522915,0.10457919088862404,0.4612002988748245
st_iid,198,smoothstep,none,none,all,0.75,1.1980733314365515,0.08270784026684104,0.32733446879991335,0.50804917816952955,False,False,1.4953609581303451,1.5273689771521146,1.791552084807376,0.31266190007850281,0.32733446879991335,0.19356878315775539
st_iid,199,smoothstep,none,none,all,0.75,3.209267762724636,0.41311626634737741,1.0737581036468056,2.2398009034666533,False,False,1.3578675331819254,1.0326870450069363,0.42310820834379664,0.23397135109554823,0.39833311598297144,1.0737581036468056
st_iid,200,smoothstep,none,none,all,0.75,3.5878904126354225,0.45664557275005208,0.51624036996491651,1.7938047709512763,False,False,2.3074607083146099,1.5149297122412044,0.64312463395996111,0.2936611395980448,0.27173200081533705,0.51624036996491651
st_iid,201,smoothstep,none,none,all,0.75,1.5174049883536382,0.17799458499136822,1.0336579256639506,1.4506595570152323,False,False,1.4592111561182448,0.97910870112402937,1.4857044272260536,0.17813688856379198,1.0336579256639506,0.43067586802793045
st_iid,202,smoothstep,none,none,all,0.75,5.9861432089539219,0.67036146772900207,0.441591525019632,2.2310388581455758,False,False,0.50723596475727084,1.2614068530341882,0.21072112861373041,0.441591525019632,0.29830618660851344,0.16995840792029371
st_iid,203,smoothstep,none,none,all,0.75,1.2534828987350988,0.10050280532271212,1.2909485928685307,1.5168745885796304,False,False,0.96190462985097758,1.2057310037323157,1.1958276291120293,1.2909485928685307,0.3597908301187796,0.26116488984540992
st_iid,204,smoothstep,none,none,all,0.75,1.5957521443616245,0.21387831360834358,2.2232759731923672,2.6906211621409661,False,False,1.3709000616865186,0.93449672476160117,0.85909335389609809,0.068306967496611665,0.62561748663674199,2.2232759731923672
st_iid,205,smoothstep,none,none,all,0.75,229.79584238631151,0.71955141682531065,242.15092241845537,247.58811369139266,False,False,0.0070062031487495768,1.2404857159939362,1.6099963544965372,242.15092241845537,0.25178022325717814,0.053776898092161608
st_iid,206,smoothstep,none,none,all,0.75,1.5833540344201382,0.18399191120160002,2.0500941638614099,2.509639567524995,False,False,1.78778223702507,1.1291108609703946,1.5993578325817219,0.43668744994397513,0.16521242874672371,2.0500941638614099
st_iid,207,smoothstep,none,none,all,0.75,8.2080989451737185,0.74114479130177213,0.79048654634462689,2.8956078894242765,False,False,0.2952739350647845,0.90400089159405728,2.4236376749425506,0.145500441662723,0.79048654634462689,0.28753184697316103
st_iid,208,smoothstep,none,none,all,0.75,inf,0.78567802853243396,26.860925696337286,inf,False,False,-0.078099790683878706,1.1825773749427066,1.0722097878248371,26.860925696337286,0.2462794776473794,0.075796760556877715
st_iid,209,smoothstep,none,none,all,0.75,2.2868807656795176,0.39205351486188206,0.21440871292963315,1.0415974909222789,False,False,0.59998515278682063,1.210244430118349,0.52921186284880062,0.13350933449018951,0.19104732403245048,0.21440871292963315
st_iid,210,smoothstep,none,none,all,0.75,2.7158673722748898,0.37404721466021884,0.27730507199158477,1.2764164484908862,False,False,1.107583426577408,0.58133089680480154,1.5788176151274615,0.27730507199158477,0.26876446407191867,0.066910777833321625
st_iid,211,smoothstep,none,none,all,0.75,4.9294860522037736,0.5122876429890334,0.31480297542919217,1.9100377090035936,False,False,1.4844332845820944,1.1014359068221551,0.30113347899999932,0.23435915197552867,0.31480297542919217,0.10438657433106964
st_iid,212,smoothstep,none,none,all,0.75,2.5177798729552552,0.41280027213452913,1.5574120018659603,2.4807895122827102,False,False,0.66112758788633275,1.3028314728005626,0.51745249328383836,1.5574120018659603,0.576245770998703,0.95354459610292275
st_iid,213,smoothstep,none,none,all,0.75,2.8739078101105404,0.38510015161582867,0.28500482844306441,1.3406775383796163,False,False,0.93827312566933274,1.0066749631997283,0.35028088223922815,0.2129619712565213,0.28500482844306441,0.1926982303815562
st_iid,214,smoothstep,none,none,all,0.75,4.3644369904468068,0.58309367831743042,0.29705140603287078,1.7705406042899423,False,False,0.63643863460600725,1.4373585163204383,0.32933423474015822,0.22827135967774032,0.29705140603287078,0.16753942073174796
st_iid,215,smoothstep,none,none,all,0.75,1.7613394712327579,0.26678166933027514,0.2655462952079769,0.8316208779967269,False,False,1.7998839817503061,1.021883635237318,1.1036625768071919,0.15960238109749803,0.2655462952079769,0.21357598260484151
st_iid,216,smoothstep,none,none,all,0.75,1.676543376967329,0.2158694814822669,0.49704315594113646,1.0137773160571593,False,False,0.46211763327705213,0.77476025745045873,0.56774103988966595,0.49704315594113646,0.39248088272295401,0.16780354038378401
st_iid,217,smoothstep,none,none,all,0.75,4.428198163252075,0.50917709679056766,0.64941707065563259,2.1374098368159515,False,False,1.1718927399491954,0.74718662931171587,0.26464324692473917,0.26841551274214076,0.64941707065563259,0.35208994464310672
st_iid,218,smoothstep,none,none,all,0.75,3.1872555433379941,0.48446533404293646,2.612385507419527,3.7715457226769482,False,False,2.7579434884331624,0.86530353494805889,1.3486322327572513,2.612385507419527,0.55085336477089941,0.37840706043280875
st_iid,219,smoothstep,none,none,all,0.75,4.7782193634829948,0.69497298278600206,1.5121230884448489,3.0761910474463181,False,False,2.5454067177882571,0.78584218769017844,0.53271030987845436,0.26401451938766568,0.44868650167996793,1.5121230884448489
st_iid,220,smoothstep,none,none,all,0.75,1.7171185048752566,0.21781047174624674,0.37103095563787791,0.91167855373605078,False,False,0.86823857087541267,0.65668643108354074,1.1276084227140377,0.28268953941361019,0.37103095563787791,0.33803421989626564
st_iid,221,smoothstep,none,none,all,0.75,2.9879044632937455,0.46988361651475746,3.8563267008927404,4.9508989941895472,False,False,0.50106725468501945,1.0339964949263147,0.34606076185798745,3.3142932976987156,0.26555195156053096,3.8563267008927404
st_iid,222,smoothstep,none,none,all,0.75,3.98223148775865,0.4621731245891178,0.37718017914702934,1.7590225166399402,False,False,2.018588212720454,0.50689876239630449,1.6678579643906133,0.37718017914702934,0.23103832575317246,0.15553203313609934
st_iid,223,smoothstep,none,none,all,0.75,1.8883392534963681,0.28429147578649427,0.43530005426482948,1.0709977951978304,False,False,1.1973850001544764,1.4029361928407746,2.2610690973394525,0.43530005426482948,0.27336926777545828,0.22217466322839463
st_iid,224,smoothstep,none,none,all,0.75,1.6421812707515349,0.196528287617488,0.61589052100497987,1.1119159222583952,False,False,1.0376878739959698,1.2146092211058224,0.73963163673762,0.61589052100497987,0.13045790634909629,0.1244080459418075
st_iid,225,smoothstep,none,none,all,0.75,7.2087807681001053,0.71998658387399728,6.5961620805237677,8.5714619146223807,False,False,0.79341464637803394,0.29334369092550949,2.1146503575873141,0.21978226708685805,6.5961620805237677,0.29901984819614408
st_iid,226,smoothstep,none,none,all,0.75,3.4569876132632582,0.43477631633328784,0.21868386211739116,1.459081439962018,False,False,2.0070984959833398,0.58059175227669357,1.4725281506702677,0.17185464073842338,0.20944892547621874,0.21868386211739116
st_iid,227,smoothstep,none,none,all,0.75,3.5187655738377686,0.4417099813867596,0.40817054804894198,1.6662807869024585,False,False,1.0508605990189486,1.4722292068031833,0.41839365990996813,0.34829587864286399,0.21003011205672206,0.40817054804894198
st_iid,228,smoothstep,none,none,all,0.75,3.0869377661225625,0.44657661645882857,0.61083576648540372,1.7380153518159984,False,False,0.43532528388484865,1.343822059372165,0.75085318294876657,0.2798561258395707,0.61083576648540372,0.30034198928187161
st_iid,229,smoothstep,none,none,all,0.75,4.6398613376131239,0.52757638923380146,0.58460819748310611,2.1192926791396278,False,False,1.9631779996468051,1.18892404414607,0.42311135113721293,0.34614582834100255,0.34649508278976415,0.58460819748310611
st_iid,230,smoothstep,none,none,all,0.75,3.2202837687999959,0.43507637523770748,2.3767877451865429,3.5462572278164282,False,False,0.95691580175626678,0.47030873597153616,1.5145275887739806,0.86223772481804284,2.3767877451865429,0.17563087735813221
st_iid,231,smoothstep,none,none,all,0.75,1.8031639242082513,0.25119688264833262,1.1467697554556897,1.7363126130195852,False,False,1.4463509690407179,0.98665978070536409,0.80211840400245038,0.79465144689356959,0.26603672956653668,1.1467697554556897
st_iid,232,smoothstep,none,none,all,0.75,1.4279141020628863,0.15485292479952562,0.44678627652300323,0.80300098601412828,False,False,0.99602847589861732,0.98546274452648952,0.69754089161222643,0.44678627652300323,0.11826813295873115,0.086196645002223529
st_iid,233,smoothstep,none,none,all,0.75,7.494984691325616,0.70748689328934078,1.1412473226428101,3.1554814116770218,False,False,0.3599401830048774,0.8946989944953323,0.11937302494170798,0.64156412101318738,0.32261029259211282,1.1412473226428101
st_iid,234,smoothstep,none,none,all,0.75,inf,22.421930934414732,2.2543794192632371,inf,False,False,0.79916615526256507,-0.9844000897183266,0.08715324884899954,0.89854203127983645,2.2543794192632371,2.1958454565596752
st_iid,235,smoothstep,none,none,all,0.75,2.079291838215938,0.28081553836393414,2.6576599299942303,3.3896873033407933,False,False,1.2393917229592548,1.0030673878194134,0.59606434276328935,0.24035789624277754,0.1610354530066927,2.6576599299942303
st_iid,236,smoothstep,none,none,all,0.75,2.7898019788144586,0.48862861125471801,0.74734523665446984,1.7733158546335561,False,False,0.76659898261485926,0.89440486709288114,2.1386593586560849,0.74734523665446984,0.12049752150997001,0.47906798763818131
st_iid,237,smoothstep,none,none,all,0.75,7.1009719846631807,0.79142717267113061,0.88471452248283966,2.844946196408598,False,False,1.1895968273620419,0.59005720452496724,4.1899796786804648,0.88471452248283966,0.25078566734470159,0.26735237216868807
st_iid,238,smoothstep,none,none,all,0.75,4.559343614305913,0.74256831299145754,0.30547529664401263,1.8226539655781828,False,False,0.89016245476410405,0.99139927358484059,4.0585565038235938,0.11864943235242179,0.30547529664401263,0.22743287807459708
st_iid,239,smoothstep,none,none,all,0.75,3.4707553981394694,0.54445129051574248,4.0936766760434153,5.3380489402986049,False,False,0.34490754584580025,0.82564531469593494,0.23788634460916772,4.0936766760434153,0.24545107140026182,3.0638984915630907
st_iid,240,smoothstep,none,none,all,0.75,5.1350750712194007,0.74008201672239182,1.4610885657359229,3.0971830285265036,False,False,0.60007632258771626,0.4263499426424367,2.189338962078998,1.4610885657359229,0.23829009378230795,0.21682645369532663
st_iid,241,smoothstep,none,none,all,0.75,1.1245419269005048,0.051611169049572983,0.94775814270846104,1.0651339193577116,False,False,1.0718034176490809,0.95310222945907996,0.97481031162775567,0.29661826484325038,0.94775814270846104,0.27550865404134728
st_iid,242,smoothstep,none,none,all,0.75,1.5540539135212188,0.17663572335646582,0.48054927108585221,0.92141621581510402,False,False,0.89140243342822323,0.99896451580808276,0.64281200743196931,0.32663898614715781,0.18448850915293077,0.48054927108585221
st_iid,243,smoothstep,none,none,all,0.75,1.4538668257461336,0.15445666713612993,1.0071835620916754,1.3814103453618314,False,False,0.942579924473122,1.1080863416094888,1.3703856828057681,1.0071835620916754,0.54285267295514139,0.12648585289029643
st_iid,244,smoothstep,none,none,all,0.75,3.2793425127765881,0.55037673482502669,0.46120906848940768,1.6488520173702157,False,False,0.66670936837494643,0.84452439122838896,2.1863683753783887,0.23955200389676298,0.40617139844343547,0.46120906848940768
st_iid,245,smoothstep,none,none,all,0.75,10.207041398364778,0.717782760306231,8.3769947281514643,10.700072543444367,False,False,0.26403892785930022,1.2202625089897823,2.6950562674397283,0.44199616831262906,8.3769947281514643,0.51543253219602758
st_iid,246,smoothstep,none,none,all,0.75,4.2385995581806224,0.51812556967642642,0.49312913925964313,1.937362061062873,False,False,1.311570679623673,0.75303064624964511,0.30943491160713749,0.36708492100726647,0.22568971388296316,0.49312913925964313
st_iid,247,smoothstep,none,none,all,0.75,3.4894174434756224,0.4560087207426648,0.31595788188370671,1.5656926825248523,False,False,0.69816865214632973,1.1082725559302802,0.31760962220283656,0.31595788188370671,0.25626674738258787,0.21539506378082596
st_iid,248,smoothstep,none,none,all,0.75,1.5178255568942787,0.18638587365698103,1.0196798083395846,1.4369585643026954,False,False,1.2660665629315611,1.1532921695458718,1.7504963295027738,1.0196798083395846,0.081990231122573795,0.22334144575426867
st_iid,249,smoothstep,none,none,all,0.75,2.0762684602107067,0.34230942238233508,0.32517788071341885,1.0557501537502452,False,False,0.85960688521378814,0.76135097098235016,1.5807690082014505,0.32517788071341885,0.22501961276869953,0.29739404783700035
st_iid,250,smoothstep,none,none,all,0.75,1.8615081682571257,0.27637982084749174,1.0244791038117573,1.6458661061301463,False,False,1.6321619856905087,1.0299837098086047,0.87679550029514675,1.0244791038117573,0.52979693109670178,0.19865772783871802
st_iid,251,smoothstep,none,none,all,0.75,5.2236733956958314,0.66103840044665108,0.65184987851188225,2.3050507485652161,False,False,0.4848740590954615,1.2840268932933221,0.24580918369653934,0.65184987851188225,0.50224732264553151,0.62469231990822371
st_iid,252,smoothstep,none,none,all,0.75,1.6747241863725244,0.23433487540973846,0.28777231016328603,0.80342079702934632,False,False,1.6724978033894706,0.9986705972236084,1.1082886798014118,0.28777231016328603,0.2563529225398018,0.086970552897341069
st_iid,253,smoothstep,none,none,all,0.75,2.362011582013869,0.3423554042894299,0.36787373596758771,1.2273873572082421,False,False,1.3688909270625174,0.89450970570896149,0.57954454477966222,0.33428179612474612,0.15395414028340101,0.36787373596758771
st_iid,254,smoothstep,none,none,all,0.75,1.952185574460424,0.26284301275556682,0.57566026686413063,1.2446098192196855,False,False,1.3311119395164728,1.750030383596981,0.89644673461982849,0.17810014979256933,0.57566026686413063,0.38885384658976335
st_iid,255,smoothstep,none,none,all,0.75,2.2377863533436853,0.36183229040756559,0.57417171333951555,1.379658855465772,False,False,0.82582187114688843,1.0119211059717534,1.8480129135452543,0.25169682027473655,0.57417171333951555,0.31098225148976077
st_iid,256,smoothstep,none,none,all,0.75,3.2241161267482958,0.49369387503408757,0.44369050137321664,1.614349344831784,False,False,1.2027994159840627,0.57279914650133301,0.37306330439069951,0.15951401480171262,0.44369050137321664,0.28403845007765605
st_iid,257,smoothstep,none,none,all,0.75,2.9245239185975072,0.5151101398114355,0.35522970990984137,1.4283614144737002,False,False,1.0970303789590596,1.2694574976063804,3.2082915826938572,0.084661651013443279,0.35522970990984137,0.29649132988539467
st_iid,258,smoothstep,none,none,all,0.75,2.619965215567853,0.35487841540318715,0.55572445370415224,1.5188854948882047,False,False,2.4009048622647833,0.9163880680547164,1.8844359071010375,0.55572445370415224,0.21348054141853454,0.27136220789199217
st_iid,259,smoothstep,none,none,all,0.75,2.9557769322761498,0.44354626373940026,0.24487656540070915,1.3286381029450816,False,False,1.5602312675026415,0.98328658796518231,2.9063758145240093,0.24487656540070915,0.19346232878774125,0.11768278724855866
st_iid,260,smoothstep,none,none,all,0.75,inf,6.1084637774690549,1.7204522185603148,inf,False,False,1.1095036277725372,-0.70143174218984683,-0.84488868905071857,0.34543718431567177,1.7204522185603148,1.650416840283097
st_iid,261,smoothstep,none,none,all,0.75,4.7043585567360235,0.77630214536779285,0.57395782689696107,2.1224472583843244,False,False,0.75237791460439851,0.76973546097594159,3.5394554804684075,0.30163720399139332,0.57395782689696107,0.43225796193932398
st_iid,262,smoothstep,none,none,all,0.75,1.1019731461791635,0.040842603715601583,0.52694194265019534,0.62404428482553498,False,False,0.83819318468228388,0.81842070656636046,0.76062941060635136,0.16300098009939709,0.52694194265019534,0.43268777506807549
st_iid,263,smoothstep,none,none,all,0.75,2.0185888702895931,0.2710463019610147,0.34636165054911877,1.0487603387776214,False,False,0.44035826433984465,0.71349607964489725,0.88890229133645293,0.18672441516070537,0.20531435632242395,0.34636165054911877
st_iid,264,smoothstep,none,none,all,0.75,2.3984956128607196,0.32709143998585771,0.32977444299257275,1.2046161558329826,False,False,0.83508988234699877,0.42985194956965866,1.0309980152224536,0.17001546808839943,0.32977444299257275,0.22014648433328687
st_iid,265,smoothstep,none,none,all,0.75,1.2315337921869969,0.09954282096943641,0.51032061327087208,0.71858099133237996,False,False,0.56820734540130158,0.69976654683057171,0.57235355945965716,0.44364197942772088,0.35146951578354618,0.51032061327087208
st_iid,266,smoothstep,none,none,all,0.75,1.5805406161717424,0.18692453402112474,0.41343547866308389,0.87120242931185987,False,False,0.59589691641335762,0.94183927944280954,0.73965591568150424,0.33571420145350245,0.41343547866308389,0.20610537320481187
st_iid,267,smoothstep,none,none,all,0.75,2.2433471846893145,0.30599000057469361,0.91432905037472678,1.7222980797970808,False,False,1.890118928212043,0.8425440971027448,1.615092403896716,0.0982146590858025,0.91432905037472678,0.6602396980495685
st_iid,268,smoothstep,none,none,all,0.75,3.3992908218701916,0.54111852973512164,0.85778957050353888,2.0813563985665602,False,False,0.82714485943818694,1.1663106183727285,2.8117059290453388,0.12331327835282858,0.13663991569478803,0.85778957050353888
st_iid,269,smoothstep,none,none,all,0.75,inf,4.3391683531803631,2.4121022546366784,inf,False,False,0.62052749707555144,-1.5940168241354988,1.9959562500830119,0.21267059275361561,2.4121022546366784,0.23006833650640837
st_iid,270,smoothstep,none,none,all,0.75,1.3295329343399245,0.13185809972636178,0.34260002710475718,0.62742773047324407,False,False,1.1002623315115361,0.82755552953472733,0.85619424704342939,0.15789870388063293,0.16699339188229112,0.34260002710475718
st_iid,271,smoothstep,none,none,all,0.75,3.64706584718494,0.45249488930305598,2.8043384285207638,4.0982613953488167,False,False,0.49385019784493683,1.2610984450059939,1.8011041901857947,2.8043384285207638,0.2942347573797317,0.059488780837752012
st_iid,272,smoothstep,none,none,all,0.75,4.3900977507603436,0.54867783021702454,0.2805866569758807,1.7599381505030669,False,False,1.4403500231173465,0.63735924670135558,2.7980693953699283,0.10077537769172348,0.2805866569758807,0.21975782734092156
st_iid,273,smoothstep,none,none,all,0.75,1.6682207795116333,0.20311118625779123,0.66499617836983627,1.1767538353648648,False,False,1.0674208692189731,0.87532568692673507,0.63985587658934295,0.40795688543381808,0.19892923204021765,0.66499617836983627
st_iid,274,smoothstep,none,none,all,0.75,6.3863661883256819,0.58989043306222344,3.9585634700748851,5.8127289050857698,False,False,1.2037421357212821,0.71622177821296584,0.1884862377484289,0.214568247229183,0.18964108800886062,3.9585634700748851
st_iid,275,smoothstep,none,none,all,0.75,3.8254469717712771,0.49379352088202583,0.36183372371985534,1.7035090395363381,False,False,0.69973361716665672,0.31703230900281187,1.2127902864284625,0.084485553071515493,0.19103625993966877,0.36183372371985534
st_iid,276,smoothstep,none,none,all,0.75,2.3968283786715823,0.32684705259562241,0.2773592506569813,1.1515056051611201,False,False,1.40825799505842,0.58755061797079211,1.1424998138191989,0.2773592506569813,0.11792288559876758,0.14957084589659164
st_iid,277,smoothstep,none,none,all,0.75,3.5333458445728811,0.6357018904253795,0.21489991081785959,1.4771451641783555,False,False,1.1036970718556718,1.0522608485111955,3.7180014964937667,0.10322522521558493,0.17241960720965183,0.21489991081785959
st_iid,278,smoothstep,none,none,all,0.75,2.2721263150939786,0.32516269486612065,0.66680543259815495,1.4875215283438443,False,False,0.91221853530361741,1.3474168905330501,0.59302023905185874,0.15511666978627067,0.66680543259815495,0.43135754274696575
st_iid,279,smoothstep,none,none,all,0.75,2.3761715993695089,0.33105169252293004,0.37857803317077326,1.2440686540201558,False,False,1.2201497263056542,0.71083513806660092,1.6890662669077607,0.22675625859507101,0.18012124345665922,0.37857803317077326
st_iid,280,smoothstep,none,none,all,0.75,2.9785243212007688,0.39629031329460684,0.44403583883654363,1.5354638224767734,False,False,1.2716245565471205,0.58596914239162656,1.7453233420866161,0.23880014018111131,0.44403583883654363,0.37503215747569008
st_iid,281,smoothstep,none,none,all,0.75,inf,4.1342363832155806,3.161909633062741,inf,False,False,0.93079856580629627,-4.6436237421980433,1.6681468167263998,0.38829215215321156,3.161909633062741,0.25224506873774488
st_iid,282,smoothstep,none,none,all,0.75,2.5551013923040502,0.36348187687525579,0.80843351351899784,1.746525420263622,False,False,1.7240202890008001,1.1434691545063644,0.67473654634353797,0.3582316175642315,0.15049485679042796,0.80843351351899784
st_iid,283,smoothstep,none,none,all,0.75,inf,1.0356740133958799,7.7359867448215907,inf,False,False,2.0799243512593462,-0.54894704498411695,4.8274940163132936,0.15419243900736707,7.7359867448215907,0.35858414353032914
st_iid,284,smoothstep,none,none,all,0.75,3.3276598318877482,0.50619691973640335,0.32644003044542297,1.5287093342041433,False,False,1.3803589806952041,0.64512279977521148,0.41481372809435879,0.32644003044542297,0.30923251366387933,0.13344717793611824
st_iid,285,smoothstep,none,none,all,0.75,1.8182768887886633,0.24363240828062666,0.29708092168684735,0.89497020990921916,False,False,1.3729051742335119,0.75505836470711662,1.0000536620154639,0.12987998034725673,0.27529437679063901,0.29708092168684735
st_iid,286,smoothstep,none,none,all,0.75,2.1201315790489139,0.36731047133935407,1.1818983188505126,1.933376471197555,False,False,1.2351913015431888,1.1566176199991181,2.4521815410445269,0.33786444203107285,0.58299710489497736,1.1818983188505126
st_iid,287,smoothstep,none,none,all,0.75,3.116992022320149,0.41830773894911699,2.1784491222683786,3.3153175636406624,False,False,0.61971298486627269,0.92789047439164218,0.29768779250867705,0.28019763409703724,0.21221302830857069,2.1784491222683786
st_iid,288,smoothstep,none,none,all,0.75,11.356228908377302,0.93316013813465504,1.0944742276245607,3.5242406235151575,False,False,1.0812688302226792,0.4513825561439484,5.1260036328191472,0.37343217557251923,0.28137962379228409,1.0944742276245607
st_iid,289,smoothstep,none,none,all,0.75,11.216841897395096,0.7546290817946335,0.35473742599615105,2.7721538156499537,False,False,1.0899979285404975,0.23679616715276344,2.6561051688616892,0.35473742599615105,0.20694951024584618,0.23848100974227612
st_iid,290,smoothstep,none,none,all,0.75,4.1387314830551141,0.70723097346253117,4.3637550234376361,5.7841443592640864,False,False,0.60605279955824309,0.5667209943437328,2.3455060213987062,0.1929828590547199,4.3637550234376361,0.30994478905312772
st_iid,291,smoothstep,none,none,all,0.75,1.5397109563374303,0.20265960744675954,0.53096686007625427,0.96256156819570982,False,False,1.2597093870696732,1.1954656244278148,1.840671519856274,0.41012817562060672,0.53096686007625427,0.22836998467774935
st_iid,292,smoothstep,none,none,all,0.75,2.7564990117890855,0.47018135705702463,2.4651699557064806,3.4791313562519628,False,False,0.66606674944180633,0.81530469932939276,1.8360123366219077,2.4651699557064806,0.94492292106375242,0.35931586723796161
st_iid,293,smoothstep,none,none,all,0.75,3.4871532044767717,0.43312377430638538,0.24934406411263468,1.4984297667391233,False,False,1.0520409385859328,1.1556818319323479,0.33141125845824476,0.24934406411263468,0.17006071338962389,0.21972915017765077
st_iid,294,smoothstep,none,none,all,0.75,1.7641636800934191,0.25077317908992697,0.38939565202744919,0.95707239447600501,False,False,0.97547431810772167,0.83768864887280003,1.4778198895679229,0.2903113899205213,0.35803110957627537,0.38939565202744919
st_iid,295,smoothstep,none,none,all,0.75,6.8407650598528988,0.6042437555050052,1.5656329058859002,3.4885324821212058,False,False,0.17557626917475286,1.2010760075099769,0.7021918984387362,1.5656329058859002,0.16349447860072971,0.40508534616279351
st_iid,296,smoothstep,none,none,all,0.75,1.7451886090334658,0.219625180476377,0.68634660026350514,1.2432092354830866,False,False,1.2435814465255326,1.0871512160315597,0.71257710489771231,0.37938773786096985,0.68634660026350514,0.21497869787077481
st_iid,297,smoothstep,none,none,all,0.75,inf,1.9425743649776859,76.476748599465353,inf,False,False,-0.094412046177405701,-0.052188863061289829,0.051750375382184043,17.093617746914806,76.476748599465353,11.713295219080436
st_iid,298,smoothstep,none,none,all,0.75,inf,6.1918707203433252,7.5602937697642059,inf,False,False,1.1400018927577613,1.0300389586752119,-1.5645030789252115,0.61874312542428167,0.21672703533353377,7.5602937697642059
st_iid,299,smoothstep,none,none,all,0.75,1.9655336334881046,0.26993079801423553,0.29413717386522731,0.96990095152335232,False,False,2.0419459519564476,1.0388761185087121,1.4809949640513793,0.20139484087457532,0.22513570917426431,0.29413717386522731
st_iid,300,smoothstep,none,none,all,0.75,1.2510795532269874,0.097473916992989268,0.3234233854078411,0.54743020657897157,False,False,1.1862182780201949,1.1627881622301532,0.94815575473238944,0.20187476810989352,0.10138958024475479,0.3234233854078411
st_iid,301,smoothstep,none,none,all,0.75,1.6996543704947689,0.23252627610176119,2.0078600862943863,2.538285005212312,False,False,0.51129086802564228,0.74866514078039326,0.44048081408601741,0.62878261950153846,2.0078600862943863,0.14787002865619747
st_iid,302,smoothstep,none,none,all,0.75,inf,4.440324448010923,5.3082900062873515,inf,False,False,-0.77511579261416919,0.81309537506450835,-0.50698279849696071,5.3082900062873515,0.49670102575789188,1.7119354825980733
st_iid,303,smoothstep,none,none,all,0.75,inf,2.7691856129550918,2.064409664939669,inf,False,False,-5.0249351201460044,1.4212311904515944,0.5166235450299913,2.064409664939669,0.15656787989388971,0.34971079607322714
st_iid,304,smoothstep,none,none,all,0.75,8.6472958359512937,0.66628851067601935,2.386386555085525,4.5436332070322187,False,False,2.3297906996174627,1.1946186102148453,0.26942419269748058,2.386386555085525,0.95229013900816128,1.7535217278542121
st_iid,305,smoothstep,none,none,all,0.75,5.1315029224748496,0.79560710116852895,1.1378517508738286,2.7732503344939796,False,False,1.0007308306684088,1.1143623279309793,5.1352531821856235,1.1378517508738286,0.15982752026257507,0.51544986661119974
st_iid,306,smoothstep,none,none,all,0.75,4.5563065653537649,0.49027955752833141,6.6727485893436196,8.1892609209338456,False,False,0.8102420856973348,0.70779384671913659,0.17782870271689571,0.081532542879628175,0.33222882851176516,6.6727485893436196
st_iid,307,smoothstep,none,none,all,0.75,1.3777576461793097,0.13229845514489513,1.2643970470309056,1.5848543305548768,False,False,1.0239084701679402,1.0907107248161714,0.79165644831719528,1.2643970470309056,0.60206736297177355,0.86571852457600085
st_iid,308,smoothstep,none,none,all,0.75,6.4100939765209155,0.73800688838919226,0.34437895067017887,2.2022528824189873,False,False,1.9844874865722435,0.95047807716698862,6.0926537972632957,0.14118784186342007,0.34437895067017887,0.23587996369685926
st_iid,309,smoothstep,none,none,all,0.75,4.6200406206150681,0.68407976252098335,0.59371793323498634,2.1241214306309053,False,False,0.62382216390551037,0.90272641759324757,2.8820837372834491,0.35630270682069665,0.3428385141953868,0.59371793323498634
st_iid,310,smoothstep,none,none,all,0.75,2.5933539010882938,0.35109458815741301,1.425753997625494,2.3787059781271447,False,False,0.67975886714548373,0.54632902885265866,0.2621157362518956,0.43449118924840635,0.37280403240690208,1.425753997625494
st_iid,311,smoothstep,none,none,all,0.75,3.1696847912697876,0.46488195072519484,1.1732404038437185,2.3268725518582611,False,False,1.1147233710870974,0.66410809389951075,2.1050133249924472,0.99014881716255432,1.1732404038437185,0.39968899727575047
st_iid,312,smoothstep,none,none,all,0.75,1.3241891453230696,0.1140344229190577,1.1626923747565421,1.4434926810733222,False,False,0.86611263622178847,0.79260726984191943,0.65407018270828543,0.47404072355683829,0.20862970068109918,1.1626923747565421
st_iid,313,smoothstep,none,none,all,0.75,5.4383446331857748,0.66807907495363839,1.6839877694897523,3.377462488680111,False,False,2.4509377974147362,0.92843028053090659,0.45067717526739015,0.14648092731984722,0.3474514569222662,1.6839877694897523
st_iid,314,smoothstep,none,none,all,0.75,2.0759161584095986,0.29298591551580377,0.24520813516114925,0.97561071352670603,False,False,0.5534072483833421,0.79929018041706412,1.1488270490999741,0.24520813516114925,0.17225919895352951,0.24381001369158078
st_iid,315,smoothstep,none,none,all,0.75,3.4465825665270224,0.49672597433507831,1.6984318085634205,2.9358149882505353,False,False,0.39748316298767633,0.69179918166869914,1.3699585400413443,1.6984318085634205,0.51566185222656069,0.29209443645408928
st_iid,316,smoothstep,none,none,all,0.75,1.6109815526721285,0.20667158259566965,0.86664044898576098,1.3434841022597472,False,False,1.009327946484561,0.87432025313682871,1.4085137989310568,0.86664044898576098,0.67333179429550516,0.42101161364267398
st_iid,317,smoothstep,none,none,all,0.75,5.9228523343825064,0.85791299008466293,0.4197586365237046,2.1985767826251776,False,False,1.005091254133031,1.1117469670014961,5.9530070808092637,0.23334108066121192,0.18586567618054806,0.4197586365237046
st_iid,318,smoothstep,none,none,all,0.75,6.3542154602141565,0.85718107006147559,5.6766965641906069,7.5258150088451679,False,False,1.6357637268205558,0.32624904430708185,0.25742969168461682,0.22974687568008015,0.80117565175022398,5.6766965641906069
st_iid,319,smoothstep,none,none,all,0.75,3.2309460411571354,0.52392157760156555,0.52984145665799132,1.7026164430071815,False,False,0.64848927581741411,0.88480702949331635,2.0952338584351318,0.52984145665799132,0.29160635269867197,0.24681035656042863
st_iid,320,smoothstep,none,none,all,0.75,2.1235490665537378,0.38447438098056819,0.41724679157386191,1.1703355685314738,False,False,1.0930881994867085,1.0895504564747973,2.3137138548102549,0.27659750356437462,0.17640839171917197,0.41724679157386191
st_iid,321,smoothstep,none,none,all,0.75,7.5786798215598852,0.59819560536971739,0.54066436353168335,2.5660033819961776,False,False,1.4117628852944857,0.93005875624840406,0.18628084554757043,0.54066436353168335,0.39006954332124733,0.51375400074857269
st_iid,322,smoothstep,none,none,all,0.75,1.9259351250656875,0.25577792351900019,0.72325482248085227,1.3786664515229579,False,False,0.47353357206872604,0.71894710304168841,0.91199493934498366,0.72325482248085227,0.13466995066001511,0.17187748175659795
st_iid,323,smoothstep,none,none,all,0.75,2.2973408488377043,0.31357542349873707,2.8922266268490029,3.7239789282447529,False,False,0.48652663330191376,1.1177175087319691,0.9519312700101551,0.55629934198441533,0.23726368290968425,2.8922266268490029
st_iid,324,smoothstep,none,none,all,0.75,1.8681267878682128,0.25613034097903009,1.0039313335134981,1.6288675446079615,False,False,1.593704061889045,1.5646874639973654,0.85310272955706523,0.20167250780682344,0.84704906918580025,1.0039313335134981
st_iid,325,smoothstep,none,none,all,0.75,1.5701085529991736,0.18924858134841097,0.38632936677140267,0.83747412577910907,False,False,1.4751290505799801,1.2408223010132606,1.9482257075730358,0.15776762345073883,0.38632936677140267,0.24268100076611257
st_iid,326,smoothstep,none,none,all,0.75,2.29537457061073,0.35383022246986495,0.34770518506293485,1.1786012268529693,False,False,0.83762093268104787,1.1281489866331564,1.9226537886873196,0.34770518506293485,0.18216773599536734,0.28495025436484256
st_iid,327,smoothstep,none,none,all,0.75,inf,3.4497273784957465,1.1531187183155511,inf,False,False,1.033183218360981,-2.0242804717849521,2.6888859644597405,0.16722148559591279,1.1531187183155511,0.21016705633504135
st_iid,328,smoothstep,none,none,all,0.75,1.5317817822742053,0.20228032418613276,0.59440289390732193,1.0208345153114187,False,False,0.77878887300688704,0.81271344675013635,1.1929346079098091,0.59440289390732193,0.55888851773015313,0.24370711096432696
st_iid,329,smoothstep,none,none,all,0.75,2.8623979068883405,0.37942057863569068,0.4621264958791047,1.5137861984075625,False,False,0.41978090990549394,1.2015799978651689,0.97951073700949476,0.4621264958791047,0.23090929441436581,0.20552805581048661
st_iid,330,smoothstep,none,none,all,0.75,2.7400981675782847,0.45697160026351613,0.8939656627274789,1.9019594100689807,False,False,0.4889218099398977,1.3396937555053721,0.62314886229170796,0.8939656627274789,0.4006866820499394,0.40807358630248786
st_iid,331,smoothstep,none,none,all,0.75,3.6226039738503655,0.48552874693888948,0.5783362085539635,1.8655293055908881,False,False,0.51666227264864095,1.0539667185167869,1.8716628020355277,0.38889020319410605,0.5783362085539635,0.17500267321276691
st_iid,332,smoothstep,none,none,all,0.75,1.8836311732029873,0.26093692437523108,0.37235342527557308,1.0055548143257338,False,False,0.85100873012921419,1.1215178019797791,1.6029865727392762,0.37235342527557308,0.36541591940495427,0.062789827379608282
st_iid,333,smoothstep,none,none,all,0.75,3.6136904737207574,0.57471332621099525,0.28088519378483412,1.5656147358345294,False,False,2.2369566350200918,0.86230889998292359,0.6190227556254585,0.24830232692749971,0.17798775838449543,0.28088519378483412
st_iid,334,smoothstep,none,none,all,0.75,2.2472949230728494,0.36626114962088224,2.2608616576115224,3.0705888941257657,False,False,1.1912437246040448,0.98145858905482974,2.205626904389161,0.57908368105302499,0.23122727915082117,2.2608616576115224
st_iid,335,smoothstep,none,none,all,0.75,5.9740679932196068,0.76763304466470206,0.37757164887817285,2.1649997501305238,False,False,0.46331863453588934,0.76541337714687463,2.767897025243069,0.23659408627794234,0.30867279473900006,0.37757164887817285
st_iid,336,smoothstep,none,none,all,0.75,4.8956906230976935,0.57747482635701775,4.9960554437847868,6.5844107972714792,False,False,0.26557738957435501,0.65184080890306217,1.3001847358459329,4.9960554437847868,0.38956638187582388,0.23927378462322935
st_iid,337,smoothstep,none,none,all,0.75,11.473330666168325,0.96002841996417709,0.37162432593051936,2.8116495955793313,False,False,3.0885106029921379,0.58404219981756267,0.26919041147304335,0.34181987507032324,0.37162432593051936,0.35290883176672866
st_iid,338,smoothstep,none,none,all,0.75,2.9896273428994311,0.39129088090061254,0.46190961716194723,1.5570583623152243,False,False,0.85668426050997859,1.027388511722241,0.34365102866829167,0.46190961716194723,0.26164384534267954,0.29952705514536404
st_iid,339,smoothstep,none,none,all,0.75,2.4485643981315732,0.37867685614768204,0.30754423168128309,1.2030461245500002,False,False,1.3596362108731579,0.77466974576991998,0.55527892666848211,0.22319310802857228,0.16063276119356887,0.30754423168128309
st_iid,340,smoothstep,none,none,all,0.75,inf,3.7870370149910331,68.083331885360337,inf,False,False,1.3563224754249799,0.051999307378403477,-2.7739530666758045,0.85163070232554716,68.083331885360337,2.0763160867820254
st_iid,341,smoothstep,none,none,all,0.75,1.8584762484274191,0.27978030496224926,0.37036052438245809,0.99011745508685878,False,False,1.1791439721834396,1.3585048121532619,2.1914110657792838,0.24098601463153602,0.37036052438245809,0.1513066406500313
st_iid,342,smoothstep,none,none,all,0.75,inf,6.2354246754702736,7.7101624374011468,inf,False,False,0.73381204951068046,0.63476702688614994,-0.98865230173024188,0.14285247429163658,1.7255633334359395,7.7101624374011468
st_iid,343,smoothstep,none,none,all,0.75,17.276304190901005,0.93757458671752458,17.788507529232099,20.637843391891504,False,False,0.17653840844944793,0.74762391681898055,3.0499312457501908,17.788507529232099,0.39928236330328548,0.22211027328507338
st_iid,344,smoothstep,none,none,all,0.75,3.9272711562468583,0.46637844197261558,1.2880989184082361,2.656043740830115,False,False,1.3354011318986063,0.96829991921492453,0.34003283164557391,1.2880989184082361,0.25172389857931349,0.5875067037505417
st_iid,345,smoothstep,none,none,all,0.75,1.8865275724484423,0.26053539337286896,0.35939176878518408,0.99412964476370658,False,False,2.1658648520904853,1.14806954519064,2.1388032225924989,0.35939176878518408,0.1285551825024964,0.22189451724644871
st_iid,346,smoothstep,none,none,all,0.75,1.9892146133418964,0.32812617839224817,0.58575479231055161,1.2734946864832044,False,False,0.60404367113209478,1.2015724977126496,0.65929354354739655,0.58575479231055161,0.30489794887455357,0.17270526591567315
st_iid,347,smoothstep,none,none,all,0.75,2.6978950249402374,0.36244825431513689,0.39464805387817198,1.3871199024339269,False,False,1.066853439816255,0.3954391960969228,0.89750044543758778,0.39464805387817198,0.33651227064853551,0.20669701883847794
st_iid,348,smoothstep,none,none,all,0.75,2.1461238160865279,0.29804755654102472,0.3667468664205476,1.1304102051839495,False,False,1.2417603010804616,1.1693979956660316,0.57860608589900486,0.23528870175146363,0.23504088948662938,0.3667468664205476
st_iid,349,smoothstep,none,none,all,0.75,1.2657962621375403,0.10721595386477648,0.64345504667410403,0.8791564270643154,False,False,1.2654034854080229,1.0344561348669719,0.99968969988199041,0.37751495363734672,0.64345504667410403,0.16208771637081187
st_iid,350,smoothstep,none,none,all,0.75,2.0878260913859146,0.30751145632019355,0.25398600057337634,0.99010937755886719,False,False,0.68989883186487888,1.0728596660794198,0.51386447870629282,0.22619476669531713,0.12223677284432337,0.25398600057337634
st_iid,351,smoothstep,none,none,all,0.75,11.397040299719132,0.65035998486936808,3.7348142889029674,6.1681679877639208,False,False,1.6379149525501109,1.0546962541767031,0.14371406167533474,0.18716125288928978,0.93568529478762685,3.7348142889029674
st_iid,352,smoothstep,none,none,all,0.75,1.879008311081698,0.24671244278625504,2.1107452156044659,2.7414893591668839,False,False,0.72308496683902779,1.1952823993089829,1.3586826623087671,2.1107452156044659,1.0601181375959101,1.5849277731088003
st_iid,353,smoothstep,none,none,all,0.75,3.9847558881849254,0.63732890551813304,0.98573796182437479,2.368214014520194,False,False,1.6786679249177023,1.2750503423902297,5.0807643595716732,0.98573796182437479,0.32756890475552464,0.3165918966323707
st_iid,354,smoothstep,none,none,all,0.75,1.7931157230756514,0.24972535456983111,0.28529203619120153,0.8692467703241451,False,False,1.4416993857010294,0.98192880553471973,0.80401915344769093,0.12197758956928975,0.07186527708734762,0.28529203619120153
st_iid,355,smoothstep,none,none,all,0.75,2.7261998473341427,0.36935086110880627,33.283462232541254,34.286370874696352,False,False,0.44793602882550737,1.1237077895010934,1.2211631333995603,33.283462232541254,0.10323209420614238,0.6461902451982986
st_iid,356,smoothstep,none,none,all,0.75,1.4116554503752192,0.13870158890688125,0.33956081979676128,0.68432391377623003,False,False,1.2404128111342965,0.99788442743039962,1.4086689908266785,0.29002817326745567,0.22287234105170731,0.33956081979676128
st_iid,357,smoothstep,none,none,all,0.75,2.0489369340538373,0.34155826680437246,0.27873799428747209,0.99605908418028521,False,False,0.76267987329400111,0.69273851370765216,1.4193775263771689,0.23089964636895211,0.27873799428747209,0.15072964537509795
st_iid,358,smoothstep,none,none,all,0.75,3.5704971220202286,0.63066058849148554,0.30535651923641882,1.5780613551992144,False,False,0.79249838920685056,0.86592202530865336,2.8296132178687268,0.18308274278616721,0.10331883838848714,0.30535651923641882
st_iid,359,smoothstep,none,none,all,0.75,1.9190049800473759,0.26420637742559838,2.8940541985899815,3.5458610107384803,False,False,0.83973785818729751,1.1493677286736372,1.611461131795741,0.21848131974910528,2.8940541985899815,0.18801602859157607
st_iid,360,smoothstep,none,none,all,0.75,1.5345358176295327,0.18028166761415695,0.57174603117008094,0.99997396753904755,False,False,1.1795040615379595,1.0060902717110929,1.5438815577093006,0.20329950152913967,0.57174603117008094,0.26404377504705473
st_iid,361,smoothstep,none,none,all,0.75,inf,1.0001706446037248,5.7205791164762054,inf,False,False,0.76830680002828033,1.2465410722215451,-0.20425166524606811,0.79661243219180389,0.58270643814963041,5.7205791164762054
st_iid,362,smoothstep,none,none,all,0.75,3.9175520037039315,0.5518977306117987,0.93470221384424945,2.3001691837212013,False,False,0.56741722436636788,1.0122204430368729,2.2228864842525877,0.93470221384424945,0.31324169792409878,0.24041723975106774
st_iid,363,smoothstep,none,none,all,0.75,6.3438243284533744,0.57214716465189142,0.69046996202340105,2.5379517549973527,False,False,1.1682385762621066,0.28094760440339467,1.7822822478349494,0.21286139269266474,0.69046996202340105,0.19305243832715818
st_iid,364,smoothstep,none,none,all,0.75,6.2568141402082027,0.88866854575452348,2.3507361099778503,4.1844072422550216,False,False,0.2327470718165783,0.24690379563700365,1.4562551700340212,0.2740566302337723,0.42529798591759332,2.3507361099778503
st_iid,365,smoothstep,none,none,all,0.75,2.5915082840066721,0.38908579261627663,2.2994487256556075,3.2516887809049804,False,False,2.0922869534617305,1.2259870460401918,0.80736263371186034,0.22543641180143789,2.2994487256556075,0.28733082968472273
st_iid,366,smoothstep,none,none,all,0.75,4.4214263945492398,0.48477039234851593,1.7446267956405441,3.2310891533682087,False,False,0.69026727988781367,0.61879625476250155,0.15611868620922406,1.7446267956405441,0.39627518186052657,0.45039937940536623
st_iid,367,smoothstep,none,none,all,0.75,5.0098575190937327,0.80367830485083147,0.55978336888266911,2.17119084427239,False,False,0.83857357376832575,0.8184190039642425,4.1001626007794636,0.22524584044077164,0.15204441759630685,0.55978336888266911
st_iid,368,smoothstep,none,none,all,0.75,1.2383179575291718,0.10276340704051506,0.92124788733331719,1.1350018602268928,False,False,1.0652278351121423,1.3190907570792894,1.0709044426692758,0.2096662323632765,0.92124788733331719,0.18507930582280155
st_iid,369,smoothstep,none,none,all,0.75,3.2010584976048935,0.53361718430781924,5.4834120910583195,6.6468936266697209,False,False,0.24144729173871315,0.59948135563332716,0.18727597639401874,5.4834120910583195,0.13340733713830127,0.47047784033764484
st_iid,370,smoothstep,none,none,all,0.75,2.6735410195621361,0.40558673173995824,0.51724980423471734,1.5006536225429776,False,False,1.3737631635169889,0.91084010784528957,2.4351683905867816,0.51724980423471734,0.39862912205808043,0.11107290096997209
st_iid,371,smoothstep,none,none,all,0.75,2.2858941534030763,0.31667060312518958,0.28357196127596251,1.1103292234782143,False,False,1.2036105478484911,1.3014860148005361,0.56935532770096831,0.28357196127596251,0.2626089473761925,0.24514217779894037
st_iid,372,smoothstep,none,none,all,0.75,2.7792003895891901,0.37102814803835543,2.5058858816292067,3.5280491383142367,False,False,1.225388254710662,0.53930618481997938,1.4988399589595465,0.25333681073898978,2.5058858816292067,0.33291972392515273
st_iid,373,smoothstep,none,none,all,0.75,5.6305358178877665,0.83057340701412663,0.59290545474806577,2.3211100642872271,False,False,0.77416716118609552,0.88144465725693733,4.3589759300908026,0.19923022373192908,0.59290545474806577,0.17960165869853856
st_iid,374,smoothstep,none,none,all,0.75,2.2441059102194245,0.307289968703505,1.1537021246761805,1.9620093082903636,False,False,1.3632633011813566,0.68923795567058532,1.5467229698679141,1.1537021246761805,0.41204144329227443,0.16662717851234124
st_iid,375,smoothstep,none,none,all,0.75,3.1618644967603675,0.44437673220699131,0.18631039523713111,1.3374722794566947,False,False,0.60581811525210028,1.1171127031411427,1.9155147901098963,0.18631039523713111,0.17849655436079723,0.16054245500827327
st_iid,376,smoothstep,none,none,all,0.75,inf,0.75525685302662848,30.977823418343046,inf,False,False,-0.062779926474315836,1.5099460909782056,1.7770154994618963,30.977823418343046,0.58204780972488612,1.460743632837989
st_iid,377,smoothstep,none,none,all,0.75,2.3080733831675948,0.31761317911752163,1.5826620503806952,2.4190751936543671,False,False,0.52454269572711765,1.0903257094072576,1.2106830343427386,1.5826620503806952,0.19222820553039735,0.18338811860360868
st_iid,378,smoothstep,none,none,all,0.75,4.8134978035028855,0.69922081290542926,4.6912106721152282,6.2626346860308431,False,False,0.83462410007102827,0.56758235611177699,2.7320564244510313,4.6912106721152282,0.27749534785732544,0.32453253698016399
st_iid,379,smoothstep,none,none,all,0.75,5.1191388251827163,0.5135624742351208,5.4920863702819753,7.1250725969799866,False,False,1.5795298031865674,0.33305372189251259,1.704948238611568,0.17094211088856234,5.4920863702819753,0.24562352239393584
st_iid,380,smoothstep,none,none,all,0.75,4.1377410926245313,0.47267937645032532,0.77375525219089591,2.1939052613171723,False,False,0.72070990798151491,0.92371224783634154,0.2232407072261835,0.77375525219089591,0.44936894111344405,0.29416510964624909
st_iid,381,smoothstep,none,none,all,0.75,2.736312149224466,0.37704655133296844,0.59675570220842633,1.603366785089829,False,False,1.3173713552879427,1.3407371438127718,0.48997960418834802,0.28889076399279345,0.20327808593392324,0.59675570220842633
st_iid,382,smoothstep,none,none,all,0.75,1.7910480018489821,0.27877313510093971,0.28513007731235235,0.86793100173415882,False,False,0.56645651652719697,1.014550812060371,0.60374327859899757,0.2246920518781666,0.28513007731235235,0.27332607747779863
st_iid,383,smoothstep,none,none,all,0.75,2.6819152637967196,0.43494055523056296,1.5158575936044845,2.5023887835564755,False,False,0.78261782590695883,1.0435703070540774,2.0989146930192768,1.5158575936044845,0.96167754206011991,0.23851539628196811
st_iid,384,smoothstep,none,none,all,0.75,2.7522956939388492,0.42306932200931552,0.25352103541794641,1.2659563966424903,False,False,1.6770827150454279,1.1288393093942566,3.1068995703947166,0.25352103541794641,0.19140000062978094,0.19443623099620577
st_iid,385,smoothstep,none,none,all,0.75,1.3687982032386108,0.12665912373240798,1.1485639731403612,1.4624971040809123,False,False,1.1211075079394324,1.0009634052677256,0.81904513410878532,0.20640369605867989,0.23271717394485553,1.1485639731403612
st_iid,386,smoothstep,none,none,all,0.75,4.1032403960974886,0.47352688811702576,0.4970504390548407,1.9088274411220847,False,False,0.85460276515763922,1.1413480329448871,0.27815772968856534,0.1216891779778482,0.21173094940698231,0.4970504390548407
st_iid,387,smoothstep,none,none,all,0.75,1.1186549642011367,0.053033771422866846,0.35894042950061317,0.47106746829913732,False,False,1.1220848676625299,1.25118202745735,1.1184700086240216,0.17061953494452009,0.35894042950061317,0.2682215939798096
st_iid,388,smoothstep,none,none,all,0.75,4.6522430412000277,0.7449622997168448,0.88135678570777609,2.4187062634535046,False,False,3.0665227007763711,0.75563625894432729,0.65914929070115258,0.20601629503518196,0.35545034114747065,0.88135678570777609
st_iid,389,smoothstep,none,none,all,0.75,1.9200491786446656,0.25354266466415304,0.88054638383696326,1.5328971834260536,False,False,1.0585147001286959,0.64006767804174292,1.2289614195010468,0.88054638383696326,0.27735864034679542,0.50031608677720507
st_iid,390,smoothstep,none,none,all,0.75,12.666424090318385,0.73863043072539847,41.488444270745553,44.027398990856113,False,False,0.19305109214660496,1.1162924872506075,2.4452670042280316,41.488444270745553,0.14844052604336777,0.48505355216504309
st_iid,391,smoothstep,none,none,all,0.75,inf,3.7263429431123063,0.90232653463680823,inf,False,False,1.1647317171761244,0.67597061412511261,-3.541752455343457,0.16646570540060712,0.21075622704394173,0.90232653463680823
st_iid,392,smoothstep,none,none,all,0.75,1.5964398847759198,0.18709171893950938,0.30627812464650273,0.77405420272624315,False,False,0.5379808247812552,0.76736642992913862,0.85885404592544135,0.30462122902419231,0.30627812464650273,0.22359554404093898
st_iid,393,smoothstep,none,none,all,0.75,1.4676721958938492,0.15440128632249897,0.19581425949159226,0.57949186494897353,False,False,0.98142660136737103,0.78959831079294318,1.158871486675553,0.15138762332657041,0.19581425949159226,0.13881461070080464
st_iid,394,smoothstep,none,none,all,0.75,1.9314221743000459,0.25962826147856249,0.5645387055184774,1.2227953149497397,False,False,1.6990411223607418,1.1618057977657759,2.2439374800351741,0.5645387055184774,0.24636679115498417,0.45073125526863655
st_iid,395,smoothstep,none,none,all,0.75,8.4492902612113525,0.64744969033515809,0.21107801989780081,2.3451604649832412,False,False,1.338715854366177,0.73568108645022012,0.15844121967402369,0.19704258080397868,0.20732684183219122,0.21107801989780081
st_iid,396,smoothstep,none,none,all,0.75,5.9758079212954458,0.68960991663583304,1.4168492825773025,3.2045685882071013,False,False,1.3291150462709995,0.5960108648430984,3.5616464473075369,0.12587260541204631,1.4168492825773025,0.91059643260988354
st_iid,397,smoothstep,none,none,all,0.75,3.334900810663914,0.43843205738381191,0.30404353018898028,1.5084864671844065,False,False,1.2472158339493571,1.9010674026171575,0.57005215763484485,0.30404353018898028,0.27173329684556152,0.24195003198454196
st_iid,398,smoothstep,none,none,all,0.75,1.0955148176893732,0.040948477809352755,0.27236448141701425,0.36358888733909978,False,False,1.2472254572135308,1.1525159085318015,1.138483420830529,0.16469047519503452,0.26251377913577462,0.27236448141701425
st_iid,399,smoothstep,none,none,all,0.75,11.465957731325565,1.0480838568186297,0.49818909163567882,2.9375715396791398,False,False,0.45238387185750345,0.63170950906638645,5.1870143530515351,0.49818909163567882,0.12823923780590796,0.34966276558488701
st_iid,400,smoothstep,none,none,all,0.75,1.8331746913645537,0.24298356844179206,1.9094374098227358,2.5154866776659723,False,False,0.88415751581388302,0.64359501164403421,1.1798220868343188,0.35237020682647335,1.9094374098227358,0.21143089671188098
st_iid,401,smoothstep,none,none,all,0.75,2.7315064864979028,0.37603817969340847,6.7163706629210997,7.7212239464736925,False,False,1.723820876877632,1.2056705146121289,0.63108796753683105,0.26789221531906388,0.13644120690333325,6.7163706629210997
st_iid,402,smoothstep,none,none,all,0.75,2.1852418328333041,0.2976073834204897,1.2523409218246195,2.0340674228899882,False,False,0.55355850562977549,1.0407883406400198,1.2096592034228755,0.3346429595326551,0.33137114181612204,1.2523409218246195
st_iid,403,smoothstep,none,none,all,0.75,1.8801137019845473,0.27619714670638357,0.29341087316466335,0.92474312795670754,False,False,0.6070546901524041,1.1413318408095188,0.73124868961657374,0.29341087316466335,0.14199379964151945,0.1877967324907352
st_iid,404,smoothstep,none,none,all,0.75,4.9444676282808526,0.579390150163277,0.72058419028640264,2.3188534909771756,False,False,0.44345030864942958,1.099648695282581,2.1926256958682573,0.72058419028640264,0.25363585462443283,0.22513895564312
st_iid,405,smoothstep,none,none,all,0.75,inf,4.1113039015087178,1.5951131905401001,inf,False,False,-2.3799260243880349,0.89653914761583942,0.42769921500051206,1.5951131905401001,1.2133179480793446,0.30357282297400145
st_iid,406,smoothstep,none,none,all,0.75,1.5042649151311362,0.17739290502227673,0.53931829606610482,0.94762264646260241,False,False,1.2644844128519099,0.84059955140393394,0.94483721357085837,0.19203829332345038,0.53931829606610482,0.22742573879322633
st_iid,407,smoothstep,none,none,all,0.75,4.3209615024641952,0.61279627904201894,1.1100850862420952,2.5735630337479432,False,False,0.56800460352852122,0.33677828375217539,1.4552059989591128,0.15929276159854444,1.1100850862420952,0.71855207792417752
st_iid,408,smoothstep,none,none,all,0.75,1.4526600576087401,0.15086484644692152,0.33863577455270838,0.71203217279278108,False,False,0.81996922288333174,0.90576735561038924,0.62352327433122612,0.30132716813494259,0.33863577455270838,0.31032866362278255
st_iid,409,smoothstep,none,none,all,0.75,inf,6.2399307813381286,5.9366891882370965,inf,False,False,-1.2653118430735637,0.44666516239094228,1.3380075532600659,3.7965578324718803,5.9366891882370965,0.25849148441553843
st_iid,410,smoothstep,none,none,all,0.75,2.5220858166522939,0.3451923506296411,0.37499775813313935,1.3000840223183239,False,False,0.51560659337479708,1.3004040761229823,0.98738162802428697,0.37499775813313935,0.3330009677053038,0.1610858559088057
st_iid,411,smoothstep,none,none,all,0.75,5.5974151122926346,0.58535515669623539,5.844112179028019,7.5664170831144073,False,False,2.2075058976200137,0.39437952221411099,1.1996270909514302,0.46233144557023415,5.844112179028019,1.3583961079996052
st_iid,412,smoothstep,none,none,all,0.75,1.7107194014979112,0.22847123989612456,0.31308108878218821,0.84999507345657488,False,False,1.2722385362093693,1.0535925473172221,1.8024012119691779,0.31308108878218821,0.25255016416734849,0.19623557585325549
st_iid,413,smoothstep,none,none,all,0.75,2.3702183663804872,0.32653021220879547,1.1111187484293983,1.9741008370453055,False,False,0.93624331604369393,1.2405964693078686,0.52341020004935601,0.21382514043693146,1.1111187484293983,0.17708964787652712
st_iid,414,smoothstep,none,none,all,0.75,1.9577472175159947,0.26508566829131941,0.36716530501252115,1.0389597383941689,False,False,1.0040917426269045,0.7527192672824059,0.51288120020975136,0.19860769620452753,0.18384256085955256,0.36716530501252115
st_iid,415,smoothstep,none,none,all,0.75,2.2351659404550204,0.3087043824011742,0.23144196043001256,1.0357574320280252,False,False,1.1040438514152131,1.2041356195909765,0.53872314256267095,0.178741606217868,0.23144196043001256,0.20968320409351424
st_iid,416,smoothstep,none,none,all,0.75,1.4449287271878783,0.15193984995844184,0.49020576292452883,0.85826575952705553,False,False,0.89643575599045922,1.0506817737065206,1.2952857759089977,0.49020576292452883,0.13853009442464428,0.17240995241536422
st_iid,417,smoothstep,none,none,all,0.75,1.061267038525225,0.025880968643595344,0.31031678868123774,0.36978030234321929,False,False,1.0850891479924669,1.1408180940947721,1.151569346625825,0.31031678868123774,0.1553025944784151,0.15990121742366323
st_iid,418,smoothstep,none,none,all,0.75,1.9894082900130254,0.27953377194023421,0.57776023994658643,1.2655974927661815,False,False,0.51271103012926877,1.0199915737202854,1.010805269567628,0.57776023994658643,0.27521646672094213,0.26181529438849532
st_iid,419,smoothstep,none,none,all,0.75,4.1384304768089537,0.47195601752640903,1.206909673592311,2.6272262776665611,False,False,1.0334406667120879,0.94672950200043693,0.24971802051606523,0.18438022817676505,0.18902671722303591,1.206909673592311
st_iid,420,smoothstep,none,none,all,0.75,2.2503523251940654,0.32905530656470616,0.32068401825196663,1.1317708111846616,False,False,1.5490631283774012,1.0038849191892125,0.6883647111764214,0.18385217460168021,0.32068401825196663,0.17358369009171729
st_iid,421,smoothstep,none,none,all,0.75,4.9366500202457813,0.64780279786142403,1.1432036469843894,2.7398906145941737,False,False,0.56204846348019555,1.0553225931409247,2.7746365586186177,1.1432036469843894,0.23860327967366299,0.22596929692182779
st_iid,422,smoothstep,none,none,all,0.75,2.4341674177455235,0.3314983529152411,0.26771698837359037,1.1573217635420656,False,False,1.3336583802354813,0.65732976079337935,1.6000506864377029,0.20822378606045899,0.26771698837359037,0.14356393778237125
st_iid,423,smoothstep,none,none,all,0.75,1.9257380697918673,0.27140891049372234,0.36627893434842645,1.0215882414831308,False,False,1.5918135542977421,0.82659920332248737,1.0900376418642843,0.3359218720515576,0.36627893434842645,0.18385471900185171
st_iid,424,smoothstep,none,none,all,0.75,9.3678471679733342,0.66225450617670822,0.49985073836750649,2.737134050265682,False,False,1.4987970141579507,0.81726954709151933,0.15999375174287825,0.32494901157632283,0.16231422942167734,0.49985073836750649
st_iid,425,smoothstep,none,none,all,0.75,1.348385341040347,0.12433232926861826,1.0907726135351847,1.3896804464806372,False,False,1.4887308659890317,1.1040841372840802,1.4098441695647455,1.0907726135351847,0.2947980019205852,0.31083376501593318
st_iid,426,smoothstep,none,none,all,0.75,1.8663405505910309,0.24790913582641699,0.2801491390213281,0.90412872779109954,False,False,0.99833894998997685,1.0807319846707224,0.57906472874335679,0.19508211433448977,0.16408332190363187,0.2801491390213281
st_iid,427,smoothstep,none,none,all,0.75,2.5823616178162387,0.3671467799332977,2.0166632979786074,2.9653676339722699,False,False,1.2997954533104392,0.76177407165795752,1.9671761240971064,0.4150554468511371,2.0166632979786074,0.46480437807756592
st_iid,428,smoothstep,none,none,all,0.75,2.7924919057089923,0.46474603840188666,0.3153342551717086,1.3422686085464497,False,False,1.7686934080880812,1.3767866858018736,3.8446656759896416,0.16604310268975975,0.22323747235108524,0.3153342551717086
st_iid,429,smoothstep,none,none,all,0.75,2.1876847346063091,0.32999430557038556,0.30369483835085742,1.0865386241405217,False,False,0.86960856294716393,0.6459575455046066,1.413151461504188,0.29563998890948895,0.30369483835085742,0.25048110127469986
st_iid,430,smoothstep,none,none,all,0.75,1.4015400490064527,0.14361702213935237,0.46872797440965064,0.8062996414403103,False,False,1.9164471794024698,1.3673866692293475,1.8575864806950337,0.33544336845275163,0.16235736457721694,0.46872797440965064
st_iid,431,smoothstep,none,none,all,0.75,4.1960381604196231,0.7034539233468049,0.30013714582956996,1.7342779307978673,False,False,0.47703975123567904,0.53234212678471193,2.0016770002219935,0.24927555944167651,0.30013714582956996,0.15998166373934017
st_iid,432,smoothstep,none,none,all,0.75,1.9046487498552342,0.28370346295354681,0.3448551528201832,0.98915276112006878,False,False,0.61295566665553647,0.97344497138978858,0.51108897189771962,0.3448551528201832,0.16363950703600322,0.16925286502341588
st_iid,433,smoothstep,none,none,all,0.75,inf,0.75872474611499163,17.682314804513496,inf,False,False,2.0133302197462615,-0.096599014793142507,2.0670071453365217,0.55635679339396304,17.682314804513496,0.23041279774841855
st_iid,434,smoothstep,none,none,all,0.75,6.5526784810321308,0.77554619939296587,0.48460307292331728,2.3644769673838981,False,False,0.93757152837995472,0.49977024436155615,3.2748337256881386,0.34861737820513977,0.21606907829862826,0.48460307292331728
st_iid,435,smoothstep,none,none,all,0.75,7.1832898131933494,0.58474728714832402,20.979583748741863,22.951341218116994,False,False,0.90625029190219675,0.62102405192637511,0.12616089778776737,2.5527794212623207,0.27069099305875027,20.979583748741863
st_iid,436,smoothstep,none,none,all,0.75,1.9617870173705587,0.26144482452777751,2.5832387471432545,3.2570945485563958,False,False,0.47437248286698175,0.74414198093751405,0.93061777828628256,2.5832387471432545,0.21142088567842054,0.29249066750807901
st_iid,437,smoothstep,none,none,all,0.75,1.5183676762346623,0.16702513191680929,0.36196203426772178,0.7795978948710971,False,False,1.4149686091581954,0.93190116682878688,1.2060979166405248,0.12872109375945201,0.36196203426772178,0.20738803218736573
st_iid,438,smoothstep,none,none,all,0.75,1.531126728465747,0.17620533467283683,0.38254819893405956,0.80855208714524607,False,False,1.3453146728089718,1.1220244940112589,1.7179616927738941,0.25858539781816314,0.38254819893405956,0.26238639429429655
st_iid,439,smoothstep,none,none,all,0.75,2.8391364758126003,0.39194942018240769,4.4085478600890813,5.4520478082147825,False,False,0.80907529433642988,0.54368861831659199,0.28497231507860549,1.2518716782185237,0.26448854782302234,4.4085478600890813
st_iid,440,smoothstep,none,none,all,0.75,6.5594108328640566,0.55497347869220959,1.5357929754061863,3.4166937622654334,False,False,0.9144352752918431,1.1256042235659061,0.1716014215676791,0.3240269199291087,0.28523661262138972,1.5357929754061863
st_iid,441,smoothstep,none,none,all,0.75,6.7259875383316521,0.60881261925460328,2.2461042150261137,4.1520829755817932,False,False,1.8167165165793175,1.0247914746918252,0.27010405627809786,0.20023930729429132,0.23442351764958921,2.2461042150261137
st_iid,442,smoothstep,none,none,all,0.75,1.242872675466729,0.099617370055546439,0.37942908592711805,0.59685445995621556,False,False,1.0676608334263686,0.88263495510440482,0.8590267164940576,0.37942908592711805,0.13549967733666934,0.23569461510113804
st_iid,443,smoothstep,none,none,all,0.75,3.0096897103572684,0.50692794468787894,0.3205912088770137,1.4224281960640006,False,False,0.81169567546245391,1.0272739394564145,2.4429521223808401,0.15909152314290323,0.10007844215243465,0.3205912088770137
st_iid,444,smoothstep,none,none,all,0.75,2.1555784264553806,0.30149051500271812,0.55463466029500463,1.3226937591830388,False,False,1.6169399594715743,0.78319528604793831,1.6882388623064866,0.34957132949699088,0.55463466029500463,0.15173735848398251
st_iid,445,smoothstep,none,none,all,0.75,2.833544790846084,0.41565536504410133,0.30211343223953369,1.3436419363461845,False,False,0.6171480544897997,1.0619715342133318,0.37478551164749074,0.23001313766007792,0.30211343223953369,0.13385791324895205
st_iid,446,smoothstep,none,none,all,0.75,inf,5.1421952852019457,1.7283281250082978,inf,False,False,-1.7704918491996149,1.4255479139734681,1.1938588707707594,1.7283281250082978,0.30500240490434583,0.13250266073488232
st_iid,447,smoothstep,none,none,all,0.75,2.4251217558842062,0.36439336740402306,0.4224089201853759,1.3082906519264559,False,False,1.7010956553355341,1.0257136755598235,0.70144752576157143,0.14578965446756209,0.4224089201853759,0.41879421241439718
st_iid,448,smoothstep,none,none,all,0.75,inf,22.196651082054174,3.1347858799737072,inf,False,False,0.51491359235450229,-1.1619028199536434,0.76252271514333925,0.22758867263889965,3.1347858799737072,0.27825228575056188
st_iid,449,smoothstep,none,none,all,0.75,1.6481135595932193,0.19793349959630119,0.34546746625096153,0.84509880288438466,False,False,1.1730713991645076,0.7117661233574466,0.98843326250106645,0.24554132452786773,0.22264511004810594,0.34546746625096153
st_iid,450,smoothstep,none,none,all,0.75,2.2672160956054737,0.30911655940435045,1.4731975604198768,2.2917502496809394,False,False,1.2062470486002737,0.98557252600492617,0.53203885193755129,0.17710565909876114,0.36482837839814714,1.4731975604198768
st_iid,451,smoothstep,none,none,all,0.75,2.5226633801622751,0.36784878819308214,0.48124520430873013,1.4065604445995532,False,False,0.70072692014663762,1.1139800803308533,1.7676981409478174,0.48124520430873013,0.19167652226914872,0.099255725542352194
st_iid,452,smoothstep,none,none,all,0.75,5.3084880159176286,0.644673448850137,1.2023167708215317,2.8716238227634192,False,False,0.19736448354984151,1.0477069956921057,0.42660287466434388,0.51164269244935812,1.2023167708215317,0.17251177552593053
st_iid,453,smoothstep,none,none,all,0.75,inf,0.96480686994503162,7.4536761669134313,inf,False,False,1.5378605148332041,-0.27301904324379817,3.4075707246607938,0.42631014944503814,7.4536761669134313,1.4131997657113025
st_iid,454,smoothstep,none,none,all,0.75,1.6489172879334377,0.23333797659819111,1.5295274777536105,2.0296463611485338,False,False,0.56083334034812771,0.6033191245816899,0.92476779054948532,1.5295274777536105,0.16646414732792778,0.28600649252661497
st_iid,455,smoothstep,none,none,all,0.75,2.3437562572823456,0.33269536164126207,0.29364560904384424,1.1454004895506651,False,False,1.4745215298949592,0.62912750646038185,1.0128825431359834,0.20567514657150715,0.29364560904384424,0.14317318635104187
st_iid,456,smoothstep,none,none,all,0.75,3.4682123269048177,0.58683916846353723,14.874385033396591,16.118024315038436,False,False,1.2374532378511289,1.0088803268200803,3.4990111858491639,0.1776624827410985,14.874385033396591,0.30812398968849053
st_iid,457,smoothstep,none,none,all,0.75,2.2685883774706541,0.36118296679119333,0.39263235028474858,1.2117901281977563,False,False,0.31381474978665408,0.39762221717090435,0.7119164940448649,0.39263235028474858,0.23410847714340063,0.26453380328361403
st_iid,458,smoothstep,none,none,all,0.75,4.8479563803250558,0.5085234031071818,0.42379015480093246,2.0023474060697657,False,False,1.4945864079420847,1.1157149185081681,0.30829204941028626,0.14304389613932908,0.42379015480093246,0.39154402615360839
st_iid,459,smoothstep,none,none,all,0.75,5.0747580155211018,0.51540586262698318,2.9453597145033594,4.5696385566236843,False,False,0.64558137901282608,0.84426003713569675,0.16636459010528876,0.2261229095441635,0.2788565475332343,2.9453597145033594
st_iid,460,smoothstep,none,none,all,0.75,5.1639754784580241,0.73885436563626206,2.9969828889640517,4.6386896133814073,False,False,1.5744213993478273,0.30488552974654198,0.43567156140931945,0.30014918530515661,2.9969828889640517,2.6021946044087252
st_iid,461,smoothstep,none,none,all,0.75,2.4983561864569501,0.34485792476479837,1.3508514482493141,2.2664844384416072,False,False,0.54668673725116512,1.0028730571294919,1.3658181920654135,0.32735602370327094,0.75052161640124104,1.3508514482493141
st_iid,462,smoothstep,none,none,all,0.75,1.8327878337033214,0.23767688337891593,0.33331295513626424,0.93915116917847452,False,False,1.3621937771722867,0.74323593387230491,1.1959402930118574,0.33331295513626424,0.28449426074088019,0.19667159790991601
st_iid,463,smoothstep,none,none,all,0.75,3.5111514619521409,0.43330721936451633,0.39659397060621093,1.652538006124963,False,False,1.5530191713186845,1.3636126814060725,0.44231050359053209,0.39659397060621093,0.14221310009387456,0.15270249834503838
st_iid,464,smoothstep,none,none,all,0.75,inf,3.5272537171678331,4.1636040349649219,inf,False,False,-1.1280011695657191,0.95210781562014635,1.0248481797975864,4.1636040349649219,0.40601332287689063,0.40809695266030832
st_iid,465,smoothstep,none,none,all,0.75,2.8978497425355028,0.38877763356971007,4.1261051927857393,5.1900741866635407,False,False,1.4276180732646053,0.49264737653909429,1.0390930168790018,0.75809011608019594,4.1261051927857393,0.4821650641174885
st_iid,466,smoothstep,none,none,all,0.75,3.755086032598137,0.5045358453353701,0.41818900487565608,1.7413002013068233,False,False,1.3782107756554252,0.36702508642707282,0.73815348915278967,0.18309526087278194,0.097256423010206136,0.41818900487565608
st_iid,467,smoothstep,none,none,all,0.75,4.8701278799214522,0.65993905385264628,0.25772466665671434,1.8408448621172293,False,False,1.6039356859735634,0.91715378214825727,4.4666562046156333,0.17048854499944632,0.25772466665671434,0.18834004925925635
st_iid,468,smoothstep,none,none,all,0.75,inf,1.5890664197591644,4.6953813473460722,inf,False,False,-0.31838940516860997,0.88402722025372804,0.36390924072314401,4.6953813473460722,0.31766823113500098,0.22053659798895214
st_iid,469,smoothstep,none,none,all,0.75,inf,0.779567999979358,54.683677595786641,inf,False,False,0.65099723331398096,-0.040759754149096258,0.80377205483828518,0.39885238554287578,54.683677595786641,0.61028861936561396
st_iid,470,smoothstep,none,none,all,0.75,3.0768394150182106,0.4635835686874844,0.4028556178738194,1.5267585240374795,False,False,0.90271082804444081,0.57022477275772487,1.7544900562407701,0.4028556178738194,0.15278032037899866,0.16350697621352991
st_iid,471,smoothstep,none,none,all,0.75,1.2697014495049983,0.10239754637195139,0.45810625170369229,0.69688804540883986,False,False,0.97482031231959465,1.2377307635591044,1.2027674754961593,0.45810625170369229,0.20454181794935225,0.30039846543047177
st_iid,472,smoothstep,none,none,all,0.75,9.9088131431285706,0.84665023746944934,23.092937272870284,25.386361850480778,False,False,1.8241377248200297,0.50593010956571105,0.18409245370471114,0.089802888903275979,5.477608569838849,23.092937272870284
st_iid,473,smoothstep,none,none,all,0.75,4.438839756838262,0.55351014961850287,0.42167506162456225,1.9120680878922949,False,False,1.0686007944989822,2.0986632974127049,0.47279546286382729,0.38817912907675817,0.42167506162456225,0.1858292135433158
st_iid,474,smoothstep,none,none,all,0.75,1.1566239317221603,0.06142735462827871,0.34434488832592669,0.48985024629613921,False,False,1.216122426559711,1.0514415214882855,1.1793438374424026,0.34434488832592669,0.25208719683176123,0.17384713446440123
st_iid,475,smoothstep,none,none,all,0.75,7.3808172586134617,0.6868044711769542,0.43983905572924381,2.438723427859963,False,False,0.34869273376314674,1.110480322825864,2.5736373473121423,0.19367228676556023,0.20116013920333731,0.43983905572924381
st_iid,476,smoothstep,none,none,all,0.75,4.0029864077872785,0.64160545321309514,0.38553802604122639,1.7725787105393478,False,False,3.7629039657626779,1.227668347743043,0.94002416756710627,0.36230796773756657,0.38553802604122639,0.12675428321604354
st_iid,477,smoothstep,none,none,all,0.75,3.3206827220502029,0.61643517936676262,0.91955631583170316,2.1197267167910119,False,False,1.0914395430187893,1.0897224394629508,3.6186224765550188,0.91955631583170316,0.27678900346416924,0.22249919577090058
st_iid,478,smoothstep,none,none,all,0.75,3.2507865741885231,0.44394545619898496,0.31698056093976029,1.4958775508258444,False,False,0.84183090010425399,0.42588323067631112,1.3844554884545859,0.2368638810034587,0.26060570294015101,0.31698056093976029
st_iid,479,smoothstep,none,none,all,0.75,1.5563065719621223,0.18561317575731792,0.62566706585352161,1.0679824978853087,False,False,0.86091526716027045,1.0192719384278681,1.3398480881840551,0.53586801829820807,0.62566706585352161,0.33158309635775585
st_iid,480,smoothstep,none,none,all,0.75,1.214521117881916,0.082916302831638172,0.35701000494538432,0.55135986238268142,False,False,1.1762612567851132,0.96849798613339322,1.0256956332588418,0.24920535227839838,0.35701000494538432,0.32003472378567499
st_iid,481,smoothstep,none,none,all,0.75,1.9071250206604973,0.25640698261777317,10.526048340699241,11.171645223983791,False,False,0.75819121819754987,1.0827682693264218,1.4459654426696098,0.21899373749253173,10.526048340699241,0.25628620231112048
st_iid,482,smoothstep,none,none,all,0.75,31.19097464933159,0.95985044097189265,6.8312987336140436,10.271427512521784,False,False,2.0045840626594775,0.52025271936829065,0.064268080276306302,0.31266540604697035,4.7845309316904965,6.8312987336140436
st_iid,483,smoothstep,none,none,all,0.75,2.1665700062280346,0.29496276793998377,0.36420749953393322,1.1373527742621095,False,False,1.0535718291321958,1.2176994846419167,0.5620402207828552,0.090860352996146074,0.36420749953393322,0.32738788182486961
st_iid,484,smoothstep,none,none,all,0.75,2.5930967770980451,0.36244898892235689,0.47060679169612502,1.4234596200004777,False,False,0.39303523227960807,1.0191783941102333,1.0064616161073192,0.47060679169612502,0.2537752307692388,0.27029640756189294
st_iid,485,smoothstep,none,none,all,0.75,1.796249528753384,0.24436649893099263,1.4020642745945162,1.987765170655341,False,False,1.5579203282401788,1.9731346257592584,2.7984136554367383,0.17817520840417339,1.4020642745945162,0.12025857509124031
st_iid,486,smoothstep,none,none,all,0.75,2.2297237773203591,0.31619061298964629,1.4153245950569251,2.2172023061843582,False,False,0.63714094330363247,0.64707239694458363,0.29020294061815283,1.4153245950569251,0.14519968065586267,0.6089210555486132
st_iid,487,smoothstep,none,none,all,0.75,4.2347658367577754,0.64589413080969638,0.41321008404626886,1.8565381182385545,False,False,0.78326837843400698,1.1189036700348127,3.3169581700049937,0.30340036580546365,0.23244614841961148,0.41321008404626886
st_iid,488,smoothstep,none,none,all,0.75,6.5471310445483821,0.62094696490332346,0.43295455879982231,2.3119815040273588,False,False,1.3419682705950571,0.39204193560109252,2.5667499273387504,0.18254160522533147,0.33939061900220446,0.43295455879982231
st_iid,489,smoothstep,none,none,all,0.75,inf,0.77638715925072344,20.152627250320382,inf,False,False,1.4855614593901083,1.0794013193781467,-0.051688747336332434,0.56606478573063179,0.17366683605797356,20.152627250320382
st_iid,490,smoothstep,none,none,all,0.75,1.4085953490223011,0.14066714666753327,0.59242964761170447,0.93502264909125554,False,False,0.86670093219675093,1.220830902085636,1.1379816703172205,0.59242964761170447,0.18419509531818298,0.36236871877744675
st_iid,491,smoothstep,none,none,all,0.75,4.961491804297121,0.51488927473786494,0.56191018336081811,2.1636166458717159,False,False,0.25274745201956927,1.2540044117520728,0.91684969872397981,0.56191018336081811,0.54000976022579705,0.24437489294158307
st_iid,492,smoothstep,none,none,all,0.75,2.8752379549243647,0.4166374618480404,0.89790720106524269,1.9540426388197769,False,False,1.5421180023083072,0.90859690474985988,2.612432306263595,0.32344145119912032,0.89790720106524269,0.40122767588193098
st_iid,493,smoothstep,none,none,all,0.75,2.8588414315790378,0.45634700895533264,0.6639028261583122,1.7143192750639096,False,False,1.3918284938649452,0.99677076081017246,2.8496095487906801,0.6639028261583122,0.56213350224392034,0.27826588879022868
st_iid,494,smoothstep,none,none,all,0.75,1.3968319785421721,0.15571678214783677,0.95650902736814836,1.2907158273545942,False,False,0.82522254472894407,1.1526972398913371,0.85822646097235977,0.39148648399843178,0.30853699958456066,0.95650902736814836
st_iid,495,smoothstep,none,none,all,0.75,1.8460173962951685,0.30531061418591915,0.42198221777969241,1.0350127775944804,False,False,1.562847937835699,0.86544860838216675,0.84660520587304788,0.20783930989883512,0.42198221777969241,0.22607229936861262
st_iid,496,smoothstep,none,none,all,0.75,1.6257109401911536,0.20222636978135597,4.3956140984632484,4.8815593202250991,False,False,0.7402059677121845,0.9027191185713519,1.2033609397044782,4.3956140984632484,0.17573091044036626,0.20131940319995223
st_iid,497,smoothstep,none,none,all,0.75,1.1360569820284505,0.060160474834526752,0.86824461784452422,0.99580809712181328,False,False,1.4850308259842344,1.477622676190516,1.6786635580898002,0.2422038283805758,0.16379032134845756,0.86824461784452422
st_iid,498,smoothstep,none,none,all,0.75,1.5593300287125462,0.18652213155026615,0.36460536303938262,0.80886162327869282,False,False,0.93300602669929333,0.70850269557377188,0.5983377537272373,0.18512155675426009,0.36460536303938262,0.33218962564872057
st_iid,499,smoothstep,none,none,all,0.75,2.3827639536360836,0.35179453316202242,0.49166648986504241,1.359927628789289,False,False,0.75199709877451848,1.1244736756499569,1.7918315801988363,0.37441707468854096,0.49166648986504241,0.33920058280199583
st_iid,500,smoothstep,none,none,all,0.75,2.2949207768451467,0.32949412951920914,0.354810746416379,1.18550906943988,False,False,1.9490849507032117,0.84930380620050883,1.3081734132051055,0.18293223961776706,0.354810746416379,0.23399759914018423
st_iid,501,smoothstep,none,none,all,0.75,1.7514360477644415,0.22029911759996429,0.96223099755201036,1.5226670477029183,False,False,0.90937490443450675,1.3344192924652367,1.5927119885589391,0.39244144809793297,0.96223099755201036,0.33804320686912986
st_iid,502,smoothstep,none,none,all,0.75,inf,3.1313456959484109,1.3803694583797319,inf,False,False,0.92268148321931753,0.75052595620171336,-3.7422623812403701,0.25363819902845058,0.23764526424663132,1.3803694583797319
st_iid,503,smoothstep,none,none,all,0.75,1.3410261349948569,0.1203755705449234,2.7792045728919339,3.072639666184902,False,False,0.68724264210516572,0.51247520400323998,0.58593661326492863,0.38742385834620835,2.7792045728919339,0.18316362908971412
st_iid,504,smoothstep,none,none,all,0.75,13.58403388517541,0.74197168034912098,1.0044631223039668,3.6133582463615586,False,False,2.0501889726318896,0.94747498543923736,0.15092637356192928,0.35405348882455512,0.17833157766488619,1.0044631223039668
st_iid,505,smoothstep,none,none,all,0.75,1.9611618738704153,0.26078276443553405,0.70848300278820386,1.3820200931894169,False,False,1.0320631956329203,0.61516729369217571,1.2064426424411394,0.70848300278820386,0.22697674312359448,0.22651141342865208
st_iid,506,smoothstep,none,none,all,0.75,10.891441714995027,0.90749544716809749,0.92968782625156166,3.3176651433222277,False,False,0.41424363119003715,1.0349342616801953,4.5117103649141859,0.1488778399498675,0.92968782625156166,0.24506340029300105
st_iid,507,smoothstep,none,none,all,0.75,1.5930178317351313,0.18616668132954292,0.37873838882971067,0.84436861350233627,False,False,0.58028964632032098,0.92441175415954391,0.75992436646663319,0.36869214089415864,0.19333294289710068,0.37873838882971067
st_iid,508,smoothstep,none,none,all,0.75,2.2125346616194834,0.30896429921955199,2.5636865675178293,3.3578253315637552,False,False,0.46441201988153252,1.0275276912606073,0.74041457173932124,2.5636865675178293,0.22844500508361074,0.84187786887995875
st_iid,509,smoothstep,none,none,all,0.75,1.354589469033171,0.12675419032468918,0.38319999098076679,0.6866984245229999,False,False,0.72607205027444721,0.93533102567259141,0.98352955306108925,0.33648319518438718,0.38319999098076679,0.31683768085081421
st_iid,510,smoothstep,none,none,all,0.75,1.0901499758211637,0.038618465489905156,0.33952879369363292,0.42584407296618637,False,False,0.98085719039435104,1.0692814423924164,1.0619179591472849,0.17548060269509516,0.33952879369363292,0.23225061991672852
st_iid,511,smoothstep,none,none,all,0.75,6.6753004203804798,0.83761257259320765,0.25495258913963459,2.1533667992117458,False,False,1.2027861079834372,0.79759180639085003,5.3241649204928674,0.091550949979803953,0.25495258913963459,0.2271324108954208
st_shared,0,smoothstep,none,none,all,0.75,3.4113487223261503,0.50614497276083792,0.2547450649546093,1.4818527977964582,False,False,0.42668877873232797,0.26074551522828765,0.88949388022629283,0.2547450649546093,0.24383525271166634,0.25248427708995158
st_shared,1,smoothstep,none,none,all,0.75,1.1603922504072572,0.06068631294626884,0.14073941163583784,0.28949750649814016,False,False,0.95376760319239984,1.010667001711913,0.87097014079265367,0.13400835343978112,0.12783362695467818,0.14073941163583784
st_shared,2,smoothstep,none,none,all,0.75,1.4928917848761469,0.16228365107916667,1.1882080208365347,1.5889230551029994,False,False,1.1074020467570889,1.3443418425005949,0.90049517059411244,1.0093989749480636,1.1882080208365347,0.85631853231731347
st_shared,3,smoothstep,none,none,all,0.75,1.673233751026227,0.21438867835109687,0.14128195379929001,0.65604008572503991,False,False,0.74938135752096824,0.60776305853238921,1.0169296621633219,0.14046755369182409,0.14128195379929001,0.13886139104314094
st_shared,4,smoothstep,none,none,all,0.75,3.589279022028363,0.49508204068291362,0.27267396446832542,1.5506253172810029,False,False,0.8974554277187542,0.46992386758073179,1.686687879857955,0.27194281091971573,0.26953245259044251,0.27267396446832542
st_shared,5,smoothstep,none,none,all,0.75,1.3831566953265295,0.13220982754107136,0.24394250387621352,0.56831085117223235,False,False,1.3446905815976371,1.1470797821259329,1.5865910807211807,0.24394250387621352,0.23917449189477513,0.23971755521317445
st_shared,6,smoothstep,none,none,all,0.75,1.4154959727377519,0.1406686365039875,0.22169598919581796,0.56917596964519923,False,False,0.94855900774304991,0.78885448896418198,1.116620352204897,0.21471803871807002,0.20647013996597258,0.22169598919581796
st_shared,7,smoothstep,none,none,all,0.75,1.42987574071671,0.1438063801296304,0.17563838436574281,0.53322593025830467,False,False,1.1208475039273826,0.88434392145776086,1.2645019197427358,0.14530362112713641,0.10024025216312342,0.17563838436574281
st_shared,8,smoothstep,none,none,all,0.75,3.5165474112662953,0.49881055116699746,2.2894604181586926,3.5469400773493938,False,False,0.71099704531946029,1.3902319786500748,0.39534003556899505,2.2894604181586926,1.5713519868101666,1.8363523708397098
st_shared,9,smoothstep,none,none,all,0.75,2.2700068267611204,0.32698838134143277,0.1208036480737288,0.94058648694627145,False,False,1.5670908748678447,1.0343497156077626,2.3479809156880442,0.11419568912071909,0.11252108171252151,0.1208036480737288
st_shared,10,smoothstep,none,none,all,0.75,2.7453745711251405,0.39829768527565923,0.38286535965435142,1.3927828810898952,False,False,1.5277994852034247,0.91499926821506361,2.5120157235557476,0.36596213201358796,0.36743086996929519,0.38286535965435142
st_shared,11,smoothstep,none,none,all,0.75,2.2730402009543567,0.32385586785083192,0.27264977081272501,1.0937680018242917,False,False,1.9872200025294509,1.2783065678861631,2.905642217949238,0.24796811127578744,0.27264977081272501,0.25521168083502715
st_shared,12,smoothstep,none,none,all,0.75,3.6537743272642365,0.51234086329940343,0.41420034729376354,1.7099610428782381,False,False,0.30519909025052216,0.60796942571703083,0.16639490325945991,0.41113634720399767,0.40991921037720419,0.41420034729376354
st_shared,13,smoothstep,none,none,all,0.75,4.5548727979524628,0.57860036764195399,0.30163131892038797,1.817828923436112,False,False,3.1479366107359312,1.4758491173768269,6.7223049986218602,0.30163131892038797,0.28921321617745016,0.29614301010641725
st_shared,14,smoothstep,none,none,all,0.75,2.57783721114376,0.36816772612059745,0.20924153780013285,1.1561922949175394,False,False,1.5849070975693962,0.9401026049370359,2.4234314772998724,0.18279512409148443,0.19425217107703807,0.20924153780013285
st_shared,15,smoothstep,none,none,all,0.75,1.1122509670375784,0.046841127368772793,0.15616757240666065,0.26255343255293867,False,False,0.66711243815724852,0.65409534380152246,0.72751817867802071,0.15616757240666065,0.14833785686366405,0.15155396989146619
st_shared,16,smoothstep,none,none,all,0.75,2.9858623640624695,0.42890062331879336,0.4139031453153752,1.5077917496200142,False,False,1.3960915551323214,0.80052643881462959,2.3902617650935598,0.4118821587123071,0.4139031453153752,0.40172177640023921
st_shared,17,smoothstep,none,none,all,0.75,3.2252903691466175,0.45911056940799705,0.33517406675543582,1.506197049894777,False,False,2.5749686651781771,1.436602244057001,4.6334593820514636,0.33517406675543582,0.26633446980736908,0.32825590933338955
st_shared,18,smoothstep,none,none,all,0.75,1.6135087978270322,0.20181450827854361,0.24349070288263192,0.72190188801293065,False,False,0.69807761376297017,0.9437995933020823,0.58493613085539398,0.14276054170219082,0.24349070288263192,0.11716348885643181
st_shared,19,smoothstep,none,none,all,0.75,2.7216199926049853,0.41745322758363707,0.7576004412960724,1.7588277298298542,False,False,0.24903728503669262,0.45602817803285639,0.16755762350068984,0.66438728697271932,0.7576004412960724,0.66751283600159494
st_shared,20,smoothstep,none,none,all,0.75,2.053430599966775,0.27901017061171118,0.48738817769636894,1.2069000355654484,False,False,0.41676951601854978,0.54232903755702222,0.26410877366188917,0.48738817769636894,0.41747858355041811,0.4819195047879376
st_shared,21,smoothstep,none,none,all,0.75,1.6740325259043256,0.20653407306569144,0.39713573806856578,0.91237113999746211,False,False,0.67237493771117507,0.50784709994002131,0.85015256348578039,0.38466404633953477,0.38853270588944822,0.39713573806856578
st_shared,22,smoothstep,none,none,all,0.75,1.0417202830938432,0.016795858804968873,0.49332270547804552,0.53419617044376411,False,False,0.56397862335224525,0.54995380971339902,0.57289803834317965,0.47598093699092098,0.49332270547804552,0.48566122384460109
st_shared,23,smoothstep,none,none,all,0.75,1.1011607304975268,0.039313080447639877,0.39463289328094747,0.49099772628622584,False,False,0.72384614758671295,0.68913349434513615,0.75884674204340341,0.3509849449387954,0.30805953943455067,0.39463289328094747
st_shared,24,smoothstep,none,none,all,0.75,1.3391584229605884,0.13924776591546315,0.75357470705534924,1.0456160811500979,False,False,0.84419727811735801,0.85934767511681742,1.1305138956312624,0.69493467799982434,0.75357470705534924,0.71558349981140168
st_shared,25,smoothstep,none,none,all,0.75,6.3259707841954071,0.67668515756926084,4.2305975436130447,6.0752610501164739,False,False,0.21745837975367266,0.53378671348071982,0.084380205298183575,3.3770675573950881,4.1905755803718607,4.2305975436130447
st_shared,26,smoothstep,none,none,all,0.75,1.8690429993938285,0.2548203948988938,0.27703679104404905,0.90246332588408817,False,False,1.3447847963193595,1.0032800498617938,1.8751735536256768,0.26461529571890174,0.27703679104404905,0.27186841445324278
st_shared,27,smoothstep,none,none,all,0.75,2.1210618351121862,0.30523855561142255,0.26726157982445614,1.0191784087360165,False,False,1.4096327836149027,0.99102152042976699,2.1020179247584303,0.26578009124390722,0.26129989394590419,0.26726157982445614
st_shared,28,smoothstep,none,none,all,0.75,4.2273591392432817,0.55329442253567074,0.24957017766505729,1.6911476587924934,False,False,1.9284401939693379,0.93753752570351712,3.9633078276662963,0.24957017766505729,0.24611375914522307,0.24323892621071974
st_shared,29,smoothstep,none,none,all,0.75,1.7582535004419315,0.23377494145916944,0.77013626719002548,1.3344572542610507,False,False,0.84164853213707236,1.165815387339342,0.66305307343128728,0.63547657667707569,0.77013626719002548,0.70036792294684935
st_shared,30,smoothstep,none,none,all,0.75,4.4593466089298381,0.60497235096104118,0.64345972013391151,2.1384619751937293,False,False,0.3401995442189793,0.82281139980145412,0.18451389227152132,0.42948442209940996,0.64345972013391151,0.57461144234573491
st_shared,31,smoothstep,none,none,all,0.75,5.2236998300823814,0.6564812126388182,0.14219571271762793,1.795401643255732,False,False,1.0170914500641435,0.50665804083458765,2.6466295218175078,0.12959687077521245,0.14187879025459485,0.14219571271762793
st_shared,32,smoothstep,none,none,all,0.75,1.8393007721297823,0.23903750749411601,0.62482511516760086,1.2342105994175836,False,False,0.55395448734412678,0.69207959601010782,0.3762732047400425,0.6187532486998979,0.45757178395716397,0.62482511516760086
st_shared,33,smoothstep,none,none,all,0.75,1.6042363225121719,0.18867499221084519,0.38257460366616336,0.85522243549502552,False,False,1.5034260493467266,1.054760587558524,1.6920852461156641,0.16685604356470191,0.38257460366616336,0.22308811558911759
st_shared,34,smoothstep,none,none,all,0.75,1.9185907965452162,0.29351650565120729,0.36368489299304235,1.0152758494194276,False,False,0.99552435442093012,0.85363483961266962,1.6377759468912196,0.36368489299304235,0.29684178763466068,0.32358831934025567
st_shared,35,smoothstep,none,none,all,0.75,2.3244748433196327,0.33854509705705316,0.48687536289478101,1.3303695025797444,False,False,0.83593284774145782,1.2873423769111638,0.55382073960098543,0.42055574404994261,0.48687536289478101,0.41843048602799354
st_shared,36,smoothstep,none,none,all,0.75,inf,0.20344939694683598,4.5766203568424473,inf,False,False,-4.4941871645105333,-2.7354955784054162,-4.2552322043734687,4.5766203568424473,2.7237308366710917,4.1995850055282435
st_shared,37,smoothstep,none,none,all,0.75,5.7682625735357185,0.65487597944038356,1.7128744477033417,3.4652453691075227,False,False,1.6067078026186647,3.8626387175420263,0.66963642315165628,1.6806859730702421,1.7128744477033417,1.6467493946490137
st_shared,38,smoothstep,none,none,all,0.75,1.7622822240061942,0.23119484285081371,0.68706970146326807,1.2536793886857349,False,False,1.9241723179027341,1.4760209493498364,2.6011654812999638,0.65344753070702433,0.68706970146326807,0.68367030302224374
st_shared,39,smoothstep,none,none,all,0.75,1.4229423880240584,0.14407841749465125,0.24215584701674764,0.59488267902522163,False,False,1.2007584832420137,1.0149417404695877,1.4442036238890892,0.24215584701674764,0.24116019644330566,0.24081532660186367
st_shared,40,smoothstep,none,none,all,0.75,1.4191550511619706,0.14079044761769749,0.63655395634877088,0.98661561646573892,False,False,1.5668617621735674,1.2510025847672794,1.7753666371891659,0.22305688163316353,0.63655395634877088,0.30547679110311526
st_shared,41,smoothstep,none,none,all,0.75,1.2002276850429401,0.08235165708355216,0.29261051839033408,0.47512179472218241,False,False,0.7475105459585164,0.87309956173203551,0.72744494449884234,0.24452339663223913,0.29261051839033408,0.28969426016188371
st_shared,42,smoothstep,none,none,all,0.75,1.3836414302483824,0.13229168654380732,0.29788297247490381,0.62260171391231778,False,False,1.2099786074955559,1.0311001581424883,1.4266728975416059,0.29788297247490381,0.27605820681987503,0.26730494468036098
st_shared,43,smoothstep,none,none,all,0.75,2.7329649840288943,0.39600392952427088,0.18604751941725081,1.1914346139974941,False,False,1.2375481361351712,0.74031425584639265,2.0232529384055993,0.18604751941725081,0.18351346098302737,0.15027515187775412
st_shared,44,smoothstep,none,none,all,0.75,2.1877895067512929,0.30436419316494734,0.92367526188432769,1.7065669383204565,False,False,1.7257917952834707,1.0841624883736494,2.3719193156772405,0.44188224795653835,0.64211856943326606,0.92367526188432769
st_shared,45,smoothstep,none,none,all,0.75,2.2299036250602238,0.33632556524620588,0.29836074734966406,1.1003191144260069,False,False,1.1321036918699987,0.82767007898929379,1.845624509492108,0.29519196448877655,0.25295696250410776,0.29836074734966406
st_shared,46,smoothstep,none,none,all,0.75,3.9806724141164622,0.53177559887957737,0.28813774057052227,1.6695884938671848,False,False,2.208406482100866,1.1016454010107353,4.3852894579417017,0.27586380129369698,0.28813774057052227,0.26297191942385884
st_shared,47,smoothstep,none,none,all,0.75,1.525766536708453,0.16951470419624318,0.31844115403695017,0.74093808483356316,False,False,1.1765563988173775,0.92348433481962622,1.4090214952422504,0.31844115403695017,0.29557088095375539,0.30576898244606043
st_shared,48,smoothstep,none,none,all,0.75,1.1621918101654758,0.064538147593794878,0.20751868914574176,0.35782640294229656,False,False,0.81536481843928776,0.71834616785343652,0.83485603314301815,0.20646039627299767,0.19019148595645277,0.20751868914574176
st_shared,49,smoothstep,none,none,all,0.75,1.2344516268894781,0.091548568321756105,0.22551971278622904,0.43614655744693515,False,False,0.64006319809187062,0.75007554668407472,0.60761841966548757,0.20469510643758965,0.22551971278622904,0.21488509659634075
st_shared,50,smoothstep,none,none,all,0.75,1.1463543854044576,0.058034232962898537,0.48468728413139589,0.62127409144771517,False,False,0.484938017692009,0.55591082323057894,0.50476938423226136,0.47095425781350164,0.48468728413139589,0.48043249473044913
st_shared,51,smoothstep,none,none,all,0.75,1.5979643321909613,0.18949519694200254,0.23333776068498319,0.70206828749896455,False,False,0.85562802366242008,1.0748681615444835,0.67264840640763046,0.23333776068498319,0.22119489824786237,0.21312264754106552
st_shared,52,smoothstep,none,none,all,0.75,1.8065825822103623,0.24653292721960932,0.13388969905421089,0.72532668354260366,False,False,1.5464554466424418,1.2164236628152401,2.1975698018305434,0.13388969905421089,0.12337022557963526,0.12942706404156579
st_shared,53,smoothstep,none,none,all,0.75,2.1343309630100205,0.30316214692398424,0.21547039805966106,0.97362362935912583,False,False,0.67941952799762251,0.98618388252832212,0.46205761881349422,0.20781785247424686,0.1924392316152583,0.21547039805966106
st_shared,54,smoothstep,none,none,all,0.75,1.7683775902478271,0.22570355537367542,0.54869977897164468,1.1187622895291518,False,False,1.6279639789506966,1.0285809577111291,1.8189195153720088,0.54869977897164468,0.21096572390964705,0.38118678617225032
st_shared,55,smoothstep,none,none,all,0.75,3.1136901987970016,0.50960136414927582,2.6075746466893048,3.7433832285742805,False,False,0.47105361944261276,1.0938090806500831,0.35129027321751044,2.6075746466893048,1.8111072855820007,1.6576591337889781
st_shared,56,smoothstep,none,none,all,0.75,3.1589452778282658,0.45002352545569357,0.43508887131738039,1.5853270703624931,False,False,1.4280807889784768,0.79881739286868902,2.5234204310496318,0.41889100336668172,0.31776187159814889,0.43508887131738039
st_shared,57,smoothstep,none,none,all,0.75,1.7863380446995802,0.23094397597054547,0.23197564381919344,0.8121433831111009,False,False,0.82281255330332759,0.59445528182898144,1.0618980858037206,0.22879813664619569,0.21957734749063215,0.23197564381919344
st_shared,58,smoothstep,none,none,all,0.75,1.6090824243382025,0.19263048377283942,0.73017629672879203,1.2058403904861459,False,False,1.2706513312678982,1.6083942167509058,0.99957229811420023,0.44493982691582762,0.73017629672879203,0.45520196480218672
st_shared,59,smoothstep,none,none,all,0.75,1.3032109584340659,0.11606112080184762,4.4671111561703434,4.7319423433066063,False,False,0.82471335147764058,1.0089853647491835,0.77423026427093367,3.030429865467497,2.2811879560196995,4.4671111561703434
st_shared,60,smoothstep,none,none,all,0.75,1.4486287848620285,0.17404060962441562,0.3349513968123124,0.70556884020857824,False,False,0.37904118635048895,0.54908997319557051,0.3946828983679706,0.28582699351630025,0.3349513968123124,0.32668170819545844
st_shared,61,smoothstep,none,none,all,0.75,1.176018559619586,0.06624467621167876,0.88047529613555842,1.0426099274769032,False,False,1.1390338284975356,1.0533434176745791,1.2387514088384304,0.58378669419132734,0.46485185152423986,0.88047529613555842
st_shared,62,smoothstep,none,none,all,0.75,4.564730601963376,0.5919614826958306,0.15539381989363943,1.6737533183905078,False,False,2.3773049811877032,1.1724057803014316,5.3517165432606957,0.15539381989363943,0.1448421289695106,0.14250340066916667
st_shared,63,smoothstep,none,none,all,0.75,3.3414640725947029,0.47417398282715278,0.43320488671604263,1.6396139427477441,False,False,0.52776191274114737,0.97740016069871472,0.29250655983852825,0.38611312323851538,0.43320488671604263,0.36924801874537649
st_shared,64,smoothstep,none,none,all,0.75,1.519402784057819,0.17060438006205667,0.14790120294692738,0.5662185553725112,False,False,0.40081836828890466,0.32793986104334472,0.4982727378727923,0.14695754017533649,0.14262005159235039,0.14790120294692738
st_shared,65,smoothstep,none,none,all,0.75,1.9498676639510195,0.3052954843193913,14.148960200071821,14.816721705704065,False,False,0.50300791551798096,0.25797028424930918,0.29639815810632142,2.131466826976482,14.148960200071821,2.0792006131297929
st_shared,66,smoothstep,none,none,all,0.75,1.0305984856846804,0.012597216711261206,0.34043459577751245,0.37057428333530545,False,False,0.94650131834463891,0.92669741865970023,0.95505295635858933,0.23262677948253493,0.34043459577751245,0.18830171161892351
st_shared,67,smoothstep,none,none,all,0.75,inf,0.12274451195185798,1.1129631471269179,inf,False,False,-3.6404341358722787,-3.9708486794027942,-2.9360709298526082,0.93544666583278857,0.95789244938657647,1.1129631471269179
st_shared,68,smoothstep,none,none,all,0.75,1.8618938269586389,0.24813078925842522,0.21923457556589068,0.84082873182757534,False,False,1.5752787992077384,1.1278001438263812,2.0998441258334042,0.21923457556589068,0.1587842817926213,0.15592814479185338
st_shared,69,smoothstep,none,none,all,0.75,2.617736795701274,0.3841847726149441,0.32540361168621706,1.2877137377184558,False,False,0.53006420636194995,0.33176587090253457,0.86847572781944338,0.32438529633136604,0.32179553591725729,0.32540361168621706
st_shared,70,smoothstep,none,none,all,0.75,inf,0.27309182860563419,2.3212490308117646,inf,False,False,-1.2137987984606629,-0.81274024011582091,-1.6274742382837162,2.2079069791972605,2.3212490308117646,2.3143185546503706
st_shared,71,smoothstep,none,none,all,0.75,2.2584362995886815,0.31340139931572869,1.603293016106949,2.4179656870790405,False,False,0.71798837001057247,0.97589106000184811,0.43210918110888613,0.92212816503651007,1.603293016106949,1.0277472069811144
st_shared,72,smoothstep,none,none,all,0.75,2.0771523650557504,0.28083216778158626,0.31368071264135083,1.0446786130805392,False,False,1.6534463051950827,0.99592305681753179,2.0686839328820885,0.19547075145186768,0.31368071264135083,0.21625483546177263
st_shared,73,smoothstep,none,none,all,0.75,1.0545381415606794,0.023429527130072261,0.61269769712552646,0.6658005876884876,False,False,0.915582930512578,0.96551712198741468,0.92355168001380239,0.25103338941766962,0.61269769712552646,0.12701173574560207
st_shared,74,smoothstep,none,none,all,0.75,3.0162067067812242,0.43626432944504157,0.23355245273182601,1.3375524372601764,False,False,1.479759758392166,0.86015703195318982,2.5944114086622427,0.22289726918037475,0.23355245273182601,0.20587837194462022
st_shared,75,smoothstep,none,none,all,0.75,1.371127988806174,0.12987891760997236,0.18103057126198893,0.49666432182932185,False,False,0.6866425726129044,0.8186963517037017,0.59709695840760391,0.18103057126198893,0.17954961788049317,0.17756435581382995
st_shared,76,smoothstep,none,none,all,0.75,6.6013242010441173,0.67845855211438533,3.5845617459511914,5.4718320113805916,False,False,0.9200948148535063,2.2116982712522852,0.33503857769967815,3.5845617459511914,3.3169062946543897,3.4355165101486076
st_shared,77,smoothstep,none,none,all,0.75,2.4847815849723767,0.34851538889327155,2.449752225709398,3.3599369880238643,False,False,0.44185036251316329,0.63347573678497182,0.25494222132687538,0.92309151332286377,2.449752225709398,0.89617032736293212
st_shared,78,smoothstep,none,none,all,0.75,1.548644795861682,0.17655096717079161,0.20504524207350305,0.64242546530887146,False,False,0.77936984182659808,0.95847953229671834,0.61891502483848171,0.17328084905276811,0.20504524207350305,0.18642790649754779
st_shared,79,smoothstep,none,none,all,0.75,2.5088603078140537,0.37576002497419947,0.34468333350350527,1.2645119228986026,False,False,1.2802365360030379,0.85301205607589303,2.1400880895756638,0.34468333350350527,0.30783433806633675,0.34265447007297778
st_shared,80,smoothstep,none,none,all,0.75,inf,0.98653011967024085,17.694428918465768,inf,False,False,0.34510204979871401,-1.7263987720536971,-1.3672083707902425,17.694428918465768,2.0795809128481615,10.516709769205699
st_shared,81,smoothstep,none,none,all,0.75,1.6774277238416082,0.21472945439600707,0.33153665660919124,0.84879815990629259,False,False,0.68103939376687506,0.92103449642227897,0.54907551802765364,0.33153665660919124,0.32599968264393131,0.32093135598090478
st_shared,82,smoothstep,none,none,all,0.75,1.3867958889693759,0.1344880084745371,0.18757614744795986,0.51457211787178969,False,False,0.81914464742152826,0.9820838174218155,0.70816752864163024,0.18757614744795986,0.17339199317864784,0.1808798928986336
st_shared,83,smoothstep,none,none,all,0.75,2.2904043091359605,0.33804780267849532,0.22042943875444451,1.0491577949445758,False,False,0.60871094135959081,0.95938743648035463,0.4188725251055247,0.19827108087229983,0.22042943875444451,0.2139657573809445
st_shared,84,smoothstep,none,none,all,0.75,1.6929113403709066,0.20944908446232366,3.972042872361214,4.4984926057835333,False,False,0.59895363179563188,0.74564055149434194,0.44044867189026959,2.6459621733368106,2.3716481390267385,3.972042872361214
st_shared,85,smoothstep,none,none,all,0.75,1.3523349951769299,0.12239973402399085,0.22990436108377224,0.53173708551049936,False,False,0.62498002976139944,0.72033391042902117,0.53265937286106968,0.22990436108377224,0.20971462933051105,0.20878574447251189
st_shared,86,smoothstep,none,none,all,0.75,1.7833476422522858,0.22973494887639634,0.70683125865709617,1.2853235545575825,False,False,1.9150331571170049,1.3749725666631225,2.4520540849202535,0.70683125865709617,0.50278185549038168,0.69012478429575053
st_shared,87,smoothstep,none,none,all,0.75,2.2121965384200926,0.34786973403051524,0.37732195141592817,1.1713078821326584,False,False,1.2498321175755185,0.98447509205529948,2.1778523908055356,0.37732195141592817,0.30350945088709463,0.3361529506636286
st_shared,88,smoothstep,none,none,all,0.75,1.2487874857001575,0.090976494361853247,0.75870116265501164,0.98087423176379407,False,False,0.79376318580176641,0.89382329073993794,0.71575292111355371,0.67392822384066031,0.42323526954116725,0.75870116265501164
st_shared,89,smoothstep,none,none,all,0.75,2.8245564343934415,0.40640345174327158,0.29211935304562137,1.3304706909419755,False,False,1.7662082521003344,1.0291669229293177,2.9069400542249033,0.27054456793842224,0.26870607542102343,0.29211935304562137
st_shared,90,smoothstep,none,none,all,0.75,1.0595314615674554,0.023700341781210443,0.21309488335102558,0.27092167636732556,False,False,1.1407552487083488,1.1702111805996989,1.2086660759547028,0.18855356721664421,0.21309488335102558,0.19296697563572734
st_shared,91,smoothstep,none,none,all,0.75,1.4356054023656546,0.14714062741102282,0.267983961996762,0.62957060542229959,False,False,0.83749997420997846,0.7001507329373835,1.0051401746751805,0.25303964574029264,0.267983961996762,0.24418106536595643
st_shared,92,smoothstep,none,none,all,0.75,1.1151079033993918,0.049001318434537672,0.5658053654086872,0.67475653998766438,False,False,0.93891882167548613,0.94503556849697301,0.84748351761837981,0.53056736017922068,0.26635722439457554,0.5658053654086872
st_shared,93,smoothstep,none,none,all,0.75,2.2036368777110931,0.31566735440796839,0.17938679114671024,0.96949591283416314,False,False,1.3317186409067829,0.89251180098755412,1.9667719184485184,0.1680946751583082,0.17938679114671024,0.16591658563894268
st_shared,94,smoothstep,none,none,all,0.75,1.9162134674558708,0.28854414054999361,0.23189937631218788,0.88225046273205754,False,False,0.57905773560855267,0.48680671117502133,0.93282557600147631,0.20933993363292988,0.23189937631218788,0.21693318328782546
st_shared,95,smoothstep,none,none,all,0.75,2.1434038637046005,0.32136497263071595,1.8551946008457136,2.6175897567463355,False,False,1.3280197868289341,2.1306508073566186,0.99405009174242143,1.8551946008457136,1.6199663419996684,1.6101996581237121
st_shared,96,smoothstep,none,none,all,0.75,1.6885949677566361,0.21710204165936531,0.18882913095506862,0.71272593407635054,False,False,0.74860901566087346,0.60024256497784634,1.0135665746549269,0.18167416441690207,0.18882913095506862,0.18150728425619592
st_shared,97,smoothstep,none,none,all,0.75,1.6726696813006907,0.20689242076087769,0.40668540697737443,0.92110636854403383,False,False,1.5564526207284624,1.1857436050058094,1.9833573778893994,0.2474499893356264,0.40668540697737443,0.2076383956128951
st_shared,98,smoothstep,none,none,all,0.75,6.7369699811662684,0.69326613098307976,3.5021253193718072,5.4097355855242037,False,False,0.13080865076537046,0.32848727425616348,0.048758904251388326,3.5021253193718072,3.2196507062702482,3.3275244752604327
st_shared,99,smoothstep,none,none,all,0.75,1.3567049158684092,0.12407528076327831,0.10586873482377705,0.41092763872753929,False,False,1.1050994406665713,0.94712886013253361,1.2849743805026514,0.10586873482377705,0.094614235332575819,0.09238660005494366
st_shared,100,smoothstep,none,none,all,0.75,1.2459322123054002,0.089298833813839643,0.31408766750430794,0.53397168214032698,False,False,0.94995656837239284,1.049272349861935,0.84215845733727568,0.30800326323012572,0.31408766750430794,0.300641025623683
st_shared,101,smoothstep,none,none,all,0.75,1.4189855283192665,0.14223580460009666,0.3305724092495344,0.68051460886892778,False,False,1.2854631142825019,1.0778252108644046,1.5294183762742521,0.29334221269986943,0.21483692808895372,0.3305724092495344
st_shared,102,smoothstep,none,none,all,0.75,3.6139801105380305,0.50228247065269227,0.24537376038902756,1.5301834490956721,False,False,2.0265697296660354,1.0808918043350206,3.9063214825103292,0.22115068828501896,0.24537376038902756,0.20326321997427363
st_shared,103,smoothstep,none,none,all,0.75,11.026161186063394,1.0327889812845577,43.538337546075361,45.938608284861139,False,False,0.019939911225944549,0.028369154141007515,0.21986067521305955,43.538337546075361,31.515612296723937,2.76402233129626
st_shared,104,smoothstep,none,none,all,0.75,2.4349366198706073,0.3502244526449349,0.91738333635541081,1.807304063750637,False,False,0.48505697282757326,0.73635203113309644,0.30241116960663489,0.31336266867729662,0.91738333635541081,0.43387064546462845
st_shared,105,smoothstep,none,none,all,0.75,1.285428979183225,0.113401103657417,0.34091086799087933,0.59200336656749641,False,False,0.73903096619501374,0.91148343226957285,0.70908890886273546,0.3082022354850868,0.34091086799087933,0.33407354461376265
st_shared,106,smoothstep,none,none,all,0.75,1.6365565162856226,0.19652271907322158,0.64374145715543118,1.1363358063704134,False,False,0.77017242812813902,0.94649211799539412,0.57834367990149271,0.37117451962419529,0.64374145715543118,0.30199519539277797
st_shared,107,smoothstep,none,none,all,0.75,1.5731585971192852,0.1871610547576516,0.76371824365325569,1.2168036872618668,False,False,1.2791954072589466,1.0523033720987389,1.6554400965947453,0.76371824365325569,0.33873466940113339,0.57450193962966811
st_shared,108,smoothstep,none,none,all,0.75,2.7378992391251571,0.40281596926582963,0.87948265966470729,1.8866735849499077,False,False,0.48194292931390975,0.81518215451255893,0.29774001280377094,0.79983356230846536,0.87948265966470729,0.80155307627757932
st_shared,109,smoothstep,none,none,all,0.75,2.4354464822546102,0.36236610851137047,0.3030065477137196,1.1931366477086671,False,False,1.6430810201238428,1.0997448704706563,2.678369776165312,0.3030065477137196,0.29454989061196524,0.30011292653655824
st_shared,110,smoothstep,none,none,all,0.75,2.8025942390445762,0.4073222046708862,0.2126240510696531,1.2431695532461893,False,False,1.9332214992765764,1.1545598084991251,3.235762667932057,0.19961409869214802,0.14680972205693191,0.2126240510696531
st_shared,111,smoothstep,none,none,all,0.75,2.3110788692770532,0.33750798732281023,0.51240380540046604,1.3501182638806228,False,False,0.72967948085752687,1.1285289598851422,0.48831261229875994,0.51240380540046604,0.43376175749453011,0.47635862536182522
st_shared,112,smoothstep,none,none,all,0.75,3.8054249982827968,0.51444101386898722,0.25082534429491904,1.5872530240578557,False,False,2.4619691231005731,1.2460369643778559,4.7417002130279036,0.24501501065704662,0.25082534429491904,0.24604183482119882
st_shared,113,smoothstep,none,none,all,0.75,1.1608386545795315,0.060969116572055983,0.096782313888249247,0.24592503586956727,False,False,1.2303081698827456,1.1457886302346338,1.3300757319540968,0.077224263988420971,0.096782313888249247,0.091534870185970355
st_shared,114,smoothstep,none,none,all,0.75,2.6019658210863348,0.3749264791061529,0.45412476502907312,1.4103920094014204,False,False,1.8520295914700371,1.1166485122578378,2.905481263061799,0.2925089776221772,0.45412476502907312,0.27390783749781772
st_shared,115,smoothstep,none,none,all,0.75,2.4696939640233544,0.36643377711392833,2.0828473906448077,2.9869416324031857,False,False,1.5229756189670847,1.0051616367323912,2.4824416271058221,2.0828473906448077,1.6644665192556594,1.530525463650821
st_shared,116,smoothstep,none,none,all,0.75,1.6502069242274195,0.20829545822932072,0.25345225297676538,0.75435294164892919,False,False,0.81157336121578816,1.090053826957496,0.66055584360599418,0.14746315745200597,0.25345225297676538,0.17467366431112047
st_shared,117,smoothstep,none,none,all,0.75,2.8214419437118936,0.42549357120097375,0.32194611708089321,1.3591941989049352,False,False,1.2137808635464886,0.78112555839506914,2.2039004137612221,0.32194611708089321,0.30761271347265196,0.30877164830636095
st_shared,118,smoothstep,none,none,all,0.75,2.2293447158059831,0.33494400111150152,0.24584241938788237,1.0475501122633537,False,False,0.40880170219695416,0.66197320934460624,0.29693622733677622,0.24584241938788237,0.22765736027056055,0.23633328265099188
st_shared,119,smoothstep,none,none,all,0.75,6.4585183943699205,0.68930879475469964,0.39983713666825083,2.265237077441133,False,False,3.9472068889761909,1.5531080413542864,10.030776853530497,0.39647089699327404,0.3443431200410309,0.39983713666825083
st_shared,120,smoothstep,none,none,all,0.75,3.6269213645953138,0.49014499919646504,0.30085372959397638,1.5892379090959745,False,False,2.3348938851468257,1.1678290368539497,4.2356240839603583,0.17845621321441674,0.30085372959397638,0.21333188792338828
st_shared,121,smoothstep,none,none,all,0.75,2.2188865502662281,0.31554669800861512,0.25014343656798682,1.0471489526977968,False,False,1.7175019741085471,1.1250630242825372,2.4963872127823685,0.23153992875025786,0.20236817351583045,0.25014343656798682
st_shared,122,smoothstep,none,none,all,0.75,2.4085299901655746,0.36068404333738308,0.17911196861706166,1.0581285674298671,False,False,1.8267534552622398,1.2467187950867111,3.0027596072694336,0.17194220326765527,0.1406019320730805,0.17911196861706166
st_shared,123,smoothstep,none,none,all,0.75,1.232592202398703,0.098937111561768418,0.80298985589106653,1.012109289276143,False,False,1.0455091059494834,1.0577429723012122,1.2886863715301728,0.80298985589106653,0.25750125728409884,0.70939366023147965
st_shared,124,smoothstep,none,none,all,0.75,1.4105429650000558,0.14124986428309755,0.59103220571697512,0.93500691754250009,False,False,0.26208158816904104,0.31641340689280001,0.224320289947912,0.58816356414436843,0.57038871526737833,0.59103220571697512
st_shared,125,smoothstep,none,none,all,0.75,2.2073514916796433,0.39606768786552005,1.0531816461950871,1.8449750229907309,False,False,0.36041213195721483,0.76658344584428983,0.34728653263145343,1.0531816461950871,0.67778890300529449,0.77072631838611383
st_shared,126,smoothstep,none,none,all,0.75,1.785390816568809,0.23589615259220914,0.29787719091916826,0.87751452704231925,False,False,0.73669884371550887,0.99850538606197392,0.5592643228561669,0.29787719091916826,0.28166673545847526,0.28801725674326889
st_shared,127,smoothstep,none,none,all,0.75,2.544302506912322,0.36924450181333229,0.49249856509132889,1.4263551134497889,False,False,0.46667090719393683,0.73576016622637763,0.28917951549687027,0.36237536652282365,0.49249856509132889,0.35317065192328406
