curve,rank,conductor,K,alpha,mode,P,loglogK,logP,h2_adjusted_logP_plus_rank_loglogK
37a1,1,37,1000,0,sharp,0.021313139983840761,1.9326447339160655,-3.8484314958219414,-1.9157867619058759
37a1,1,37,1000,0,c_only,0.021313139983840761,1.9326447339160655,-3.8484314958219414,-1.9157867619058759
37a1,1,37,1000,0,P_only,0.020447580069275585,1.9326447339160655,-3.8898907375161027,-1.9572460036000372
37a1,1,37,1000,0,L2_only,0.021313139983840761,1.9326447339160655,-3.8484314958219414,-1.9157867619058759
37a1,1,37,1000,0,cP_only,0.020447580069275585,1.9326447339160655,-3.8898907375161027,-1.9572460036000372
37a1,1,37,1000,0,cL2_only,0.021313139983840761,1.9326447339160655,-3.8484314958219414,-1.9157867619058759
37a1,1,37,1000,0,PL2_only,0.020447580069275585,1.9326447339160655,-3.8898907375161027,-1.9572460036000372
37a1,1,37,1000,0,all,0.020447580069275585,1.9326447339160655,-3.8898907375161027,-1.9572460036000372
37a1,1,37,1000,0.25,sharp,0.021313139983840761,1.9326447339160655,-3.8484314958219414,-1.9157867619058759
37a1,1,37,1000,0.25,c_only,0.021313139983840761,1.9326447339160655,-3.8484314958219414,-1.9157867619058759
37a1,1,37,1000,0.25,P_only,0.019104674899000591,1.9326447339160655,-3.9578222147681985,-2.025177480852133
37a1,1,37,1000,0.25,L2_only,0.021313139983840761,1.9326447339160655,-3.8484314958219414,-1.9157867619058759
37a1,1,37,1000,0.25,cP_only,0.019104674899000591,1.9326447339160655,-3.9578222147681985,-2.025177480852133
37a1,1,37,1000,0.25,cL2_only,0.021313139983840761,1.9326447339160655,-3.8484314958219414,-1.9157867619058759
37a1,1,37,1000,0.25,PL2_only,0.019104674899000591,1.9326447339160655,-3.9578222147681985,-2.025177480852133
37a1,1,37,1000,0.25,all,0.019104674899000591,1.9326447339160655,-3.9578222147681985,-2.025177480852133
37a1,1,37,1000,0.5,sharp,0.021313139983840761,1.9326447339160655,-3.8484314958219414,-1.9157867619058759
37a1,1,37,1000,0.5,c_only,0.021313139983840761,1.9326447339160655,-3.8484314958219414,-1.9157867619058759
37a1,1,37,1000,0.5,P_only,0.017605483900973967,1.9326447339160655,-4.0395448401880323,-2.1069001062719668
37a1,1,37,1000,0.5,L2_only,0.021313139983840761,1.9326447339160655,-3.8484314958219414,-1.9157867619058759
37a1,1,37,1000,0.5,cP_only,0.017605483900973967,1.9326447339160655,-4.0395448401880323,-2.1069001062719668
37a1,1,37,1000,0.5,cL2_only,0.021313139983840761,1.9326447339160655,-3.8484314958219414,-1.9157867619058759
37a1,1,37,1000,0.5,PL2_only,0.017605483900973967,1.9326447339160655,-4.0395448401880323,-2.1069001062719668
37a1,1,37,1000,0.5,all,0.017605483900973967,1.9326447339160655,-4.0395448401880323,-2.1069001062719668
37a1,1,37,1000,0.65,sharp,0.021313139983840761,1.9326447339160655,-3.8484314958219414,-1.9157867619058759
37a1,1,37,1000,0.65,c_only,0.021313139983840761,1.9326447339160655,-3.8484314958219414,-1.9157867619058759
37a1,1,37,1000,0.65,P_only,0.017936003363807962,1.9326447339160655,-4.0209452251073037,-2.0883004911912382
37a1,1,37,1000,0.65,L2_only,0.021313139983840761,1.9326447339160655,-3.8484314958219414,-1.9157867619058759
37a1,1,37,1000,0.65,cP_only,0.017936003363807962,1.9326447339160655,-4.0209452251073037,-2.0883004911912382
37a1,1,37,1000,0.65,cL2_only,0.021313139983840761,1.9326447339160655,-3.8484314958219414,-1.9157867619058759
37a1,1,37,1000,0.65,PL2_only,0.017936003363807962,1.9326447339160655,-4.0209452251073037,-2.0883004911912382
37a1,1,37,1000,0.65,all,0.017936003363807962,1.9326447339160655,-4.0209452251073037,-2.0883004911912382
37a1,1,37,1000,0.75,sharp,0.021313139983840761,1.9326447339160655,-3.8484314958219414,-1.9157867619058759
37a1,1,37,1000,0.75,c_only,0.021313139983840761,1.9326447339160655,-3.8484314958219414,-1.9157867619058759
37a1,1,37,1000,0.75,P_only,0.018855566560404904,1.9326447339160655,-3.9709471004387225,-2.0383023665226569
37a1,1,37,1000,0.75,L2_only,0.021313139983840761,1.9326447339160655,-3.8484314958219414,-1.9157867619058759
37a1,1,37,1000,0.75,cP_only,0.018855566560404904,1.9326447339160655,-3.9709471004387225,-2.0383023665226569
37a1,1,37,1000,0.75,cL2_only,0.021313139983840761,1.9326447339160655,-3.8484314958219414,-1.9157867619058759
37a1,1,37,1000,0.75,PL2_only,0.018855566560404904,1.9326447339160655,-3.9709471004387225,-2.0383023665226569
37a1,1,37,1000,0.75,all,0.018855566560404904,1.9326447339160655,-3.9709471004387225,-2.0383023665226569
37a1,1,37,1000,0.85,sharp,0.021313139983840761,1.9326447339160655,-3.8484314958219414,-1.9157867619058759
37a1,1,37,1000,0.85,c_only,0.021313139983840761,1.9326447339160655,-3.8484314958219414,-1.9157867619058759
37a1,1,37,1000,0.85,P_only,0.020265963388268228,1.9326447339160655,-3.8988124805169924,-1.9661677466009269
37a1,1,37,1000,0.85,L2_only,0.021313139983840761,1.9326447339160655,-3.8484314958219414,-1.9157867619058759
37a1,1,37,1000,0.85,cP_only,0.020265963388268228,1.9326447339160655,-3.8988124805169924,-1.9661677466009269
37a1,1,37,1000,0.85,cL2_only,0.021313139983840761,1.9326447339160655,-3.8484314958219414,-1.9157867619058759
37a1,1,37,1000,0.85,PL2_only,0.020265963388268228,1.9326447339160655,-3.8988124805169924,-1.9661677466009269
37a1,1,37,1000,0.85,all,0.020265963388268228,1.9326447339160655,-3.8988124805169924,-1.9661677466009269
37a1,1,37,1000,0.92,sharp,0.021313139983840761,1.9326447339160655,-3.8484314958219414,-1.9157867619058759
37a1,1,37,1000,0.92,c_only,0.021313139983840761,1.9326447339160655,-3.8484314958219414,-1.9157867619058759
37a1,1,37,1000,0.92,P_only,0.021668335161307194,1.9326447339160655,-3.8319032932745833,-1.8992585593585178
37a1,1,37,1000,0.92,L2_only,0.021313139983840761,1.9326447339160655,-3.8484314958219414,-1.9157867619058759
37a1,1,37,1000,0.92,cP_only,0.021668335161307194,1.9326447339160655,-3.8319032932745833,-1.8992585593585178
37a1,1,37,1000,0.92,cL2_only,0.021313139983840761,1.9326447339160655,-3.8484314958219414,-1.9157867619058759
37a1,1,37,1000,0.92,PL2_only,0.021668335161307194,1.9326447339160655,-3.8319032932745833,-1.8992585593585178
37a1,1,37,1000,0.92,all,0.021668335161307194,1.9326447339160655,-3.8319032932745833,-1.8992585593585178
37a1,1,37,3000,0,sharp,0.016150834112096904,2.0802371710391188,-4.1257835828393157,-2.0455464118001969
37a1,1,37,3000,0,c_only,0.016150834112096904,2.0802371710391188,-4.1257835828393157,-2.0455464118001969
37a1,1,37,3000,0,P_only,0.017345447068977012,2.0802371710391188,-4.0544252238002345,-1.9741880527611158
37a1,1,37,3000,0,L2_only,0.016150834112096904,2.0802371710391188,-4.1257835828393157,-2.0455464118001969
37a1,1,37,3000,0,cP_only,0.017345447068977012,2.0802371710391188,-4.0544252238002345,-1.9741880527611158
37a1,1,37,3000,0,cL2_only,0.016150834112096904,2.0802371710391188,-4.1257835828393157,-2.0455464118001969
37a1,1,37,3000,0,PL2_only,0.017345447068977012,2.0802371710391188,-4.0544252238002345,-1.9741880527611158
37a1,1,37,3000,0,all,0.017345447068977012,2.0802371710391188,-4.0544252238002345,-1.9741880527611158
37a1,1,37,3000,0.25,sharp,0.016150834112096904,2.0802371710391188,-4.1257835828393157,-2.0455464118001969
37a1,1,37,3000,0.25,c_only,0.016150834112096904,2.0802371710391188,-4.1257835828393157,-2.0455464118001969
37a1,1,37,3000,0.25,P_only,0.016377497319618035,2.0802371710391188,-4.1118470010207178,-2.031609829981599
37a1,1,37,3000,0.25,L2_only,0.016150834112096904,2.0802371710391188,-4.1257835828393157,-2.0455464118001969
37a1,1,37,3000,0.25,cP_only,0.016377497319618035,2.0802371710391188,-4.1118470010207178,-2.031609829981599
37a1,1,37,3000,0.25,cL2_only,0.016150834112096904,2.0802371710391188,-4.1257835828393157,-2.0455464118001969
37a1,1,37,3000,0.25,PL2_only,0.016377497319618035,2.0802371710391188,-4.1118470010207178,-2.031609829981599
37a1,1,37,3000,0.25,all,0.016377497319618035,2.0802371710391188,-4.1118470010207178,-2.031609829981599
37a1,1,37,3000,0.5,sharp,0.016150834112096904,2.0802371710391188,-4.1257835828393157,-2.0455464118001969
37a1,1,37,3000,0.5,c_only,0.016150834112096904,2.0802371710391188,-4.1257835828393157,-2.0455464118001969
37a1,1,37,3000,0.5,P_only,0.015249816280987675,2.0802371710391188,-4.1831878231496331,-2.1029506521105144
37a1,1,37,3000,0.5,L2_only,0.016150834112096904,2.0802371710391188,-4.1257835828393157,-2.0455464118001969
37a1,1,37,3000,0.5,cP_only,0.015249816280987675,2.0802371710391188,-4.1831878231496331,-2.1029506521105144
37a1,1,37,3000,0.5,cL2_only,0.016150834112096904,2.0802371710391188,-4.1257835828393157,-2.0455464118001969
37a1,1,37,3000,0.5,PL2_only,0.015249816280987675,2.0802371710391188,-4.1831878231496331,-2.1029506521105144
37a1,1,37,3000,0.5,all,0.015249816280987675,2.0802371710391188,-4.1831878231496331,-2.1029506521105144
37a1,1,37,3000,0.65,sharp,0.016150834112096904,2.0802371710391188,-4.1257835828393157,-2.0455464118001969
37a1,1,37,3000,0.65,c_only,0.016150834112096904,2.0802371710391188,-4.1257835828393157,-2.0455464118001969
37a1,1,37,3000,0.65,P_only,0.014633834685890803,2.0802371710391188,-4.2244189871611999,-2.1441818161220811
37a1,1,37,3000,0.65,L2_only,0.016150834112096904,2.0802371710391188,-4.1257835828393157,-2.0455464118001969
37a1,1,37,3000,0.65,cP_only,0.014633834685890803,2.0802371710391188,-4.2244189871611999,-2.1441818161220811
37a1,1,37,3000,0.65,cL2_only,0.016150834112096904,2.0802371710391188,-4.1257835828393157,-2.0455464118001969
37a1,1,37,3000,0.65,PL2_only,0.014633834685890803,2.0802371710391188,-4.2244189871611999,-2.1441818161220811
37a1,1,37,3000,0.65,all,0.014633834685890803,2.0802371710391188,-4.2244189871611999,-2.1441818161220811
37a1,1,37,3000,0.75,sharp,0.016150834112096904,2.0802371710391188,-4.1257835828393157,-2.0455464118001969
37a1,1,37,3000,0.75,c_only,0.016150834112096904,2.0802371710391188,-4.1257835828393157,-2.0455464118001969
37a1,1,37,3000,0.75,P_only,0.014683241218754519,2.0802371710391188,-4.2210484886983251,-2.1408113176592063
37a1,1,37,3000,0.75,L2_only,0.016150834112096904,2.0802371710391188,-4.1257835828393157,-2.0455464118001969
37a1,1,37,3000,0.75,cP_only,0.014683241218754519,2.0802371710391188,-4.2210484886983251,-2.1408113176592063
37a1,1,37,3000,0.75,cL2_only,0.016150834112096904,2.0802371710391188,-4.1257835828393157,-2.0455464118001969
37a1,1,37,3000,0.75,PL2_only,0.014683241218754519,2.0802371710391188,-4.2210484886983251,-2.1408113176592063
37a1,1,37,3000,0.75,all,0.014683241218754519,2.0802371710391188,-4.2210484886983251,-2.1408113176592063
37a1,1,37,3000,0.85,sharp,0.016150834112096904,2.0802371710391188,-4.1257835828393157,-2.0455464118001969
37a1,1,37,3000,0.85,c_only,0.016150834112096904,2.0802371710391188,-4.1257835828393157,-2.0455464118001969
37a1,1,37,3000,0.85,P_only,0.01567378840365552,2.0802371710391188,-4.1557654902731658,-2.075528319234047
37a1,1,37,3000,0.85,L2_only,0.016150834112096904,2.0802371710391188,-4.1257835828393157,-2.0455464118001969
37a1,1,37,3000,0.85,cP_only,0.01567378840365552,2.0802371710391188,-4.1557654902731658,-2.075528319234047
37a1,1,37,3000,0.85,cL2_only,0.016150834112096904,2.0802371710391188,-4.1257835828393157,-2.0455464118001969
37a1,1,37,3000,0.85,PL2_only,0.01567378840365552,2.0802371710391188,-4.1557654902731658,-2.075528319234047
37a1,1,37,3000,0.85,all,0.01567378840365552,2.0802371710391188,-4.1557654902731658,-2.075528319234047
37a1,1,37,3000,0.92,sharp,0.016150834112096904,2.0802371710391188,-4.1257835828393157,-2.0455464118001969
37a1,1,37,3000,0.92,c_only,0.016150834112096904,2.0802371710391188,-4.1257835828393157,-2.0455464118001969
37a1,1,37,3000,0.92,P_only,0.016747467174710047,2.0802371710391188,-4.0895082455951144,-2.0092710745559956
37a1,1,37,3000,0.92,L2_only,0.016150834112096904,2.0802371710391188,-4.1257835828393157,-2.0455464118001969
37a1,1,37,3000,0.92,cP_only,0.016747467174710047,2.0802371710391188,-4.0895082455951144,-2.0092710745559956
37a1,1,37,3000,0.92,cL2_only,0.016150834112096904,2.0802371710391188,-4.1257835828393157,-2.0455464118001969
37a1,1,37,3000,0.92,PL2_only,0.016747467174710047,2.0802371710391188,-4.0895082455951144,-2.0092710745559956
37a1,1,37,3000,0.92,all,0.016747467174710047,2.0802371710391188,-4.0895082455951144,-2.0092710745559956
37a1,1,37,10000,0,sharp,0.013026575594383243,2.2203268063678463,-4.3407637317194041,-2.1204369253515578
37a1,1,37,10000,0,c_only,0.013026575594383243,2.2203268063678463,-4.3407637317194041,-2.1204369253515578
37a1,1,37,10000,0,P_only,0.014635386679937846,2.2203268063678463,-4.224312937599505,-2.0039861312316587
37a1,1,37,10000,0,L2_only,0.013026575594383243,2.2203268063678463,-4.3407637317194041,-2.1204369253515578
37a1,1,37,10000,0,cP_only,0.014635386679937846,2.2203268063678463,-4.224312937599505,-2.0039861312316587
37a1,1,37,10000,0,cL2_only,0.013026575594383243,2.2203268063678463,-4.3407637317194041,-2.1204369253515578
37a1,1,37,10000,0,PL2_only,0.014635386679937846,2.2203268063678463,-4.224312937599505,-2.0039861312316587
37a1,1,37,10000,0,all,0.014635386679937846,2.2203268063678463,-4.224312937599505,-2.0039861312316587
37a1,1,37,10000,0.25,sharp,0.013026575594383243,2.2203268063678463,-4.3407637317194041,-2.1204369253515578
37a1,1,37,10000,0.25,c_only,0.013026575594383243,2.2203268063678463,-4.3407637317194041,-2.1204369253515578
37a1,1,37,10000,0.25,P_only,0.014049883880553926,2.2203268063678463,-4.2651411479657932,-2.0448143415979469
37a1,1,37,10000,0.25,L2_only,0.013026575594383243,2.2203268063678463,-4.3407637317194041,-2.1204369253515578
37a1,1,37,10000,0.25,cP_only,0.014049883880553926,2.2203268063678463,-4.2651411479657932,-2.0448143415979469
37a1,1,37,10000,0.25,cL2_only,0.013026575594383243,2.2203268063678463,-4.3407637317194041,-2.1204369253515578
37a1,1,37,10000,0.25,PL2_only,0.014049883880553926,2.2203268063678463,-4.2651411479657932,-2.0448143415979469
37a1,1,37,10000,0.25,all,0.014049883880553926,2.2203268063678463,-4.2651411479657932,-2.0448143415979469
37a1,1,37,10000,0.5,sharp,0.013026575594383243,2.2203268063678463,-4.3407637317194041,-2.1204369253515578
37a1,1,37,10000,0.5,c_only,0.013026575594383243,2.2203268063678463,-4.3407637317194041,-2.1204369253515578
37a1,1,37,10000,0.5,P_only,0.013524332179195919,2.2203268063678463,-4.3032648322379128,-2.0829380258700665
37a1,1,37,10000,0.5,L2_only,0.013026575594383243,2.2203268063678463,-4.3407637317194041,-2.1204369253515578
37a1,1,37,10000,0.5,cP_only,0.013524332179195919,2.2203268063678463,-4.3032648322379128,-2.0829380258700665
37a1,1,37,10000,0.5,cL2_only,0.013026575594383243,2.2203268063678463,-4.3407637317194041,-2.1204369253515578
37a1,1,37,10000,0.5,PL2_only,0.013524332179195919,2.2203268063678463,-4.3032648322379128,-2.0829380258700665
37a1,1,37,10000,0.5,all,0.013524332179195919,2.2203268063678463,-4.3032648322379128,-2.0829380258700665
37a1,1,37,10000,0.65,sharp,0.013026575594383243,2.2203268063678463,-4.3407637317194041,-2.1204369253515578
37a1,1,37,10000,0.65,c_only,0.013026575594383243,2.2203268063678463,-4.3407637317194041,-2.1204369253515578
37a1,1,37,10000,0.65,P_only,0.013213171919050354,2.2203268063678463,-4.3265410742784374,-2.1062142679105911
37a1,1,37,10000,0.65,L2_only,0.013026575594383243,2.2203268063678463,-4.3407637317194041,-2.1204369253515578
37a1,1,37,10000,0.65,cP_only,0.013213171919050354,2.2203268063678463,-4.3265410742784374,-2.1062142679105911
37a1,1,37,10000,0.65,cL2_only,0.013026575594383243,2.2203268063678463,-4.3407637317194041,-2.1204369253515578
37a1,1,37,10000,0.65,PL2_only,0.013213171919050354,2.2203268063678463,-4.3265410742784374,-2.1062142679105911
37a1,1,37,10000,0.65,all,0.013213171919050354,2.2203268063678463,-4.3265410742784374,-2.1062142679105911
37a1,1,37,10000,0.75,sharp,0.013026575594383243,2.2203268063678463,-4.3407637317194041,-2.1204369253515578
37a1,1,37,10000,0.75,c_only,0.013026575594383243,2.2203268063678463,-4.3407637317194041,-2.1204369253515578
37a1,1,37,10000,0.75,P_only,0.013373045961855448,2.2203268063678463,-4.3145140931830452,-2.0941872868151989
37a1,1,37,10000,0.75,L2_only,0.013026575594383243,2.2203268063678463,-4.3407637317194041,-2.1204369253515578
37a1,1,37,10000,0.75,cP_only,0.013373045961855448,2.2203268063678463,-4.3145140931830452,-2.0941872868151989
37a1,1,37,10000,0.75,cL2_only,0.013026575594383243,2.2203268063678463,-4.3407637317194041,-2.1204369253515578
37a1,1,37,10000,0.75,PL2_only,0.013373045961855448,2.2203268063678463,-4.3145140931830452,-2.0941872868151989
37a1,1,37,10000,0.75,all,0.013373045961855448,2.2203268063678463,-4.3145140931830452,-2.0941872868151989
37a1,1,37,10000,0.85,sharp,0.013026575594383243,2.2203268063678463,-4.3407637317194041,-2.1204369253515578
37a1,1,37,10000,0.85,c_only,0.013026575594383243,2.2203268063678463,-4.3407637317194041,-2.1204369253515578
37a1,1,37,10000,0.85,P_only,0.013457543797372528,2.2203268063678463,-4.3082154530390069,-2.0878886466711606
37a1,1,37,10000,0.85,L2_only,0.013026575594383243,2.2203268063678463,-4.3407637317194041,-2.1204369253515578
37a1,1,37,10000,0.85,cP_only,0.013457543797372528,2.2203268063678463,-4.3082154530390069,-2.0878886466711606
37a1,1,37,10000,0.85,cL2_only,0.013026575594383243,2.2203268063678463,-4.3407637317194041,-2.1204369253515578
37a1,1,37,10000,0.85,PL2_only,0.013457543797372528,2.2203268063678463,-4.3082154530390069,-2.0878886466711606
37a1,1,37,10000,0.85,all,0.013457543797372528,2.2203268063678463,-4.3082154530390069,-2.0878886466711606
37a1,1,37,10000,0.92,sharp,0.013026575594383243,2.2203268063678463,-4.3407637317194041,-2.1204369253515578
37a1,1,37,10000,0.92,c_only,0.013026575594383243,2.2203268063678463,-4.3407637317194041,-2.1204369253515578
37a1,1,37,10000,0.92,P_only,0.012821342780716368,2.2203268063678463,-4.3566440918890574,-2.1363172855212111
37a1,1,37,10000,0.92,L2_only,0.013026575594383243,2.2203268063678463,-4.3407637317194041,-2.1204369253515578
37a1,1,37,10000,0.92,cP_only,0.012821342780716368,2.2203268063678463,-4.3566440918890574,-2.1363172855212111
37a1,1,37,10000,0.92,cL2_only,0.013026575594383243,2.2203268063678463,-4.3407637317194041,-2.1204369253515578
37a1,1,37,10000,0.92,PL2_only,0.012821342780716368,2.2203268063678463,-4.3566440918890574,-2.1363172855212111
37a1,1,37,10000,0.92,all,0.012821342780716368,2.2203268063678463,-4.3566440918890574,-2.1363172855212111
37a1,1,37,30000,0,sharp,0.010843813069215138,2.3330127080622156,-4.5241605856706952,-2.1911478776084796
37a1,1,37,30000,0,c_only,0.010843813069215138,2.3330127080622156,-4.5241605856706952,-2.1911478776084796
37a1,1,37,30000,0,P_only,0.012954230926133802,2.3330127080622156,-4.3463328317527141,-2.0133201236904985
37a1,1,37,30000,0,L2_only,0.010843813069215138,2.3330127080622156,-4.5241605856706952,-2.1911478776084796
37a1,1,37,30000,0,cP_only,0.012954230926133802,2.3330127080622156,-4.3463328317527141,-2.0133201236904985
37a1,1,37,30000,0,cL2_only,0.010843813069215138,2.3330127080622156,-4.5241605856706952,-2.1911478776084796
37a1,1,37,30000,0,PL2_only,0.012954230926133802,2.3330127080622156,-4.3463328317527141,-2.0133201236904985
37a1,1,37,30000,0,all,0.012954230926133802,2.3330127080622156,-4.3463328317527141,-2.0133201236904985
37a1,1,37,30000,0.25,sharp,0.010843813069215138,2.3330127080622156,-4.5241605856706952,-2.1911478776084796
37a1,1,37,30000,0.25,c_only,0.010843813069215138,2.3330127080622156,-4.5241605856706952,-2.1911478776084796
37a1,1,37,30000,0.25,P_only,0.01257145057481396,2.3330127080622156,-4.3763268632914833,-2.0433141552292677
37a1,1,37,30000,0.25,L2_only,0.010843813069215138,2.3330127080622156,-4.5241605856706952,-2.1911478776084796
37a1,1,37,30000,0.25,cP_only,0.01257145057481396,2.3330127080622156,-4.3763268632914833,-2.0433141552292677
37a1,1,37,30000,0.25,cL2_only,0.010843813069215138,2.3330127080622156,-4.5241605856706952,-2.1911478776084796
37a1,1,37,30000,0.25,PL2_only,0.01257145057481396,2.3330127080622156,-4.3763268632914833,-2.0433141552292677
37a1,1,37,30000,0.25,all,0.01257145057481396,2.3330127080622156,-4.3763268632914833,-2.0433141552292677
37a1,1,37,30000,0.5,sharp,0.010843813069215138,2.3330127080622156,-4.5241605856706952,-2.1911478776084796
37a1,1,37,30000,0.5,c_only,0.010843813069215138,2.3330127080622156,-4.5241605856706952,-2.1911478776084796
37a1,1,37,30000,0.5,P_only,0.012352750548485321,2.3330127080622156,-4.3938765242292392,-2.0608638161670236
37a1,1,37,30000,0.5,L2_only,0.010843813069215138,2.3330127080622156,-4.5241605856706952,-2.1911478776084796
37a1,1,37,30000,0.5,cP_only,0.012352750548485321,2.3330127080622156,-4.3938765242292392,-2.0608638161670236
37a1,1,37,30000,0.5,cL2_only,0.010843813069215138,2.3330127080622156,-4.5241605856706952,-2.1911478776084796
37a1,1,37,30000,0.5,PL2_only,0.012352750548485321,2.3330127080622156,-4.3938765242292392,-2.0608638161670236
37a1,1,37,30000,0.5,all,0.012352750548485321,2.3330127080622156,-4.3938765242292392,-2.0608638161670236
37a1,1,37,30000,0.65,sharp,0.010843813069215138,2.3330127080622156,-4.5241605856706952,-2.1911478776084796
37a1,1,37,30000,0.65,c_only,0.010843813069215138,2.3330127080622156,-4.5241605856706952,-2.1911478776084796
37a1,1,37,30000,0.65,P_only,0.011839694071360679,2.3330127080622156,-4.4362974884276092,-2.1032847803653936
37a1,1,37,30000,0.65,L2_only,0.010843813069215138,2.3330127080622156,-4.5241605856706952,-2.1911478776084796
37a1,1,37,30000,0.65,cP_only,0.011839694071360679,2.3330127080622156,-4.4362974884276092,-2.1032847803653936
37a1,1,37,30000,0.65,cL2_only,0.010843813069215138,2.3330127080622156,-4.5241605856706952,-2.1911478776084796
37a1,1,37,30000,0.65,PL2_only,0.011839694071360679,2.3330127080622156,-4.4362974884276092,-2.1032847803653936
37a1,1,37,30000,0.65,all,0.011839694071360679,2.3330127080622156,-4.4362974884276092,-2.1032847803653936
37a1,1,37,30000,0.75,sharp,0.010843813069215138,2.3330127080622156,-4.5241605856706952,-2.1911478776084796
37a1,1,37,30000,0.75,c_only,0.010843813069215138,2.3330127080622156,-4.5241605856706952,-2.1911478776084796
37a1,1,37,30000,0.75,P_only,0.011128209096329547,2.3330127080622156,-4.4982720344288332,-2.1652593263666176
37a1,1,37,30000,0.75,L2_only,0.010843813069215138,2.3330127080622156,-4.5241605856706952,-2.1911478776084796
37a1,1,37,30000,0.75,cP_only,0.011128209096329547,2.3330127080622156,-4.4982720344288332,-2.1652593263666176
37a1,1,37,30000,0.75,cL2_only,0.010843813069215138,2.3330127080622156,-4.5241605856706952,-2.1911478776084796
37a1,1,37,30000,0.75,PL2_only,0.011128209096329547,2.3330127080622156,-4.4982720344288332,-2.1652593263666176
37a1,1,37,30000,0.75,all,0.011128209096329547,2.3330127080622156,-4.4982720344288332,-2.1652593263666176
37a1,1,37,30000,0.85,sharp,0.010843813069215138,2.3330127080622156,-4.5241605856706952,-2.1911478776084796
37a1,1,37,30000,0.85,c_only,0.010843813069215138,2.3330127080622156,-4.5241605856706952,-2.1911478776084796
37a1,1,37,30000,0.85,P_only,0.010704996322717094,2.3330127080622156,-4.5370447004513306,-2.204031992389115
37a1,1,37,30000,0.85,L2_only,0.010843813069215138,2.3330127080622156,-4.5241605856706952,-2.1911478776084796
37a1,1,37,30000,0.85,cP_only,0.010704996322717094,2.3330127080622156,-4.5370447004513306,-2.204031992389115
37a1,1,37,30000,0.85,cL2_only,0.010843813069215138,2.3330127080622156,-4.5241605856706952,-2.1911478776084796
37a1,1,37,30000,0.85,PL2_only,0.010704996322717094,2.3330127080622156,-4.5370447004513306,-2.204031992389115
37a1,1,37,30000,0.85,all,0.010704996322717094,2.3330127080622156,-4.5370447004513306,-2.204031992389115
37a1,1,37,30000,0.92,sharp,0.010843813069215138,2.3330127080622156,-4.5241605856706952,-2.1911478776084796
37a1,1,37,30000,0.92,c_only,0.010843813069215138,2.3330127080622156,-4.5241605856706952,-2.1911478776084796
37a1,1,37,30000,0.92,P_only,0.010748060728765885,2.3330127080622156,-4.5330299380061234,-2.2000172299439078
37a1,1,37,30000,0.92,L2_only,0.010843813069215138,2.3330127080622156,-4.5241605856706952,-2.1911478776084796
37a1,1,37,30000,0.92,cP_only,0.010748060728765885,2.3330127080622156,-4.5330299380061234,-2.2000172299439078
37a1,1,37,30000,0.92,cL2_only,0.010843813069215138,2.3330127080622156,-4.5241605856706952,-2.1911478776084796
37a1,1,37,30000,0.92,PL2_only,0.010748060728765885,2.3330127080622156,-4.5330299380061234,-2.2000172299439078
37a1,1,37,30000,0.92,all,0.010748060728765885,2.3330127080622156,-4.5330299380061234,-2.2000172299439078
37a1,1,37,100000,0,sharp,0.010546896055589981,2.443470357682056,-4.551923675089407,-2.108453317407351
37a1,1,37,100000,0,c_only,0.010546896055589981,2.443470357682056,-4.551923675089407,-2.108453317407351
37a1,1,37,100000,0,P_only,0.0113315328273885,2.443470357682056,-4.480165923826573,-2.036695566144517
37a1,1,37,100000,0,L2_only,0.010546896055589981,2.443470357682056,-4.551923675089407,-2.108453317407351
37a1,1,37,100000,0,cP_only,0.0113315328273885,2.443470357682056,-4.480165923826573,-2.036695566144517
37a1,1,37,100000,0,cL2_only,0.010546896055589981,2.443470357682056,-4.551923675089407,-2.108453317407351
37a1,1,37,100000,0,PL2_only,0.0113315328273885,2.443470357682056,-4.480165923826573,-2.036695566144517
37a1,1,37,100000,0,all,0.0113315328273885,2.443470357682056,-4.480165923826573,-2.036695566144517
37a1,1,37,100000,0.25,sharp,0.010546896055589981,2.443470357682056,-4.551923675089407,-2.108453317407351
37a1,1,37,100000,0.25,c_only,0.010546896055589981,2.443470357682056,-4.551923675089407,-2.108453317407351
37a1,1,37,100000,0.25,P_only,0.010996082069563101,2.443470357682056,-4.510216245123587,-2.066745887441531
37a1,1,37,100000,0.25,L2_only,0.010546896055589981,2.443470357682056,-4.551923675089407,-2.108453317407351
37a1,1,37,100000,0.25,cP_only,0.010996082069563101,2.443470357682056,-4.510216245123587,-2.066745887441531
37a1,1,37,100000,0.25,cL2_only,0.010546896055589981,2.443470357682056,-4.551923675089407,-2.108453317407351
37a1,1,37,100000,0.25,PL2_only,0.010996082069563101,2.443470357682056,-4.510216245123587,-2.066745887441531
37a1,1,37,100000,0.25,all,0.010996082069563101,2.443470357682056,-4.510216245123587,-2.066745887441531
37a1,1,37,100000,0.5,sharp,0.010546896055589981,2.443470357682056,-4.551923675089407,-2.108453317407351
37a1,1,37,100000,0.5,c_only,0.010546896055589981,2.443470357682056,-4.551923675089407,-2.108453317407351
37a1,1,37,100000,0.5,P_only,0.010648719446416823,2.443470357682056,-4.5423156338291522,-2.0988452761470962
37a1,1,37,100000,0.5,L2_only,0.010546896055589981,2.443470357682056,-4.551923675089407,-2.108453317407351
37a1,1,37,100000,0.5,cP_only,0.010648719446416823,2.443470357682056,-4.5423156338291522,-2.0988452761470962
37a1,1,37,100000,0.5,cL2_only,0.010546896055589981,2.443470357682056,-4.551923675089407,-2.108453317407351
37a1,1,37,100000,0.5,PL2_only,0.010648719446416823,2.443470357682056,-4.5423156338291522,-2.0988452761470962
37a1,1,37,100000,0.5,all,0.010648719446416823,2.443470357682056,-4.5423156338291522,-2.0988452761470962
37a1,1,37,100000,0.65,sharp,0.010546896055589981,2.443470357682056,-4.551923675089407,-2.108453317407351
37a1,1,37,100000,0.65,c_only,0.010546896055589981,2.443470357682056,-4.551923675089407,-2.108453317407351
37a1,1,37,100000,0.65,P_only,0.010339696742613494,2.443470357682056,-4.5717647388993052,-2.1282943812172492
37a1,1,37,100000,0.65,L2_only,0.010546896055589981,2.443470357682056,-4.551923675089407,-2.108453317407351
37a1,1,37,100000,0.65,cP_only,0.010339696742613494,2.443470357682056,-4.5717647388993052,-2.1282943812172492
37a1,1,37,100000,0.65,cL2_only,0.010546896055589981,2.443470357682056,-4.551923675089407,-2.108453317407351
37a1,1,37,100000,0.65,PL2_only,0.010339696742613494,2.443470357682056,-4.5717647388993052,-2.1282943812172492
37a1,1,37,100000,0.65,all,0.010339696742613494,2.443470357682056,-4.5717647388993052,-2.1282943812172492
37a1,1,37,100000,0.75,sharp,0.010546896055589981,2.443470357682056,-4.551923675089407,-2.108453317407351
37a1,1,37,100000,0.75,c_only,0.010546896055589981,2.443470357682056,-4.551923675089407,-2.108453317407351
37a1,1,37,100000,0.75,P_only,0.010274204251278967,2.443470357682056,-4.5781189667298685,-2.1346486090478125
37a1,1,37,100000,0.75,L2_only,0.010546896055589981,2.443470357682056,-4.551923675089407,-2.108453317407351
37a1,1,37,100000,0.75,cP_only,0.010274204251278967,2.443470357682056,-4.5781189667298685,-2.1346486090478125
37a1,1,37,100000,0.75,cL2_only,0.010546896055589981,2.443470357682056,-4.551923675089407,-2.108453317407351
37a1,1,37,100000,0.75,PL2_only,0.010274204251278967,2.443470357682056,-4.5781189667298685,-2.1346486090478125
37a1,1,37,100000,0.75,all,0.010274204251278967,2.443470357682056,-4.5781189667298685,-2.1346486090478125
37a1,1,37,100000,0.85,sharp,0.010546896055589981,2.443470357682056,-4.551923675089407,-2.108453317407351
37a1,1,37,100000,0.85,c_only,0.010546896055589981,2.443470357682056,-4.551923675089407,-2.108453317407351
37a1,1,37,100000,0.85,P_only,0.010350099342250953,2.443470357682056,-4.570759161031706,-2.12728880334965
37a1,1,37,100000,0.85,L2_only,0.010546896055589981,2.443470357682056,-4.551923675089407,-2.108453317407351
37a1,1,37,100000,0.85,cP_only,0.010350099342250953,2.443470357682056,-4.570759161031706,-2.12728880334965
37a1,1,37,100000,0.85,cL2_only,0.010546896055589981,2.443470357682056,-4.551923675089407,-2.108453317407351
37a1,1,37,100000,0.85,PL2_only,0.010350099342250953,2.443470357682056,-4.570759161031706,-2.12728880334965
37a1,1,37,100000,0.85,all,0.010350099342250953,2.443470357682056,-4.570759161031706,-2.12728880334965
37a1,1,37,100000,0.92,sharp,0.010546896055589981,2.443470357682056,-4.551923675089407,-2.108453317407351
37a1,1,37,100000,0.92,c_only,0.010546896055589981,2.443470357682056,-4.551923675089407,-2.108453317407351
37a1,1,37,100000,0.92,P_only,0.010436478132493618,2.443470357682056,-4.5624480970716865,-2.1189777393896305
37a1,1,37,100000,0.92,L2_only,0.010546896055589981,2.443470357682056,-4.551923675089407,-2.108453317407351
37a1,1,37,100000,0.92,cP_only,0.010436478132493618,2.443470357682056,-4.5624480970716865,-2.1189777393896305
37a1,1,37,100000,0.92,cL2_only,0.010546896055589981,2.443470357682056,-4.551923675089407,-2.108453317407351
37a1,1,37,100000,0.92,PL2_only,0.010436478132493618,2.443470357682056,-4.5624480970716865,-2.1189777393896305
37a1,1,37,100000,0.92,all,0.010436478132493618,2.443470357682056,-4.5624480970716865,-2.1189777393896305
37a1,1,37,300000,0,sharp,0.009706380930633975,2.5346120896979718,-4.6349717818463212,-2.1003596921483494
37a1,1,37,300000,0,c_only,0.009706380930633975,2.5346120896979718,-4.6349717818463212,-2.1003596921483494
37a1,1,37,300000,0,P_only,0.010346247127805474,2.5346120896979718,-4.5711314213720069,-2.0365193316740351
37a1,1,37,300000,0,L2_only,0.009706380930633975,2.5346120896979718,-4.6349717818463212,-2.1003596921483494
37a1,1,37,300000,0,cP_only,0.010346247127805474,2.5346120896979718,-4.5711314213720069,-2.0365193316740351
37a1,1,37,300000,0,cL2_only,0.009706380930633975,2.5346120896979718,-4.6349717818463212,-2.1003596921483494
37a1,1,37,300000,0,PL2_only,0.010346247127805474,2.5346120896979718,-4.5711314213720069,-2.0365193316740351
37a1,1,37,300000,0,all,0.010346247127805474,2.5346120896979718,-4.5711314213720069,-2.0365193316740351
37a1,1,37,300000,0.25,sharp,0.009706380930633975,2.5346120896979718,-4.6349717818463212,-2.1003596921483494
37a1,1,37,300000,0.25,c_only,0.009706380930633975,2.5346120896979718,-4.6349717818463212,-2.1003596921483494
37a1,1,37,300000,0.25,P_only,0.010122596932968754,2.5346120896979718,-4.5929850341128216,-2.0583729444148497
37a1,1,37,300000,0.25,L2_only,0.009706380930633975,2.5346120896979718,-4.6349717818463212,-2.1003596921483494
37a1,1,37,300000,0.25,cP_only,0.010122596932968754,2.5346120896979718,-4.5929850341128216,-2.0583729444148497
37a1,1,37,300000,0.25,cL2_only,0.009706380930633975,2.5346120896979718,-4.6349717818463212,-2.1003596921483494
37a1,1,37,300000,0.25,PL2_only,0.010122596932968754,2.5346120896979718,-4.5929850341128216,-2.0583729444148497
37a1,1,37,300000,0.25,all,0.010122596932968754,2.5346120896979718,-4.5929850341128216,-2.0583729444148497
37a1,1,37,300000,0.5,sharp,0.009706380930633975,2.5346120896979718,-4.6349717818463212,-2.1003596921483494
37a1,1,37,300000,0.5,c_only,0.009706380930633975,2.5346120896979718,-4.6349717818463212,-2.1003596921483494
37a1,1,37,300000,0.5,P_only,0.010107732381508697,2.5346120896979718,-4.5944545657159921,-2.0598424760180203
37a1,1,37,300000,0.5,L2_only,0.009706380930633975,2.5346120896979718,-4.6349717818463212,-2.1003596921483494
37a1,1,37,300000,0.5,cP_only,0.010107732381508697,2.5346120896979718,-4.5944545657159921,-2.0598424760180203
37a1,1,37,300000,0.5,cL2_only,0.009706380930633975,2.5346120896979718,-4.6349717818463212,-2.1003596921483494
37a1,1,37,300000,0.5,PL2_only,0.010107732381508697,2.5346120896979718,-4.5944545657159921,-2.0598424760180203
37a1,1,37,300000,0.5,all,0.010107732381508697,2.5346120896979718,-4.5944545657159921,-2.0598424760180203
37a1,1,37,300000,0.65,sharp,0.009706380930633975,2.5346120896979718,-4.6349717818463212,-2.1003596921483494
37a1,1,37,300000,0.65,c_only,0.009706380930633975,2.5346120896979718,-4.6349717818463212,-2.1003596921483494
37a1,1,37,300000,0.65,P_only,0.01014433374026898,2.5346120896979718,-4.5908399815653596,-2.0562278918673877
37a1,1,37,300000,0.65,L2_only,0.009706380930633975,2.5346120896979718,-4.6349717818463212,-2.1003596921483494
37a1,1,37,300000,0.65,cP_only,0.01014433374026898,2.5346120896979718,-4.5908399815653596,-2.0562278918673877
37a1,1,37,300000,0.65,cL2_only,0.009706380930633975,2.5346120896979718,-4.6349717818463212,-2.1003596921483494
37a1,1,37,300000,0.65,PL2_only,0.01014433374026898,2.5346120896979718,-4.5908399815653596,-2.0562278918673877
37a1,1,37,300000,0.65,all,0.01014433374026898,2.5346120896979718,-4.5908399815653596,-2.0562278918673877
37a1,1,37,300000,0.75,sharp,0.009706380930633975,2.5346120896979718,-4.6349717818463212,-2.1003596921483494
37a1,1,37,300000,0.75,c_only,0.009706380930633975,2.5346120896979718,-4.6349717818463212,-2.1003596921483494
37a1,1,37,300000,0.75,P_only,0.010044410687708859,2.5346120896979718,-4.6007389496628228,-2.066126859964851
37a1,1,37,300000,0.75,L2_only,0.009706380930633975,2.5346120896979718,-4.6349717818463212,-2.1003596921483494
37a1,1,37,300000,0.75,cP_only,0.010044410687708859,2.5346120896979718,-4.6007389496628228,-2.066126859964851
37a1,1,37,300000,0.75,cL2_only,0.009706380930633975,2.5346120896979718,-4.6349717818463212,-2.1003596921483494
37a1,1,37,300000,0.75,PL2_only,0.010044410687708859,2.5346120896979718,-4.6007389496628228,-2.066126859964851
37a1,1,37,300000,0.75,all,0.010044410687708859,2.5346120896979718,-4.6007389496628228,-2.066126859964851
37a1,1,37,300000,0.85,sharp,0.009706380930633975,2.5346120896979718,-4.6349717818463212,-2.1003596921483494
37a1,1,37,300000,0.85,c_only,0.009706380930633975,2.5346120896979718,-4.6349717818463212,-2.1003596921483494
37a1,1,37,300000,0.85,P_only,0.0098657710983027017,2.5346120896979718,-4.6186839775037267,-2.0840718878057549
37a1,1,37,300000,0.85,L2_only,0.009706380930633975,2.5346120896979718,-4.6349717818463212,-2.1003596921483494
37a1,1,37,300000,0.85,cP_only,0.0098657710983027017,2.5346120896979718,-4.6186839775037267,-2.0840718878057549
37a1,1,37,300000,0.85,cL2_only,0.009706380930633975,2.5346120896979718,-4.6349717818463212,-2.1003596921483494
37a1,1,37,300000,0.85,PL2_only,0.0098657710983027017,2.5346120896979718,-4.6186839775037267,-2.0840718878057549
37a1,1,37,300000,0.85,all,0.0098657710983027017,2.5346120896979718,-4.6186839775037267,-2.0840718878057549
37a1,1,37,300000,0.92,sharp,0.009706380930633975,2.5346120896979718,-4.6349717818463212,-2.1003596921483494
37a1,1,37,300000,0.92,c_only,0.009706380930633975,2.5346120896979718,-4.6349717818463212,-2.1003596921483494
37a1,1,37,300000,0.92,P_only,0.0097458983827123421,2.5346120896979718,-4.6309087611786577,-2.0962966714806859
37a1,1,37,300000,0.92,L2_only,0.009706380930633975,2.5346120896979718,-4.6349717818463212,-2.1003596921483494
37a1,1,37,300000,0.92,cP_only,0.0097458983827123421,2.5346120896979718,-4.6309087611786577,-2.0962966714806859
37a1,1,37,300000,0.92,cL2_only,0.009706380930633975,2.5346120896979718,-4.6349717818463212,-2.1003596921483494
37a1,1,37,300000,0.92,PL2_only,0.0097458983827123421,2.5346120896979718,-4.6309087611786577,-2.0962966714806859
37a1,1,37,300000,0.92,all,0.0097458983827123421,2.5346120896979718,-4.6309087611786577,-2.0962966714806859
37a1,1,37,1000000,0,sharp,0.0090959216766506798,2.6257919144760109,-4.699929133317382,-2.0741372188413711
37a1,1,37,1000000,0,c_only,0.0090959216766506798,2.6257919144760109,-4.699929133317382,-2.0741372188413711
37a1,1,37,1000000,0,P_only,0.0094366222915801927,2.6257919144760109,-4.6631571709486366,-2.0373652564726257
37a1,1,37,1000000,0,L2_only,0.0090959216766506798,2.6257919144760109,-4.699929133317382,-2.0741372188413711
37a1,1,37,1000000,0,cP_only,0.0094366222915801927,2.6257919144760109,-4.6631571709486366,-2.0373652564726257
37a1,1,37,1000000,0,cL2_only,0.0090959216766506798,2.6257919144760109,-4.699929133317382,-2.0741372188413711
37a1,1,37,1000000,0,PL2_only,0.0094366222915801927,2.6257919144760109,-4.6631571709486366,-2.0373652564726257
37a1,1,37,1000000,0,all,0.0094366222915801927,2.6257919144760109,-4.6631571709486366,-2.0373652564726257
37a1,1,37,1000000,0.25,sharp,0.0090959216766506798,2.6257919144760109,-4.699929133317382,-2.0741372188413711
37a1,1,37,1000000,0.25,c_only,0.0090959216766506798,2.6257919144760109,-4.699929133317382,-2.0741372188413711
37a1,1,37,1000000,0.25,P_only,0.0092415761509333297,2.6257919144760109,-4.684042828770167,-2.0582509142941561
37a1,1,37,1000000,0.25,L2_only,0.0090959216766506798,2.6257919144760109,-4.699929133317382,-2.0741372188413711
37a1,1,37,1000000,0.25,cP_only,0.0092415761509333297,2.6257919144760109,-4.684042828770167,-2.0582509142941561
37a1,1,37,1000000,0.25,cL2_only,0.0090959216766506798,2.6257919144760109,-4.699929133317382,-2.0741372188413711
37a1,1,37,1000000,0.25,PL2_only,0.0092415761509333297,2.6257919144760109,-4.684042828770167,-2.0582509142941561
37a1,1,37,1000000,0.25,all,0.0092415761509333297,2.6257919144760109,-4.684042828770167,-2.0582509142941561
37a1,1,37,1000000,0.5,sharp,0.0090959216766506798,2.6257919144760109,-4.699929133317382,-2.0741372188413711
37a1,1,37,1000000,0.5,c_only,0.0090959216766506798,2.6257919144760109,-4.699929133317382,-2.0741372188413711
37a1,1,37,1000000,0.5,P_only,0.0091946053934797399,2.6257919144760109,-4.6891383371833664,-2.0633464227073555
37a1,1,37,1000000,0.5,L2_only,0.0090959216766506798,2.6257919144760109,-4.699929133317382,-2.0741372188413711
37a1,1,37,1000000,0.5,cP_only,0.0091946053934797399,2.6257919144760109,-4.6891383371833664,-2.0633464227073555
37a1,1,37,1000000,0.5,cL2_only,0.0090959216766506798,2.6257919144760109,-4.699929133317382,-2.0741372188413711
37a1,1,37,1000000,0.5,PL2_only,0.0091946053934797399,2.6257919144760109,-4.6891383371833664,-2.0633464227073555
37a1,1,37,1000000,0.5,all,0.0091946053934797399,2.6257919144760109,-4.6891383371833664,-2.0633464227073555
37a1,1,37,1000000,0.65,sharp,0.0090959216766506798,2.6257919144760109,-4.699929133317382,-2.0741372188413711
37a1,1,37,1000000,0.65,c_only,0.0090959216766506798,2.6257919144760109,-4.699929133317382,-2.0741372188413711
37a1,1,37,1000000,0.65,P_only,0.0090887384936712331,2.6257919144760109,-4.7007191599976474,-2.0749272455216365
37a1,1,37,1000000,0.65,L2_only,0.0090959216766506798,2.6257919144760109,-4.699929133317382,-2.0741372188413711
37a1,1,37,1000000,0.65,cP_only,0.0090887384936712331,2.6257919144760109,-4.7007191599976474,-2.0749272455216365
37a1,1,37,1000000,0.65,cL2_only,0.0090959216766506798,2.6257919144760109,-4.699929133317382,-2.0741372188413711
37a1,1,37,1000000,0.65,PL2_only,0.0090887384936712331,2.6257919144760109,-4.7007191599976474,-2.0749272455216365
37a1,1,37,1000000,0.65,all,0.0090887384936712331,2.6257919144760109,-4.7007191599976474,-2.0749272455216365
37a1,1,37,1000000,0.75,sharp,0.0090959216766506798,2.6257919144760109,-4.699929133317382,-2.0741372188413711
37a1,1,37,1000000,0.75,c_only,0.0090959216766506798,2.6257919144760109,-4.699929133317382,-2.0741372188413711
37a1,1,37,1000000,0.75,P_only,0.0089785393184294241,2.6257919144760109,-4.7129180693161654,-2.0871261548401545
37a1,1,37,1000000,0.75,L2_only,0.0090959216766506798,2.6257919144760109,-4.699929133317382,-2.0741372188413711
37a1,1,37,1000000,0.75,cP_only,0.0089785393184294241,2.6257919144760109,-4.7129180693161654,-2.0871261548401545
37a1,1,37,1000000,0.75,cL2_only,0.0090959216766506798,2.6257919144760109,-4.699929133317382,-2.0741372188413711
37a1,1,37,1000000,0.75,PL2_only,0.0089785393184294241,2.6257919144760109,-4.7129180693161654,-2.0871261548401545
37a1,1,37,1000000,0.75,all,0.0089785393184294241,2.6257919144760109,-4.7129180693161654,-2.0871261548401545
37a1,1,37,1000000,0.85,sharp,0.0090959216766506798,2.6257919144760109,-4.699929133317382,-2.0741372188413711
37a1,1,37,1000000,0.85,c_only,0.0090959216766506798,2.6257919144760109,-4.699929133317382,-2.0741372188413711
37a1,1,37,1000000,0.85,P_only,0.0090339282211137593,2.6257919144760109,-4.7067679871970789,-2.080976072721068
37a1,1,37,1000000,0.85,L2_only,0.0090959216766506798,2.6257919144760109,-4.699929133317382,-2.0741372188413711
37a1,1,37,1000000,0.85,cP_only,0.0090339282211137593,2.6257919144760109,-4.7067679871970789,-2.080976072721068
37a1,1,37,1000000,0.85,cL2_only,0.0090959216766506798,2.6257919144760109,-4.699929133317382,-2.0741372188413711
37a1,1,37,1000000,0.85,PL2_only,0.0090339282211137593,2.6257919144760109,-4.7067679871970789,-2.080976072721068
37a1,1,37,1000000,0.85,all,0.0090339282211137593,2.6257919144760109,-4.7067679871970789,-2.080976072721068
37a1,1,37,1000000,0.92,sharp,0.0090959216766506798,2.6257919144760109,-4.699929133317382,-2.0741372188413711
37a1,1,37,1000000,0.92,c_only,0.0090959216766506798,2.6257919144760109,-4.699929133317382,-2.0741372188413711
37a1,1,37,1000000,0.92,P_only,0.0089944570057219324,2.6257919144760109,-4.7111467796361151,-2.0853548651601042
37a1,1,37,1000000,0.92,L2_only,0.0090959216766506798,2.6257919144760109,-4.699929133317382,-2.0741372188413711
37a1,1,37,1000000,0.92,cP_only,0.0089944570057219324,2.6257919144760109,-4.7111467796361151,-2.0853548651601042
37a1,1,37,1000000,0.92,cL2_only,0.0090959216766506798,2.6257919144760109,-4.699929133317382,-2.0741372188413711
37a1,1,37,1000000,0.92,PL2_only,0.0089944570057219324,2.6257919144760109,-4.7111467796361151,-2.0853548651601042
37a1,1,37,1000000,0.92,all,0.0089944570057219324,2.6257919144760109,-4.7111467796361151,-2.0853548651601042
11a1,0,11,1000,0,sharp,0.19182300422277243,1.9326447339160655,-1.6511821851285466,-1.6511821851285466
11a1,0,11,1000,0,c_only,0.19182300422277243,1.9326447339160655,-1.6511821851285466,-1.6511821851285466
11a1,0,11,1000,0,P_only,0.18126603981082226,1.9326447339160655,-1.7077894936548645,-1.7077894936548645
11a1,0,11,1000,0,L2_only,0.19182300422277243,1.9326447339160655,-1.6511821851285466,-1.6511821851285466
11a1,0,11,1000,0,cP_only,0.18126603981082226,1.9326447339160655,-1.7077894936548645,-1.7077894936548645
11a1,0,11,1000,0,cL2_only,0.19182300422277243,1.9326447339160655,-1.6511821851285466,-1.6511821851285466
11a1,0,11,1000,0,PL2_only,0.18126603981082226,1.9326447339160655,-1.7077894936548645,-1.7077894936548645
11a1,0,11,1000,0,all,0.18126603981082226,1.9326447339160655,-1.7077894936548645,-1.7077894936548645
11a1,0,11,1000,0.25,sharp,0.19182300422277243,1.9326447339160655,-1.6511821851285466,-1.6511821851285466
11a1,0,11,1000,0.25,c_only,0.19182300422277243,1.9326447339160655,-1.6511821851285466,-1.6511821851285466
11a1,0,11,1000,0.25,P_only,0.18197163787905149,1.9326447339160655,-1.7039044398783936,-1.7039044398783936
11a1,0,11,1000,0.25,L2_only,0.19182300422277243,1.9326447339160655,-1.6511821851285466,-1.6511821851285466
11a1,0,11,1000,0.25,cP_only,0.18197163787905149,1.9326447339160655,-1.7039044398783936,-1.7039044398783936
11a1,0,11,1000,0.25,cL2_only,0.19182300422277243,1.9326447339160655,-1.6511821851285466,-1.6511821851285466
11a1,0,11,1000,0.25,PL2_only,0.18197163787905149,1.9326447339160655,-1.7039044398783936,-1.7039044398783936
11a1,0,11,1000,0.25,all,0.18197163787905149,1.9326447339160655,-1.7039044398783936,-1.7039044398783936
11a1,0,11,1000,0.5,sharp,0.19182300422277243,1.9326447339160655,-1.6511821851285466,-1.6511821851285466
11a1,0,11,1000,0.5,c_only,0.19182300422277243,1.9326447339160655,-1.6511821851285466,-1.6511821851285466
11a1,0,11,1000,0.5,P_only,0.18459590237300819,1.9326447339160655,-1.689586154489066,-1.689586154489066
11a1,0,11,1000,0.5,L2_only,0.19182300422277243,1.9326447339160655,-1.6511821851285466,-1.6511821851285466
11a1,0,11,1000,0.5,cP_only,0.18459590237300819,1.9326447339160655,-1.689586154489066,-1.689586154489066
11a1,0,11,1000,0.5,cL2_only,0.19182300422277243,1.9326447339160655,-1.6511821851285466,-1.6511821851285466
11a1,0,11,1000,0.5,PL2_only,0.18459590237300819,1.9326447339160655,-1.689586154489066,-1.689586154489066
11a1,0,11,1000,0.5,all,0.18459590237300819,1.9326447339160655,-1.689586154489066,-1.689586154489066
11a1,0,11,1000,0.65,sharp,0.19182300422277243,1.9326447339160655,-1.6511821851285466,-1.6511821851285466
11a1,0,11,1000,0.65,c_only,0.19182300422277243,1.9326447339160655,-1.6511821851285466,-1.6511821851285466
11a1,0,11,1000,0.65,P_only,0.18265169780053192,1.9326447339160655,-1.7001742304074696,-1.7001742304074696
11a1,0,11,1000,0.65,L2_only,0.19182300422277243,1.9326447339160655,-1.6511821851285466,-1.6511821851285466
11a1,0,11,1000,0.65,cP_only,0.18265169780053192,1.9326447339160655,-1.7001742304074696,-1.7001742304074696
11a1,0,11,1000,0.65,cL2_only,0.19182300422277243,1.9326447339160655,-1.6511821851285466,-1.6511821851285466
11a1,0,11,1000,0.65,PL2_only,0.18265169780053192,1.9326447339160655,-1.7001742304074696,-1.7001742304074696
11a1,0,11,1000,0.65,all,0.18265169780053192,1.9326447339160655,-1.7001742304074696,-1.7001742304074696
11a1,0,11,1000,0.75,sharp,0.19182300422277243,1.9326447339160655,-1.6511821851285466,-1.6511821851285466
11a1,0,11,1000,0.75,c_only,0.19182300422277243,1.9326447339160655,-1.6511821851285466,-1.6511821851285466
11a1,0,11,1000,0.75,P_only,0.18163121376101621,1.9326447339160655,-1.7057769456410312,-1.7057769456410312
11a1,0,11,1000,0.75,L2_only,0.19182300422277243,1.9326447339160655,-1.6511821851285466,-1.6511821851285466
11a1,0,11,1000,0.75,cP_only,0.18163121376101621,1.9326447339160655,-1.7057769456410312,-1.7057769456410312
11a1,0,11,1000,0.75,cL2_only,0.19182300422277243,1.9326447339160655,-1.6511821851285466,-1.6511821851285466
11a1,0,11,1000,0.75,PL2_only,0.18163121376101621,1.9326447339160655,-1.7057769456410312,-1.7057769456410312
11a1,0,11,1000,0.75,all,0.18163121376101621,1.9326447339160655,-1.7057769456410312,-1.7057769456410312
11a1,0,11,1000,0.85,sharp,0.19182300422277243,1.9326447339160655,-1.6511821851285466,-1.6511821851285466
11a1,0,11,1000,0.85,c_only,0.19182300422277243,1.9326447339160655,-1.6511821851285466,-1.6511821851285466
11a1,0,11,1000,0.85,P_only,0.17855703501414397,1.9326447339160655,-1.7228472049105679,-1.7228472049105679
11a1,0,11,1000,0.85,L2_only,0.19182300422277243,1.9326447339160655,-1.6511821851285466,-1.6511821851285466
11a1,0,11,1000,0.85,cP_only,0.17855703501414397,1.9326447339160655,-1.7228472049105679,-1.7228472049105679
11a1,0,11,1000,0.85,cL2_only,0.19182300422277243,1.9326447339160655,-1.6511821851285466,-1.6511821851285466
11a1,0,11,1000,0.85,PL2_only,0.17855703501414397,1.9326447339160655,-1.7228472049105679,-1.7228472049105679
11a1,0,11,1000,0.85,all,0.17855703501414397,1.9326447339160655,-1.7228472049105679,-1.7228472049105679
11a1,0,11,1000,0.92,sharp,0.19182300422277243,1.9326447339160655,-1.6511821851285466,-1.6511821851285466
11a1,0,11,1000,0.92,c_only,0.19182300422277243,1.9326447339160655,-1.6511821851285466,-1.6511821851285466
11a1,0,11,1000,0.92,P_only,0.17944315856247467,1.9326447339160655,-1.7178967865929886,-1.7178967865929886
11a1,0,11,1000,0.92,L2_only,0.19182300422277243,1.9326447339160655,-1.6511821851285466,-1.6511821851285466
11a1,0,11,1000,0.92,cP_only,0.17944315856247467,1.9326447339160655,-1.7178967865929886,-1.7178967865929886
11a1,0,11,1000,0.92,cL2_only,0.19182300422277243,1.9326447339160655,-1.6511821851285466,-1.6511821851285466
11a1,0,11,1000,0.92,PL2_only,0.17944315856247467,1.9326447339160655,-1.7178967865929886,-1.7178967865929886
11a1,0,11,1000,0.92,all,0.17944315856247467,1.9326447339160655,-1.7178967865929886,-1.7178967865929886
11a1,0,11,3000,0,sharp,0.16297780937522358,2.0802371710391188,-1.814141226245412,-1.814141226245412
11a1,0,11,3000,0,c_only,0.16297780937522358,2.0802371710391188,-1.814141226245412,-1.814141226245412
11a1,0,11,3000,0,P_only,0.18200486766295731,2.0802371710391188,-1.7037218468621291,-1.7037218468621291
11a1,0,11,3000,0,L2_only,0.16297780937522358,2.0802371710391188,-1.814141226245412,-1.814141226245412
11a1,0,11,3000,0,cP_only,0.18200486766295731,2.0802371710391188,-1.7037218468621291,-1.7037218468621291
11a1,0,11,3000,0,cL2_only,0.16297780937522358,2.0802371710391188,-1.814141226245412,-1.814141226245412
11a1,0,11,3000,0,PL2_only,0.18200486766295731,2.0802371710391188,-1.7037218468621291,-1.7037218468621291
11a1,0,11,3000,0,all,0.18200486766295731,2.0802371710391188,-1.7037218468621291,-1.7037218468621291
11a1,0,11,3000,0.25,sharp,0.16297780937522358,2.0802371710391188,-1.814141226245412,-1.814141226245412
11a1,0,11,3000,0.25,c_only,0.16297780937522358,2.0802371710391188,-1.814141226245412,-1.814141226245412
11a1,0,11,3000,0.25,P_only,0.18271991818539787,2.0802371710391188,-1.6998008002740168,-1.6998008002740168
11a1,0,11,3000,0.25,L2_only,0.16297780937522358,2.0802371710391188,-1.814141226245412,-1.814141226245412
11a1,0,11,3000,0.25,cP_only,0.18271991818539787,2.0802371710391188,-1.6998008002740168,-1.6998008002740168
11a1,0,11,3000,0.25,cL2_only,0.16297780937522358,2.0802371710391188,-1.814141226245412,-1.814141226245412
11a1,0,11,3000,0.25,PL2_only,0.18271991818539787,2.0802371710391188,-1.6998008002740168,-1.6998008002740168
11a1,0,11,3000,0.25,all,0.18271991818539787,2.0802371710391188,-1.6998008002740168,-1.6998008002740168
11a1,0,11,3000,0.5,sharp,0.16297780937522358,2.0802371710391188,-1.814141226245412,-1.814141226245412
11a1,0,11,3000,0.5,c_only,0.16297780937522358,2.0802371710391188,-1.814141226245412,-1.814141226245412
11a1,0,11,3000,0.5,P_only,0.18556007261775742,2.0802371710391188,-1.6843766077548605,-1.6843766077548605
11a1,0,11,3000,0.5,L2_only,0.16297780937522358,2.0802371710391188,-1.814141226245412,-1.814141226245412
11a1,0,11,3000,0.5,cP_only,0.18556007261775742,2.0802371710391188,-1.6843766077548605,-1.6843766077548605
11a1,0,11,3000,0.5,cL2_only,0.16297780937522358,2.0802371710391188,-1.814141226245412,-1.814141226245412
11a1,0,11,3000,0.5,PL2_only,0.18556007261775742,2.0802371710391188,-1.6843766077548605,-1.6843766077548605
11a1,0,11,3000,0.5,all,0.18556007261775742,2.0802371710391188,-1.6843766077548605,-1.6843766077548605
11a1,0,11,3000,0.65,sharp,0.16297780937522358,2.0802371710391188,-1.814141226245412,-1.814141226245412
11a1,0,11,3000,0.65,c_only,0.16297780937522358,2.0802371710391188,-1.814141226245412,-1.814141226245412
11a1,0,11,3000,0.65,P_only,0.18756440411147121,2.0802371710391188,-1.6736330039558605,-1.6736330039558605
11a1,0,11,3000,0.65,L2_only,0.16297780937522358,2.0802371710391188,-1.814141226245412,-1.814141226245412
11a1,0,11,3000,0.65,cP_only,0.18756440411147121,2.0802371710391188,-1.6736330039558605,-1.6736330039558605
11a1,0,11,3000,0.65,cL2_only,0.16297780937522358,2.0802371710391188,-1.814141226245412,-1.814141226245412
11a1,0,11,3000,0.65,PL2_only,0.18756440411147121,2.0802371710391188,-1.6736330039558605,-1.6736330039558605
11a1,0,11,3000,0.65,all,0.18756440411147121,2.0802371710391188,-1.6736330039558605,-1.6736330039558605
11a1,0,11,3000,0.75,sharp,0.16297780937522358,2.0802371710391188,-1.814141226245412,-1.814141226245412
11a1,0,11,3000,0.75,c_only,0.16297780937522358,2.0802371710391188,-1.814141226245412,-1.814141226245412
11a1,0,11,3000,0.75,P_only,0.18673751585368029,2.0802371710391188,-1.6780513067154907,-1.6780513067154907
11a1,0,11,3000,0.75,L2_only,0.16297780937522358,2.0802371710391188,-1.814141226245412,-1.814141226245412
11a1,0,11,3000,0.75,cP_only,0.18673751585368029,2.0802371710391188,-1.6780513067154907,-1.6780513067154907
11a1,0,11,3000,0.75,cL2_only,0.16297780937522358,2.0802371710391188,-1.814141226245412,-1.814141226245412
11a1,0,11,3000,0.75,PL2_only,0.18673751585368029,2.0802371710391188,-1.6780513067154907,-1.6780513067154907
11a1,0,11,3000,0.75,all,0.18673751585368029,2.0802371710391188,-1.6780513067154907,-1.6780513067154907
11a1,0,11,3000,0.85,sharp,0.16297780937522358,2.0802371710391188,-1.814141226245412,-1.814141226245412
11a1,0,11,3000,0.85,c_only,0.16297780937522358,2.0802371710391188,-1.814141226245412,-1.814141226245412
11a1,0,11,3000,0.85,P_only,0.18768017204934767,2.0802371710391188,-1.6730159773609188,-1.6730159773609188
11a1,0,11,3000,0.85,L2_only,0.16297780937522358,2.0802371710391188,-1.814141226245412,-1.814141226245412
11a1,0,11,3000,0.85,cP_only,0.18768017204934767,2.0802371710391188,-1.6730159773609188,-1.6730159773609188
11a1,0,11,3000,0.85,cL2_only,0.16297780937522358,2.0802371710391188,-1.814141226245412,-1.814141226245412
11a1,0,11,3000,0.85,PL2_only,0.18768017204934767,2.0802371710391188,-1.6730159773609188,-1.6730159773609188
11a1,0,11,3000,0.85,all,0.18768017204934767,2.0802371710391188,-1.6730159773609188,-1.6730159773609188
11a1,0,11,3000,0.92,sharp,0.16297780937522358,2.0802371710391188,-1.814141226245412,-1.814141226245412
11a1,0,11,3000,0.92,c_only,0.16297780937522358,2.0802371710391188,-1.814141226245412,-1.814141226245412
11a1,0,11,3000,0.92,P_only,0.1823093424902012,2.0802371710391188,-1.7020503507214477,-1.7020503507214477
11a1,0,11,3000,0.92,L2_only,0.16297780937522358,2.0802371710391188,-1.814141226245412,-1.814141226245412
11a1,0,11,3000,0.92,cP_only,0.1823093424902012,2.0802371710391188,-1.7020503507214477,-1.7020503507214477
11a1,0,11,3000,0.92,cL2_only,0.16297780937522358,2.0802371710391188,-1.814141226245412,-1.814141226245412
11a1,0,11,3000,0.92,PL2_only,0.1823093424902012,2.0802371710391188,-1.7020503507214477,-1.7020503507214477
11a1,0,11,3000,0.92,all,0.1823093424902012,2.0802371710391188,-1.7020503507214477,-1.7020503507214477
11a1,0,11,10000,0,sharp,0.17639956041363156,2.2203268063678463,-1.7350036273987668,-1.7350036273987668
11a1,0,11,10000,0,c_only,0.17639956041363156,2.2203268063678463,-1.7350036273987668,-1.7350036273987668
11a1,0,11,10000,0,P_only,0.17991132938864737,2.2203268063678463,-1.71529116397383,-1.71529116397383
11a1,0,11,10000,0,L2_only,0.17639956041363156,2.2203268063678463,-1.7350036273987668,-1.7350036273987668
11a1,0,11,10000,0,cP_only,0.17991132938864737,2.2203268063678463,-1.71529116397383,-1.71529116397383
11a1,0,11,10000,0,cL2_only,0.17639956041363156,2.2203268063678463,-1.7350036273987668,-1.7350036273987668
11a1,0,11,10000,0,PL2_only,0.17991132938864737,2.2203268063678463,-1.71529116397383,-1.71529116397383
11a1,0,11,10000,0,all,0.17991132938864737,2.2203268063678463,-1.71529116397383,-1.71529116397383
11a1,0,11,10000,0.25,sharp,0.17639956041363156,2.2203268063678463,-1.7350036273987668,-1.7350036273987668
11a1,0,11,10000,0.25,c_only,0.17639956041363156,2.2203268063678463,-1.7350036273987668,-1.7350036273987668
11a1,0,11,10000,0.25,P_only,0.17927806233205798,2.2203268063678463,-1.7188172576019896,-1.7188172576019896
11a1,0,11,10000,0.25,L2_only,0.17639956041363156,2.2203268063678463,-1.7350036273987668,-1.7350036273987668
11a1,0,11,10000,0.25,cP_only,0.17927806233205798,2.2203268063678463,-1.7188172576019896,-1.7188172576019896
11a1,0,11,10000,0.25,cL2_only,0.17639956041363156,2.2203268063678463,-1.7350036273987668,-1.7350036273987668
11a1,0,11,10000,0.25,PL2_only,0.17927806233205798,2.2203268063678463,-1.7188172576019896,-1.7188172576019896
11a1,0,11,10000,0.25,all,0.17927806233205798,2.2203268063678463,-1.7188172576019896,-1.7188172576019896
11a1,0,11,10000,0.5,sharp,0.17639956041363156,2.2203268063678463,-1.7350036273987668,-1.7350036273987668
11a1,0,11,10000,0.5,c_only,0.17639956041363156,2.2203268063678463,-1.7350036273987668,-1.7350036273987668
11a1,0,11,10000,0.5,P_only,0.17672719563914646,2.2203268063678463,-1.7331480029584636,-1.7331480029584636
11a1,0,11,10000,0.5,L2_only,0.17639956041363156,2.2203268063678463,-1.7350036273987668,-1.7350036273987668
11a1,0,11,10000,0.5,cP_only,0.17672719563914646,2.2203268063678463,-1.7331480029584636,-1.7331480029584636
11a1,0,11,10000,0.5,cL2_only,0.17639956041363156,2.2203268063678463,-1.7350036273987668,-1.7350036273987668
11a1,0,11,10000,0.5,PL2_only,0.17672719563914646,2.2203268063678463,-1.7331480029584636,-1.7331480029584636
11a1,0,11,10000,0.5,all,0.17672719563914646,2.2203268063678463,-1.7331480029584636,-1.7331480029584636
11a1,0,11,10000,0.65,sharp,0.17639956041363156,2.2203268063678463,-1.7350036273987668,-1.7350036273987668
11a1,0,11,10000,0.65,c_only,0.17639956041363156,2.2203268063678463,-1.7350036273987668,-1.7350036273987668
11a1,0,11,10000,0.65,P_only,0.17200926612471587,2.2203268063678463,-1.7602069308016566,-1.7602069308016566
11a1,0,11,10000,0.65,L2_only,0.17639956041363156,2.2203268063678463,-1.7350036273987668,-1.7350036273987668
11a1,0,11,10000,0.65,cP_only,0.17200926612471587,2.2203268063678463,-1.7602069308016566,-1.7602069308016566
11a1,0,11,10000,0.65,cL2_only,0.17639956041363156,2.2203268063678463,-1.7350036273987668,-1.7350036273987668
11a1,0,11,10000,0.65,PL2_only,0.17200926612471587,2.2203268063678463,-1.7602069308016566,-1.7602069308016566
11a1,0,11,10000,0.65,all,0.17200926612471587,2.2203268063678463,-1.7602069308016566,-1.7602069308016566
11a1,0,11,10000,0.75,sharp,0.17639956041363156,2.2203268063678463,-1.7350036273987668,-1.7350036273987668
11a1,0,11,10000,0.75,c_only,0.17639956041363156,2.2203268063678463,-1.7350036273987668,-1.7350036273987668
11a1,0,11,10000,0.75,P_only,0.17562836907107998,2.2203268063678463,-1.739385055755249,-1.739385055755249
11a1,0,11,10000,0.75,L2_only,0.17639956041363156,2.2203268063678463,-1.7350036273987668,-1.7350036273987668
11a1,0,11,10000,0.75,cP_only,0.17562836907107998,2.2203268063678463,-1.739385055755249,-1.739385055755249
11a1,0,11,10000,0.75,cL2_only,0.17639956041363156,2.2203268063678463,-1.7350036273987668,-1.7350036273987668
11a1,0,11,10000,0.75,PL2_only,0.17562836907107998,2.2203268063678463,-1.739385055755249,-1.739385055755249
11a1,0,11,10000,0.75,all,0.17562836907107998,2.2203268063678463,-1.739385055755249,-1.739385055755249
11a1,0,11,10000,0.85,sharp,0.17639956041363156,2.2203268063678463,-1.7350036273987668,-1.7350036273987668
11a1,0,11,10000,0.85,c_only,0.17639956041363156,2.2203268063678463,-1.7350036273987668,-1.7350036273987668
11a1,0,11,10000,0.85,P_only,0.18249139572131731,2.2203268063678463,-1.7010522538035409,-1.7010522538035409
11a1,0,11,10000,0.85,L2_only,0.17639956041363156,2.2203268063678463,-1.7350036273987668,-1.7350036273987668
11a1,0,11,10000,0.85,cP_only,0.18249139572131731,2.2203268063678463,-1.7010522538035409,-1.7010522538035409
11a1,0,11,10000,0.85,cL2_only,0.17639956041363156,2.2203268063678463,-1.7350036273987668,-1.7350036273987668
11a1,0,11,10000,0.85,PL2_only,0.18249139572131731,2.2203268063678463,-1.7010522538035409,-1.7010522538035409
11a1,0,11,10000,0.85,all,0.18249139572131731,2.2203268063678463,-1.7010522538035409,-1.7010522538035409
11a1,0,11,10000,0.92,sharp,0.17639956041363156,2.2203268063678463,-1.7350036273987668,-1.7350036273987668
11a1,0,11,10000,0.92,c_only,0.17639956041363156,2.2203268063678463,-1.7350036273987668,-1.7350036273987668
11a1,0,11,10000,0.92,P_only,0.18315901364638151,2.2203268063678463,-1.6974005764098528,-1.6974005764098528
11a1,0,11,10000,0.92,L2_only,0.17639956041363156,2.2203268063678463,-1.7350036273987668,-1.7350036273987668
11a1,0,11,10000,0.92,cP_only,0.18315901364638151,2.2203268063678463,-1.6974005764098528,-1.6974005764098528
11a1,0,11,10000,0.92,cL2_only,0.17639956041363156,2.2203268063678463,-1.7350036273987668,-1.7350036273987668
11a1,0,11,10000,0.92,PL2_only,0.18315901364638151,2.2203268063678463,-1.6974005764098528,-1.6974005764098528
11a1,0,11,10000,0.92,all,0.18315901364638151,2.2203268063678463,-1.6974005764098528,-1.6974005764098528
11a1,0,11,30000,0,sharp,0.16956096834235354,2.3330127080622156,-1.7745427216013308,-1.7745427216013308
11a1,0,11,30000,0,c_only,0.16956096834235354,2.3330127080622156,-1.7745427216013308,-1.7745427216013308
11a1,0,11,30000,0,P_only,0.17832445092084492,2.3330127080622156,-1.7241506299151916,-1.7241506299151916
11a1,0,11,30000,0,L2_only,0.16956096834235354,2.3330127080622156,-1.7745427216013308,-1.7745427216013308
11a1,0,11,30000,0,cP_only,0.17832445092084492,2.3330127080622156,-1.7241506299151916,-1.7241506299151916
11a1,0,11,30000,0,cL2_only,0.16956096834235354,2.3330127080622156,-1.7745427216013308,-1.7745427216013308
11a1,0,11,30000,0,PL2_only,0.17832445092084492,2.3330127080622156,-1.7241506299151916,-1.7241506299151916
11a1,0,11,30000,0,all,0.17832445092084492,2.3330127080622156,-1.7241506299151916,-1.7241506299151916
11a1,0,11,30000,0.25,sharp,0.16956096834235354,2.3330127080622156,-1.7745427216013308,-1.7745427216013308
11a1,0,11,30000,0.25,c_only,0.16956096834235354,2.3330127080622156,-1.7745427216013308,-1.7745427216013308
11a1,0,11,30000,0.25,P_only,0.17782270680270718,2.3330127080622156,-1.7269682542550326,-1.7269682542550326
11a1,0,11,30000,0.25,L2_only,0.16956096834235354,2.3330127080622156,-1.7745427216013308,-1.7745427216013308
11a1,0,11,30000,0.25,cP_only,0.17782270680270718,2.3330127080622156,-1.7269682542550326,-1.7269682542550326
11a1,0,11,30000,0.25,cL2_only,0.16956096834235354,2.3330127080622156,-1.7745427216013308,-1.7745427216013308
11a1,0,11,30000,0.25,PL2_only,0.17782270680270718,2.3330127080622156,-1.7269682542550326,-1.7269682542550326
11a1,0,11,30000,0.25,all,0.17782270680270718,2.3330127080622156,-1.7269682542550326,-1.7269682542550326
11a1,0,11,30000,0.5,sharp,0.16956096834235354,2.3330127080622156,-1.7745427216013308,-1.7745427216013308
11a1,0,11,30000,0.5,c_only,0.16956096834235354,2.3330127080622156,-1.7745427216013308,-1.7745427216013308
11a1,0,11,30000,0.5,P_only,0.1766968409368492,2.3330127080622156,-1.7333197779326051,-1.7333197779326051
11a1,0,11,30000,0.5,L2_only,0.16956096834235354,2.3330127080622156,-1.7745427216013308,-1.7745427216013308
11a1,0,11,30000,0.5,cP_only,0.1766968409368492,2.3330127080622156,-1.7333197779326051,-1.7333197779326051
11a1,0,11,30000,0.5,cL2_only,0.16956096834235354,2.3330127080622156,-1.7745427216013308,-1.7745427216013308
11a1,0,11,30000,0.5,PL2_only,0.1766968409368492,2.3330127080622156,-1.7333197779326051,-1.7333197779326051
11a1,0,11,30000,0.5,all,0.1766968409368492,2.3330127080622156,-1.7333197779326051,-1.7333197779326051
11a1,0,11,30000,0.65,sharp,0.16956096834235354,2.3330127080622156,-1.7745427216013308,-1.7745427216013308
11a1,0,11,30000,0.65,c_only,0.16956096834235354,2.3330127080622156,-1.7745427216013308,-1.7745427216013308
11a1,0,11,30000,0.65,P_only,0.1749840527827031,2.3330127080622156,-1.7430604361669186,-1.7430604361669186
11a1,0,11,30000,0.65,L2_only,0.16956096834235354,2.3330127080622156,-1.7745427216013308,-1.7745427216013308
11a1,0,11,30000,0.65,cP_only,0.1749840527827031,2.3330127080622156,-1.7430604361669186,-1.7430604361669186
11a1,0,11,30000,0.65,cL2_only,0.16956096834235354,2.3330127080622156,-1.7745427216013308,-1.7745427216013308
11a1,0,11,30000,0.65,PL2_only,0.1749840527827031,2.3330127080622156,-1.7430604361669186,-1.7430604361669186
11a1,0,11,30000,0.65,all,0.1749840527827031,2.3330127080622156,-1.7430604361669186,-1.7430604361669186
11a1,0,11,30000,0.75,sharp,0.16956096834235354,2.3330127080622156,-1.7745427216013308,-1.7745427216013308
11a1,0,11,30000,0.75,c_only,0.16956096834235354,2.3330127080622156,-1.7745427216013308,-1.7745427216013308
11a1,0,11,30000,0.75,P_only,0.17552923067164261,2.3330127080622156,-1.7399496934116399,-1.7399496934116399
11a1,0,11,30000,0.75,L2_only,0.16956096834235354,2.3330127080622156,-1.7745427216013308,-1.7745427216013308
11a1,0,11,30000,0.75,cP_only,0.17552923067164261,2.3330127080622156,-1.7399496934116399,-1.7399496934116399
11a1,0,11,30000,0.75,cL2_only,0.16956096834235354,2.3330127080622156,-1.7745427216013308,-1.7745427216013308
11a1,0,11,30000,0.75,PL2_only,0.17552923067164261,2.3330127080622156,-1.7399496934116399,-1.7399496934116399
11a1,0,11,30000,0.75,all,0.17552923067164261,2.3330127080622156,-1.7399496934116399,-1.7399496934116399
11a1,0,11,30000,0.85,sharp,0.16956096834235354,2.3330127080622156,-1.7745427216013308,-1.7745427216013308
11a1,0,11,30000,0.85,c_only,0.16956096834235354,2.3330127080622156,-1.7745427216013308,-1.7745427216013308
11a1,0,11,30000,0.85,P_only,0.17043542115871765,2.3330127080622156,-1.7693988155392801,-1.7693988155392801
11a1,0,11,30000,0.85,L2_only,0.16956096834235354,2.3330127080622156,-1.7745427216013308,-1.7745427216013308
11a1,0,11,30000,0.85,cP_only,0.17043542115871765,2.3330127080622156,-1.7693988155392801,-1.7693988155392801
11a1,0,11,30000,0.85,cL2_only,0.16956096834235354,2.3330127080622156,-1.7745427216013308,-1.7745427216013308
11a1,0,11,30000,0.85,PL2_only,0.17043542115871765,2.3330127080622156,-1.7693988155392801,-1.7693988155392801
11a1,0,11,30000,0.85,all,0.17043542115871765,2.3330127080622156,-1.7693988155392801,-1.7693988155392801
11a1,0,11,30000,0.92,sharp,0.16956096834235354,2.3330127080622156,-1.7745427216013308,-1.7745427216013308
11a1,0,11,30000,0.92,c_only,0.16956096834235354,2.3330127080622156,-1.7745427216013308,-1.7745427216013308
11a1,0,11,30000,0.92,P_only,0.16734928066235644,2.3330127080622156,-1.7876721497364512,-1.7876721497364512
11a1,0,11,30000,0.92,L2_only,0.16956096834235354,2.3330127080622156,-1.7745427216013308,-1.7745427216013308
11a1,0,11,30000,0.92,cP_only,0.16734928066235644,2.3330127080622156,-1.7876721497364512,-1.7876721497364512
11a1,0,11,30000,0.92,cL2_only,0.16956096834235354,2.3330127080622156,-1.7745427216013308,-1.7745427216013308
11a1,0,11,30000,0.92,PL2_only,0.16734928066235644,2.3330127080622156,-1.7876721497364512,-1.7876721497364512
11a1,0,11,30000,0.92,all,0.16734928066235644,2.3330127080622156,-1.7876721497364512,-1.7876721497364512
11a1,0,11,100000,0,sharp,0.17974744562515546,2.443470357682056,-1.7162024931904076,-1.7162024931904076
11a1,0,11,100000,0,c_only,0.17974744562515546,2.443470357682056,-1.7162024931904076,-1.7162024931904076
11a1,0,11,100000,0,P_only,0.17929800997424419,2.443470357682056,-1.7187059972935228,-1.7187059972935228
11a1,0,11,100000,0,L2_only,0.17974744562515546,2.443470357682056,-1.7162024931904076,-1.7162024931904076
11a1,0,11,100000,0,cP_only,0.17929800997424419,2.443470357682056,-1.7187059972935228,-1.7187059972935228
11a1,0,11,100000,0,cL2_only,0.17974744562515546,2.443470357682056,-1.7162024931904076,-1.7162024931904076
11a1,0,11,100000,0,PL2_only,0.17929800997424419,2.443470357682056,-1.7187059972935228,-1.7187059972935228
11a1,0,11,100000,0,all,0.17929800997424419,2.443470357682056,-1.7187059972935228,-1.7187059972935228
11a1,0,11,100000,0.25,sharp,0.17974744562515546,2.443470357682056,-1.7162024931904076,-1.7162024931904076
11a1,0,11,100000,0.25,c_only,0.17974744562515546,2.443470357682056,-1.7162024931904076,-1.7162024931904076
11a1,0,11,100000,0.25,P_only,0.17918333048943966,2.443470357682056,-1.7193458045904284,-1.7193458045904284
11a1,0,11,100000,0.25,L2_only,0.17974744562515546,2.443470357682056,-1.7162024931904076,-1.7162024931904076
11a1,0,11,100000,0.25,cP_only,0.17918333048943966,2.443470357682056,-1.7193458045904284,-1.7193458045904284
11a1,0,11,100000,0.25,cL2_only,0.17974744562515546,2.443470357682056,-1.7162024931904076,-1.7162024931904076
11a1,0,11,100000,0.25,PL2_only,0.17918333048943966,2.443470357682056,-1.7193458045904284,-1.7193458045904284
11a1,0,11,100000,0.25,all,0.17918333048943966,2.443470357682056,-1.7193458045904284,-1.7193458045904284
11a1,0,11,100000,0.5,sharp,0.17974744562515546,2.443470357682056,-1.7162024931904076,-1.7162024931904076
11a1,0,11,100000,0.5,c_only,0.17974744562515546,2.443470357682056,-1.7162024931904076,-1.7162024931904076
11a1,0,11,100000,0.5,P_only,0.1770732418238477,2.443470357682056,-1.7311918363831442,-1.7311918363831442
11a1,0,11,100000,0.5,L2_only,0.17974744562515546,2.443470357682056,-1.7162024931904076,-1.7162024931904076
11a1,0,11,100000,0.5,cP_only,0.1770732418238477,2.443470357682056,-1.7311918363831442,-1.7311918363831442
11a1,0,11,100000,0.5,cL2_only,0.17974744562515546,2.443470357682056,-1.7162024931904076,-1.7162024931904076
11a1,0,11,100000,0.5,PL2_only,0.1770732418238477,2.443470357682056,-1.7311918363831442,-1.7311918363831442
11a1,0,11,100000,0.5,all,0.1770732418238477,2.443470357682056,-1.7311918363831442,-1.7311918363831442
11a1,0,11,100000,0.65,sharp,0.17974744562515546,2.443470357682056,-1.7162024931904076,-1.7162024931904076
11a1,0,11,100000,0.65,c_only,0.17974744562515546,2.443470357682056,-1.7162024931904076,-1.7162024931904076
11a1,0,11,100000,0.65,P_only,0.17879654438624151,2.443470357682056,-1.7215067431283593,-1.7215067431283593
11a1,0,11,100000,0.65,L2_only,0.17974744562515546,2.443470357682056,-1.7162024931904076,-1.7162024931904076
11a1,0,11,100000,0.65,cP_only,0.17879654438624151,2.443470357682056,-1.7215067431283593,-1.7215067431283593
11a1,0,11,100000,0.65,cL2_only,0.17974744562515546,2.443470357682056,-1.7162024931904076,-1.7162024931904076
11a1,0,11,100000,0.65,PL2_only,0.17879654438624151,2.443470357682056,-1.7215067431283593,-1.7215067431283593
11a1,0,11,100000,0.65,all,0.17879654438624151,2.443470357682056,-1.7215067431283593,-1.7215067431283593
11a1,0,11,100000,0.75,sharp,0.17974744562515546,2.443470357682056,-1.7162024931904076,-1.7162024931904076
11a1,0,11,100000,0.75,c_only,0.17974744562515546,2.443470357682056,-1.7162024931904076,-1.7162024931904076
11a1,0,11,100000,0.75,P_only,0.18421504131020724,2.443470357682056,-1.6916515010017403,-1.6916515010017403
11a1,0,11,100000,0.75,L2_only,0.17974744562515546,2.443470357682056,-1.7162024931904076,-1.7162024931904076
11a1,0,11,100000,0.75,cP_only,0.18421504131020724,2.443470357682056,-1.6916515010017403,-1.6916515010017403
11a1,0,11,100000,0.75,cL2_only,0.17974744562515546,2.443470357682056,-1.7162024931904076,-1.7162024931904076
11a1,0,11,100000,0.75,PL2_only,0.18421504131020724,2.443470357682056,-1.6916515010017403,-1.6916515010017403
11a1,0,11,100000,0.75,all,0.18421504131020724,2.443470357682056,-1.6916515010017403,-1.6916515010017403
11a1,0,11,100000,0.85,sharp,0.17974744562515546,2.443470357682056,-1.7162024931904076,-1.7162024931904076
11a1,0,11,100000,0.85,c_only,0.17974744562515546,2.443470357682056,-1.7162024931904076,-1.7162024931904076
11a1,0,11,100000,0.85,P_only,0.18510196256588587,2.443470357682056,-1.6868484567258528,-1.6868484567258528
11a1,0,11,100000,0.85,L2_only,0.17974744562515546,2.443470357682056,-1.7162024931904076,-1.7162024931904076
11a1,0,11,100000,0.85,cP_only,0.18510196256588587,2.443470357682056,-1.6868484567258528,-1.6868484567258528
11a1,0,11,100000,0.85,cL2_only,0.17974744562515546,2.443470357682056,-1.7162024931904076,-1.7162024931904076
11a1,0,11,100000,0.85,PL2_only,0.18510196256588587,2.443470357682056,-1.6868484567258528,-1.6868484567258528
11a1,0,11,100000,0.85,all,0.18510196256588587,2.443470357682056,-1.6868484567258528,-1.6868484567258528
11a1,0,11,100000,0.92,sharp,0.17974744562515546,2.443470357682056,-1.7162024931904076,-1.7162024931904076
11a1,0,11,100000,0.92,c_only,0.17974744562515546,2.443470357682056,-1.7162024931904076,-1.7162024931904076
11a1,0,11,100000,0.92,P_only,0.18567490115056121,2.443470357682056,-1.6837579778057461,-1.6837579778057461
11a1,0,11,100000,0.92,L2_only,0.17974744562515546,2.443470357682056,-1.7162024931904076,-1.7162024931904076
11a1,0,11,100000,0.92,cP_only,0.18567490115056121,2.443470357682056,-1.6837579778057461,-1.6837579778057461
11a1,0,11,100000,0.92,cL2_only,0.17974744562515546,2.443470357682056,-1.7162024931904076,-1.7162024931904076
11a1,0,11,100000,0.92,PL2_only,0.18567490115056121,2.443470357682056,-1.6837579778057461,-1.6837579778057461
11a1,0,11,100000,0.92,all,0.18567490115056121,2.443470357682056,-1.6837579778057461,-1.6837579778057461
11a1,0,11,300000,0,sharp,0.17921537527889858,2.5346120896979718,-1.7191669825744524,-1.7191669825744524
11a1,0,11,300000,0,c_only,0.17921537527889858,2.5346120896979718,-1.7191669825744524,-1.7191669825744524
11a1,0,11,300000,0,P_only,0.17954011877161033,2.5346120896979718,-1.7173565931209498,-1.7173565931209498
11a1,0,11,300000,0,L2_only,0.17921537527889858,2.5346120896979718,-1.7191669825744524,-1.7191669825744524
11a1,0,11,300000,0,cP_only,0.17954011877161033,2.5346120896979718,-1.7173565931209498,-1.7173565931209498
11a1,0,11,300000,0,cL2_only,0.17921537527889858,2.5346120896979718,-1.7191669825744524,-1.7191669825744524
11a1,0,11,300000,0,PL2_only,0.17954011877161033,2.5346120896979718,-1.7173565931209498,-1.7173565931209498
11a1,0,11,300000,0,all,0.17954011877161033,2.5346120896979718,-1.7173565931209498,-1.7173565931209498
11a1,0,11,300000,0.25,sharp,0.17921537527889858,2.5346120896979718,-1.7191669825744524,-1.7191669825744524
11a1,0,11,300000,0.25,c_only,0.17921537527889858,2.5346120896979718,-1.7191669825744524,-1.7191669825744524
11a1,0,11,300000,0.25,P_only,0.17957454417405874,2.5346120896979718,-1.717164869384183,-1.717164869384183
11a1,0,11,300000,0.25,L2_only,0.17921537527889858,2.5346120896979718,-1.7191669825744524,-1.7191669825744524
11a1,0,11,300000,0.25,cP_only,0.17957454417405874,2.5346120896979718,-1.717164869384183,-1.717164869384183
11a1,0,11,300000,0.25,cL2_only,0.17921537527889858,2.5346120896979718,-1.7191669825744524,-1.7191669825744524
11a1,0,11,300000,0.25,PL2_only,0.17957454417405874,2.5346120896979718,-1.717164869384183,-1.717164869384183
11a1,0,11,300000,0.25,all,0.17957454417405874,2.5346120896979718,-1.717164869384183,-1.717164869384183
11a1,0,11,300000,0.5,sharp,0.17921537527889858,2.5346120896979718,-1.7191669825744524,-1.7191669825744524
11a1,0,11,300000,0.5,c_only,0.17921537527889858,2.5346120896979718,-1.7191669825744524,-1.7191669825744524
11a1,0,11,300000,0.5,P_only,0.18081102654403028,2.5346120896979718,-1.7103028453614328,-1.7103028453614328
11a1,0,11,300000,0.5,L2_only,0.17921537527889858,2.5346120896979718,-1.7191669825744524,-1.7191669825744524
11a1,0,11,300000,0.5,cP_only,0.18081102654403028,2.5346120896979718,-1.7103028453614328,-1.7103028453614328
11a1,0,11,300000,0.5,cL2_only,0.17921537527889858,2.5346120896979718,-1.7191669825744524,-1.7191669825744524
11a1,0,11,300000,0.5,PL2_only,0.18081102654403028,2.5346120896979718,-1.7103028453614328,-1.7103028453614328
11a1,0,11,300000,0.5,all,0.18081102654403028,2.5346120896979718,-1.7103028453614328,-1.7103028453614328
11a1,0,11,300000,0.65,sharp,0.17921537527889858,2.5346120896979718,-1.7191669825744524,-1.7191669825744524
11a1,0,11,300000,0.65,c_only,0.17921537527889858,2.5346120896979718,-1.7191669825744524,-1.7191669825744524
11a1,0,11,300000,0.65,P_only,0.18447172743079934,2.5346120896979718,-1.6902590661012846,-1.6902590661012846
11a1,0,11,300000,0.65,L2_only,0.17921537527889858,2.5346120896979718,-1.7191669825744524,-1.7191669825744524
11a1,0,11,300000,0.65,cP_only,0.18447172743079934,2.5346120896979718,-1.6902590661012846,-1.6902590661012846
11a1,0,11,300000,0.65,cL2_only,0.17921537527889858,2.5346120896979718,-1.7191669825744524,-1.7191669825744524
11a1,0,11,300000,0.65,PL2_only,0.18447172743079934,2.5346120896979718,-1.6902590661012846,-1.6902590661012846
11a1,0,11,300000,0.65,all,0.18447172743079934,2.5346120896979718,-1.6902590661012846,-1.6902590661012846
11a1,0,11,300000,0.75,sharp,0.17921537527889858,2.5346120896979718,-1.7191669825744524,-1.7191669825744524
11a1,0,11,300000,0.75,c_only,0.17921537527889858,2.5346120896979718,-1.7191669825744524,-1.7191669825744524
11a1,0,11,300000,0.75,P_only,0.18558980271864078,2.5346120896979718,-1.6842164023881201,-1.6842164023881201
11a1,0,11,300000,0.75,L2_only,0.17921537527889858,2.5346120896979718,-1.7191669825744524,-1.7191669825744524
11a1,0,11,300000,0.75,cP_only,0.18558980271864078,2.5346120896979718,-1.6842164023881201,-1.6842164023881201
11a1,0,11,300000,0.75,cL2_only,0.17921537527889858,2.5346120896979718,-1.7191669825744524,-1.7191669825744524
11a1,0,11,300000,0.75,PL2_only,0.18558980271864078,2.5346120896979718,-1.6842164023881201,-1.6842164023881201
11a1,0,11,300000,0.75,all,0.18558980271864078,2.5346120896979718,-1.6842164023881201,-1.6842164023881201
11a1,0,11,300000,0.85,sharp,0.17921537527889858,2.5346120896979718,-1.7191669825744524,-1.7191669825744524
11a1,0,11,300000,0.85,c_only,0.17921537527889858,2.5346120896979718,-1.7191669825744524,-1.7191669825744524
11a1,0,11,300000,0.85,P_only,0.18275714948252392,2.5346120896979718,-1.6995970594620835,-1.6995970594620835
11a1,0,11,300000,0.85,L2_only,0.17921537527889858,2.5346120896979718,-1.7191669825744524,-1.7191669825744524
11a1,0,11,300000,0.85,cP_only,0.18275714948252392,2.5346120896979718,-1.6995970594620835,-1.6995970594620835
11a1,0,11,300000,0.85,cL2_only,0.17921537527889858,2.5346120896979718,-1.7191669825744524,-1.7191669825744524
11a1,0,11,300000,0.85,PL2_only,0.18275714948252392,2.5346120896979718,-1.6995970594620835,-1.6995970594620835
11a1,0,11,300000,0.85,all,0.18275714948252392,2.5346120896979718,-1.6995970594620835,-1.6995970594620835
11a1,0,11,300000,0.92,sharp,0.17921537527889858,2.5346120896979718,-1.7191669825744524,-1.7191669825744524
11a1,0,11,300000,0.92,c_only,0.17921537527889858,2.5346120896979718,-1.7191669825744524,-1.7191669825744524
11a1,0,11,300000,0.92,P_only,0.17872593296474679,2.5346120896979718,-1.7219017472295617,-1.7219017472295617
11a1,0,11,300000,0.92,L2_only,0.17921537527889858,2.5346120896979718,-1.7191669825744524,-1.7191669825744524
11a1,0,11,300000,0.92,cP_only,0.17872593296474679,2.5346120896979718,-1.7219017472295617,-1.7219017472295617
11a1,0,11,300000,0.92,cL2_only,0.17921537527889858,2.5346120896979718,-1.7191669825744524,-1.7191669825744524
11a1,0,11,300000,0.92,PL2_only,0.17872593296474679,2.5346120896979718,-1.7219017472295617,-1.7219017472295617
11a1,0,11,300000,0.92,all,0.17872593296474679,2.5346120896979718,-1.7219017472295617,-1.7219017472295617
11a1,0,11,1000000,0,sharp,0.17554856726446896,2.6257919144760109,-1.7398395378110318,-1.7398395378110318
11a1,0,11,1000000,0,c_only,0.17554856726446896,2.6257919144760109,-1.7398395378110318,-1.7398395378110318
11a1,0,11,1000000,0,P_only,0.17996427679101973,2.6257919144760109,-1.714996910060282,-1.714996910060282
11a1,0,11,1000000,0,L2_only,0.17554856726446896,2.6257919144760109,-1.7398395378110318,-1.7398395378110318
11a1,0,11,1000000,0,cP_only,0.17996427679101973,2.6257919144760109,-1.714996910060282,-1.714996910060282
11a1,0,11,1000000,0,cL2_only,0.17554856726446896,2.6257919144760109,-1.7398395378110318,-1.7398395378110318
11a1,0,11,1000000,0,PL2_only,0.17996427679101973,2.6257919144760109,-1.714996910060282,-1.714996910060282
11a1,0,11,1000000,0,all,0.17996427679101973,2.6257919144760109,-1.714996910060282,-1.714996910060282
11a1,0,11,1000000,0.25,sharp,0.17554856726446896,2.6257919144760109,-1.7398395378110318,-1.7398395378110318
11a1,0,11,1000000,0.25,c_only,0.17554856726446896,2.6257919144760109,-1.7398395378110318,-1.7398395378110318
11a1,0,11,1000000,0.25,P_only,0.18037595509221555,2.6257919144760109,-1.7127119668655828,-1.7127119668655828
11a1,0,11,1000000,0.25,L2_only,0.17554856726446896,2.6257919144760109,-1.7398395378110318,-1.7398395378110318
11a1,0,11,1000000,0.25,cP_only,0.18037595509221555,2.6257919144760109,-1.7127119668655828,-1.7127119668655828
11a1,0,11,1000000,0.25,cL2_only,0.17554856726446896,2.6257919144760109,-1.7398395378110318,-1.7398395378110318
11a1,0,11,1000000,0.25,PL2_only,0.18037595509221555,2.6257919144760109,-1.7127119668655828,-1.7127119668655828
11a1,0,11,1000000,0.25,all,0.18037595509221555,2.6257919144760109,-1.7127119668655828,-1.7127119668655828
11a1,0,11,1000000,0.5,sharp,0.17554856726446896,2.6257919144760109,-1.7398395378110318,-1.7398395378110318
11a1,0,11,1000000,0.5,c_only,0.17554856726446896,2.6257919144760109,-1.7398395378110318,-1.7398395378110318
11a1,0,11,1000000,0.5,P_only,0.18281244556554344,2.6257919144760109,-1.6992945393171357,-1.6992945393171357
11a1,0,11,1000000,0.5,L2_only,0.17554856726446896,2.6257919144760109,-1.7398395378110318,-1.7398395378110318
11a1,0,11,1000000,0.5,cP_only,0.18281244556554344,2.6257919144760109,-1.6992945393171357,-1.6992945393171357
11a1,0,11,1000000,0.5,cL2_only,0.17554856726446896,2.6257919144760109,-1.7398395378110318,-1.7398395378110318
11a1,0,11,1000000,0.5,PL2_only,0.18281244556554344,2.6257919144760109,-1.6992945393171357,-1.6992945393171357
11a1,0,11,1000000,0.5,all,0.18281244556554344,2.6257919144760109,-1.6992945393171357,-1.6992945393171357
11a1,0,11,1000000,0.65,sharp,0.17554856726446896,2.6257919144760109,-1.7398395378110318,-1.7398395378110318
11a1,0,11,1000000,0.65,c_only,0.17554856726446896,2.6257919144760109,-1.7398395378110318,-1.7398395378110318
11a1,0,11,1000000,0.65,P_only,0.18711314513621982,2.6257919144760109,-1.6760417908946601,-1.6760417908946601
11a1,0,11,1000000,0.65,L2_only,0.17554856726446896,2.6257919144760109,-1.7398395378110318,-1.7398395378110318
11a1,0,11,1000000,0.65,cP_only,0.18711314513621982,2.6257919144760109,-1.6760417908946601,-1.6760417908946601
11a1,0,11,1000000,0.65,cL2_only,0.17554856726446896,2.6257919144760109,-1.7398395378110318,-1.7398395378110318
11a1,0,11,1000000,0.65,PL2_only,0.18711314513621982,2.6257919144760109,-1.6760417908946601,-1.6760417908946601
11a1,0,11,1000000,0.65,all,0.18711314513621982,2.6257919144760109,-1.6760417908946601,-1.6760417908946601
11a1,0,11,1000000,0.75,sharp,0.17554856726446896,2.6257919144760109,-1.7398395378110318,-1.7398395378110318
11a1,0,11,1000000,0.75,c_only,0.17554856726446896,2.6257919144760109,-1.7398395378110318,-1.7398395378110318
11a1,0,11,1000000,0.75,P_only,0.1885062943505913,2.6257919144760109,-1.6686238808712395,-1.6686238808712395
11a1,0,11,1000000,0.75,L2_only,0.17554856726446896,2.6257919144760109,-1.7398395378110318,-1.7398395378110318
11a1,0,11,1000000,0.75,cP_only,0.1885062943505913,2.6257919144760109,-1.6686238808712395,-1.6686238808712395
11a1,0,11,1000000,0.75,cL2_only,0.17554856726446896,2.6257919144760109,-1.7398395378110318,-1.7398395378110318
11a1,0,11,1000000,0.75,PL2_only,0.1885062943505913,2.6257919144760109,-1.6686238808712395,-1.6686238808712395
11a1,0,11,1000000,0.75,all,0.1885062943505913,2.6257919144760109,-1.6686238808712395,-1.6686238808712395
11a1,0,11,1000000,0.85,sharp,0.17554856726446896,2.6257919144760109,-1.7398395378110318,-1.7398395378110318
11a1,0,11,1000000,0.85,c_only,0.17554856726446896,2.6257919144760109,-1.7398395378110318,-1.7398395378110318
11a1,0,11,1000000,0.85,P_only,0.18556751230226257,2.6257919144760109,-1.6843365154264622,-1.6843365154264622
11a1,0,11,1000000,0.85,L2_only,0.17554856726446896,2.6257919144760109,-1.7398395378110318,-1.7398395378110318
11a1,0,11,1000000,0.85,cP_only,0.18556751230226257,2.6257919144760109,-1.6843365154264622,-1.6843365154264622
11a1,0,11,1000000,0.85,cL2_only,0.17554856726446896,2.6257919144760109,-1.7398395378110318,-1.7398395378110318
11a1,0,11,1000000,0.85,PL2_only,0.18556751230226257,2.6257919144760109,-1.6843365154264622,-1.6843365154264622
11a1,0,11,1000000,0.85,all,0.18556751230226257,2.6257919144760109,-1.6843365154264622,-1.6843365154264622
11a1,0,11,1000000,0.92,sharp,0.17554856726446896,2.6257919144760109,-1.7398395378110318,-1.7398395378110318
11a1,0,11,1000000,0.92,c_only,0.17554856726446896,2.6257919144760109,-1.7398395378110318,-1.7398395378110318
11a1,0,11,1000000,0.92,P_only,0.18161777349043434,2.6257919144760109,-1.7058509459607001,-1.7058509459607001
11a1,0,11,1000000,0.92,L2_only,0.17554856726446896,2.6257919144760109,-1.7398395378110318,-1.7398395378110318
11a1,0,11,1000000,0.92,cP_only,0.18161777349043434,2.6257919144760109,-1.7058509459607001,-1.7058509459607001
11a1,0,11,1000000,0.92,cL2_only,0.17554856726446896,2.6257919144760109,-1.7398395378110318,-1.7398395378110318
11a1,0,11,1000000,0.92,PL2_only,0.18161777349043434,2.6257919144760109,-1.7058509459607001,-1.7058509459607001
11a1,0,11,1000000,0.92,all,0.18161777349043434,2.6257919144760109,-1.7058509459607001,-1.7058509459607001
389a1,2,389,1000,0,sharp,0.0030507691135094662,1.9326447339160655,-5.7923615517881553,-1.9270720839560243
389a1,2,389,1000,0,c_only,0.0030507691135094662,1.9326447339160655,-5.7923615517881553,-1.9270720839560243
389a1,2,389,1000,0,P_only,0.0050395910306672799,1.9326447339160655,-5.2904303449001429,-1.4251408770680118
389a1,2,389,1000,0,L2_only,0.0030507691135094662,1.9326447339160655,-5.7923615517881553,-1.9270720839560243
389a1,2,389,1000,0,cP_only,0.0050395910306672799,1.9326447339160655,-5.2904303449001429,-1.4251408770680118
389a1,2,389,1000,0,cL2_only,0.0030507691135094662,1.9326447339160655,-5.7923615517881553,-1.9270720839560243
389a1,2,389,1000,0,PL2_only,0.0050395910306672799,1.9326447339160655,-5.2904303449001429,-1.4251408770680118
389a1,2,389,1000,0,all,0.0050395910306672799,1.9326447339160655,-5.2904303449001429,-1.4251408770680118
389a1,2,389,1000,0.25,sharp,0.0030507691135094662,1.9326447339160655,-5.7923615517881553,-1.9270720839560243
389a1,2,389,1000,0.25,c_only,0.0030507691135094662,1.9326447339160655,-5.7923615517881553,-1.9270720839560243
389a1,2,389,1000,0.25,P_only,0.0044838608805294481,1.9326447339160655,-5.4072708000052163,-1.5419813321730853
389a1,2,389,1000,0.25,L2_only,0.0030507691135094662,1.9326447339160655,-5.7923615517881553,-1.9270720839560243
389a1,2,389,1000,0.25,cP_only,0.0044838608805294481,1.9326447339160655,-5.4072708000052163,-1.5419813321730853
389a1,2,389,1000,0.25,cL2_only,0.0030507691135094662,1.9326447339160655,-5.7923615517881553,-1.9270720839560243
389a1,2,389,1000,0.25,PL2_only,0.0044838608805294481,1.9326447339160655,-5.4072708000052163,-1.5419813321730853
389a1,2,389,1000,0.25,all,0.0044838608805294481,1.9326447339160655,-5.4072708000052163,-1.5419813321730853
389a1,2,389,1000,0.5,sharp,0.0030507691135094662,1.9326447339160655,-5.7923615517881553,-1.9270720839560243
389a1,2,389,1000,0.5,c_only,0.0030507691135094662,1.9326447339160655,-5.7923615517881553,-1.9270720839560243
389a1,2,389,1000,0.5,P_only,0.0040678173347944123,1.9326447339160655,-5.5046487047552173,-1.6393592369230863
389a1,2,389,1000,0.5,L2_only,0.0030507691135094662,1.9326447339160655,-5.7923615517881553,-1.9270720839560243
389a1,2,389,1000,0.5,cP_only,0.0040678173347944123,1.9326447339160655,-5.5046487047552173,-1.6393592369230863
389a1,2,389,1000,0.5,cL2_only,0.0030507691135094662,1.9326447339160655,-5.7923615517881553,-1.9270720839560243
389a1,2,389,1000,0.5,PL2_only,0.0040678173347944123,1.9326447339160655,-5.5046487047552173,-1.6393592369230863
389a1,2,389,1000,0.5,all,0.0040678173347944123,1.9326447339160655,-5.5046487047552173,-1.6393592369230863
389a1,2,389,1000,0.65,sharp,0.0030507691135094662,1.9326447339160655,-5.7923615517881553,-1.9270720839560243
389a1,2,389,1000,0.65,c_only,0.0030507691135094662,1.9326447339160655,-5.7923615517881553,-1.9270720839560243
389a1,2,389,1000,0.65,P_only,0.0037269637724048526,1.9326447339160655,-5.5921613788421984,-1.7268719110100674
389a1,2,389,1000,0.65,L2_only,0.0030507691135094662,1.9326447339160655,-5.7923615517881553,-1.9270720839560243
389a1,2,389,1000,0.65,cP_only,0.0037269637724048526,1.9326447339160655,-5.5921613788421984,-1.7268719110100674
389a1,2,389,1000,0.65,cL2_only,0.0030507691135094662,1.9326447339160655,-5.7923615517881553,-1.9270720839560243
389a1,2,389,1000,0.65,PL2_only,0.0037269637724048526,1.9326447339160655,-5.5921613788421984,-1.7268719110100674
389a1,2,389,1000,0.65,all,0.0037269637724048526,1.9326447339160655,-5.5921613788421984,-1.7268719110100674
389a1,2,389,1000,0.75,sharp,0.0030507691135094662,1.9326447339160655,-5.7923615517881553,-1.9270720839560243
389a1,2,389,1000,0.75,c_only,0.0030507691135094662,1.9326447339160655,-5.7923615517881553,-1.9270720839560243
389a1,2,389,1000,0.75,P_only,0.0035870388946531886,1.9326447339160655,-5.6304282372643533,-1.7651387694322223
389a1,2,389,1000,0.75,L2_only,0.0030507691135094662,1.9326447339160655,-5.7923615517881553,-1.9270720839560243
389a1,2,389,1000,0.75,cP_only,0.0035870388946531886,1.9326447339160655,-5.6304282372643533,-1.7651387694322223
389a1,2,389,1000,0.75,cL2_only,0.0030507691135094662,1.9326447339160655,-5.7923615517881553,-1.9270720839560243
389a1,2,389,1000,0.75,PL2_only,0.0035870388946531886,1.9326447339160655,-5.6304282372643533,-1.7651387694322223
389a1,2,389,1000,0.75,all,0.0035870388946531886,1.9326447339160655,-5.6304282372643533,-1.7651387694322223
389a1,2,389,1000,0.85,sharp,0.0030507691135094662,1.9326447339160655,-5.7923615517881553,-1.9270720839560243
389a1,2,389,1000,0.85,c_only,0.0030507691135094662,1.9326447339160655,-5.7923615517881553,-1.9270720839560243
389a1,2,389,1000,0.85,P_only,0.0034605222012993602,1.9326447339160655,-5.6663357760695421,-1.8010463082374111
389a1,2,389,1000,0.85,L2_only,0.0030507691135094662,1.9326447339160655,-5.7923615517881553,-1.9270720839560243
389a1,2,389,1000,0.85,cP_only,0.0034605222012993602,1.9326447339160655,-5.6663357760695421,-1.8010463082374111
389a1,2,389,1000,0.85,cL2_only,0.0030507691135094662,1.9326447339160655,-5.7923615517881553,-1.9270720839560243
389a1,2,389,1000,0.85,PL2_only,0.0034605222012993602,1.9326447339160655,-5.6663357760695421,-1.8010463082374111
389a1,2,389,1000,0.85,all,0.0034605222012993602,1.9326447339160655,-5.6663357760695421,-1.8010463082374111
389a1,2,389,1000,0.92,sharp,0.0030507691135094662,1.9326447339160655,-5.7923615517881553,-1.9270720839560243
389a1,2,389,1000,0.92,c_only,0.0030507691135094662,1.9326447339160655,-5.7923615517881553,-1.9270720839560243
389a1,2,389,1000,0.92,P_only,0.00339643376612454,1.9326447339160655,-5.6850292901488366,-1.8197398223167056
389a1,2,389,1000,0.92,L2_only,0.0030507691135094662,1.9326447339160655,-5.7923615517881553,-1.9270720839560243
389a1,2,389,1000,0.92,cP_only,0.00339643376612454,1.9326447339160655,-5.6850292901488366,-1.8197398223167056
389a1,2,389,1000,0.92,cL2_only,0.0030507691135094662,1.9326447339160655,-5.7923615517881553,-1.9270720839560243
389a1,2,389,1000,0.92,PL2_only,0.00339643376612454,1.9326447339160655,-5.6850292901488366,-1.8197398223167056
389a1,2,389,1000,0.92,all,0.00339643376612454,1.9326447339160655,-5.6850292901488366,-1.8197398223167056
389a1,2,389,3000,0,sharp,0.0026699124812858224,2.0802371710391188,-5.9257095856518429,-1.7652352435736054
389a1,2,389,3000,0,c_only,0.0026699124812858224,2.0802371710391188,-5.9257095856518429,-1.7652352435736054
389a1,2,389,3000,0,P_only,0.0032684875938781052,2.0802371710391188,-5.7234279105808916,-1.5629535685026541
389a1,2,389,3000,0,L2_only,0.0026699124812858224,2.0802371710391188,-5.9257095856518429,-1.7652352435736054
389a1,2,389,3000,0,cP_only,0.0032684875938781052,2.0802371710391188,-5.7234279105808916,-1.5629535685026541
389a1,2,389,3000,0,cL2_only,0.0026699124812858224,2.0802371710391188,-5.9257095856518429,-1.7652352435736054
389a1,2,389,3000,0,PL2_only,0.0032684875938781052,2.0802371710391188,-5.7234279105808916,-1.5629535685026541
389a1,2,389,3000,0,all,0.0032684875938781052,2.0802371710391188,-5.7234279105808916,-1.5629535685026541
389a1,2,389,3000,0.25,sharp,0.0026699124812858224,2.0802371710391188,-5.9257095856518429,-1.7652352435736054
389a1,2,389,3000,0.25,c_only,0.0026699124812858224,2.0802371710391188,-5.9257095856518429,-1.7652352435736054
389a1,2,389,3000,0.25,P_only,0.0029106650247635725,2.0802371710391188,-5.8393736930613436,-1.6788993509831061
389a1,2,389,3000,0.25,L2_only,0.0026699124812858224,2.0802371710391188,-5.9257095856518429,-1.7652352435736054
389a1,2,389,3000,0.25,cP_only,0.0029106650247635725,2.0802371710391188,-5.8393736930613436,-1.6788993509831061
389a1,2,389,3000,0.25,cL2_only,0.0026699124812858224,2.0802371710391188,-5.9257095856518429,-1.7652352435736054
389a1,2,389,3000,0.25,PL2_only,0.0029106650247635725,2.0802371710391188,-5.8393736930613436,-1.6788993509831061
389a1,2,389,3000,0.25,all,0.0029106650247635725,2.0802371710391188,-5.8393736930613436,-1.6788993509831061
389a1,2,389,3000,0.5,sharp,0.0026699124812858224,2.0802371710391188,-5.9257095856518429,-1.7652352435736054
389a1,2,389,3000,0.5,c_only,0.0026699124812858224,2.0802371710391188,-5.9257095856518429,-1.7652352435736054
389a1,2,389,3000,0.5,P_only,0.0028102315208562343,2.0802371710391188,-5.8744884072667132,-1.7140140651884757
389a1,2,389,3000,0.5,L2_only,0.0026699124812858224,2.0802371710391188,-5.9257095856518429,-1.7652352435736054
389a1,2,389,3000,0.5,cP_only,0.0028102315208562343,2.0802371710391188,-5.8744884072667132,-1.7140140651884757
389a1,2,389,3000,0.5,cL2_only,0.0026699124812858224,2.0802371710391188,-5.9257095856518429,-1.7652352435736054
389a1,2,389,3000,0.5,PL2_only,0.0028102315208562343,2.0802371710391188,-5.8744884072667132,-1.7140140651884757
389a1,2,389,3000,0.5,all,0.0028102315208562343,2.0802371710391188,-5.8744884072667132,-1.7140140651884757
389a1,2,389,3000,0.65,sharp,0.0026699124812858224,2.0802371710391188,-5.9257095856518429,-1.7652352435736054
389a1,2,389,3000,0.65,c_only,0.0026699124812858224,2.0802371710391188,-5.9257095856518429,-1.7652352435736054
389a1,2,389,3000,0.65,P_only,0.002918162194704785,2.0802371710391188,-5.83680124622314,-1.6763269041449025
389a1,2,389,3000,0.65,L2_only,0.0026699124812858224,2.0802371710391188,-5.9257095856518429,-1.7652352435736054
389a1,2,389,3000,0.65,cP_only,0.002918162194704785,2.0802371710391188,-5.83680124622314,-1.6763269041449025
389a1,2,389,3000,0.65,cL2_only,0.0026699124812858224,2.0802371710391188,-5.9257095856518429,-1.7652352435736054
389a1,2,389,3000,0.65,PL2_only,0.002918162194704785,2.0802371710391188,-5.83680124622314,-1.6763269041449025
389a1,2,389,3000,0.65,all,0.002918162194704785,2.0802371710391188,-5.83680124622314,-1.6763269041449025
389a1,2,389,3000,0.75,sharp,0.0026699124812858224,2.0802371710391188,-5.9257095856518429,-1.7652352435736054
389a1,2,389,3000,0.75,c_only,0.0026699124812858224,2.0802371710391188,-5.9257095856518429,-1.7652352435736054
389a1,2,389,3000,0.75,P_only,0.0028839509183917525,2.0802371710391188,-5.8485940782924102,-1.6881197362141727
389a1,2,389,3000,0.75,L2_only,0.0026699124812858224,2.0802371710391188,-5.9257095856518429,-1.7652352435736054
389a1,2,389,3000,0.75,cP_only,0.0028839509183917525,2.0802371710391188,-5.8485940782924102,-1.6881197362141727
389a1,2,389,3000,0.75,cL2_only,0.0026699124812858224,2.0802371710391188,-5.9257095856518429,-1.7652352435736054
389a1,2,389,3000,0.75,PL2_only,0.0028839509183917525,2.0802371710391188,-5.8485940782924102,-1.6881197362141727
389a1,2,389,3000,0.75,all,0.0028839509183917525,2.0802371710391188,-5.8485940782924102,-1.6881197362141727
389a1,2,389,3000,0.85,sharp,0.0026699124812858224,2.0802371710391188,-5.9257095856518429,-1.7652352435736054
389a1,2,389,3000,0.85,c_only,0.0026699124812858224,2.0802371710391188,-5.9257095856518429,-1.7652352435736054
389a1,2,389,3000,0.85,P_only,0.00280866467025867,2.0802371710391188,-5.8750461148964268,-1.7145717728181893
389a1,2,389,3000,0.85,L2_only,0.0026699124812858224,2.0802371710391188,-5.9257095856518429,-1.7652352435736054
389a1,2,389,3000,0.85,cP_only,0.00280866467025867,2.0802371710391188,-5.8750461148964268,-1.7145717728181893
389a1,2,389,3000,0.85,cL2_only,0.0026699124812858224,2.0802371710391188,-5.9257095856518429,-1.7652352435736054
389a1,2,389,3000,0.85,PL2_only,0.00280866467025867,2.0802371710391188,-5.8750461148964268,-1.7145717728181893
389a1,2,389,3000,0.85,all,0.00280866467025867,2.0802371710391188,-5.8750461148964268,-1.7145717728181893
389a1,2,389,3000,0.92,sharp,0.0026699124812858224,2.0802371710391188,-5.9257095856518429,-1.7652352435736054
389a1,2,389,3000,0.92,c_only,0.0026699124812858224,2.0802371710391188,-5.9257095856518429,-1.7652352435736054
389a1,2,389,3000,0.92,P_only,0.002792029551623474,2.0802371710391188,-5.8809865097456635,-1.720512167667426
389a1,2,389,3000,0.92,L2_only,0.0026699124812858224,2.0802371710391188,-5.9257095856518429,-1.7652352435736054
389a1,2,389,3000,0.92,cP_only,0.002792029551623474,2.0802371710391188,-5.8809865097456635,-1.720512167667426
389a1,2,389,3000,0.92,cL2_only,0.0026699124812858224,2.0802371710391188,-5.9257095856518429,-1.7652352435736054
389a1,2,389,3000,0.92,PL2_only,0.002792029551623474,2.0802371710391188,-5.8809865097456635,-1.720512167667426
389a1,2,389,3000,0.92,all,0.002792029551623474,2.0802371710391188,-5.8809865097456635,-1.720512167667426
389a1,2,389,10000,0,sharp,0.0015717195238145827,2.2203268063678463,-6.4555850208591359,-2.0149314081234433
389a1,2,389,10000,0,c_only,0.0015717195238145827,2.2203268063678463,-6.4555850208591359,-2.0149314081234433
389a1,2,389,10000,0,P_only,0.0024377959844340781,2.2203268063678463,-6.0166609329528216,-1.576007320217129
389a1,2,389,10000,0,L2_only,0.0015717195238145827,2.2203268063678463,-6.4555850208591359,-2.0149314081234433
389a1,2,389,10000,0,cP_only,0.0024377959844340781,2.2203268063678463,-6.0166609329528216,-1.576007320217129
389a1,2,389,10000,0,cL2_only,0.0015717195238145827,2.2203268063678463,-6.4555850208591359,-2.0149314081234433
389a1,2,389,10000,0,PL2_only,0.0024377959844340781,2.2203268063678463,-6.0166609329528216,-1.576007320217129
389a1,2,389,10000,0,all,0.0024377959844340781,2.2203268063678463,-6.0166609329528216,-1.576007320217129
389a1,2,389,10000,0.25,sharp,0.0015717195238145827,2.2203268063678463,-6.4555850208591359,-2.0149314081234433
389a1,2,389,10000,0.25,c_only,0.0015717195238145827,2.2203268063678463,-6.4555850208591359,-2.0149314081234433
389a1,2,389,10000,0.25,P_only,0.002204745848902308,2.2203268063678463,-6.1171430379952128,-1.6764894252595202
389a1,2,389,10000,0.25,L2_only,0.0015717195238145827,2.2203268063678463,-6.4555850208591359,-2.0149314081234433
389a1,2,389,10000,0.25,cP_only,0.002204745848902308,2.2203268063678463,-6.1171430379952128,-1.6764894252595202
389a1,2,389,10000,0.25,cL2_only,0.0015717195238145827,2.2203268063678463,-6.4555850208591359,-2.0149314081234433
389a1,2,389,10000,0.25,PL2_only,0.002204745848902308,2.2203268063678463,-6.1171430379952128,-1.6764894252595202
389a1,2,389,10000,0.25,all,0.002204745848902308,2.2203268063678463,-6.1171430379952128,-1.6764894252595202
389a1,2,389,10000,0.5,sharp,0.0015717195238145827,2.2203268063678463,-6.4555850208591359,-2.0149314081234433
389a1,2,389,10000,0.5,c_only,0.0015717195238145827,2.2203268063678463,-6.4555850208591359,-2.0149314081234433
389a1,2,389,10000,0.5,P_only,0.001967072707842988,2.2203268063678463,-6.2312087764337605,-1.7905551636980679
389a1,2,389,10000,0.5,L2_only,0.0015717195238145827,2.2203268063678463,-6.4555850208591359,-2.0149314081234433
389a1,2,389,10000,0.5,cP_only,0.001967072707842988,2.2203268063678463,-6.2312087764337605,-1.7905551636980679
389a1,2,389,10000,0.5,cL2_only,0.0015717195238145827,2.2203268063678463,-6.4555850208591359,-2.0149314081234433
389a1,2,389,10000,0.5,PL2_only,0.001967072707842988,2.2203268063678463,-6.2312087764337605,-1.7905551636980679
389a1,2,389,10000,0.5,all,0.001967072707842988,2.2203268063678463,-6.2312087764337605,-1.7905551636980679
389a1,2,389,10000,0.65,sharp,0.0015717195238145827,2.2203268063678463,-6.4555850208591359,-2.0149314081234433
389a1,2,389,10000,0.65,c_only,0.0015717195238145827,2.2203268063678463,-6.4555850208591359,-2.0149314081234433
389a1,2,389,10000,0.65,P_only,0.0018775750449025481,2.2203268063678463,-6.277774204470969,-1.8371205917352764
389a1,2,389,10000,0.65,L2_only,0.0015717195238145827,2.2203268063678463,-6.4555850208591359,-2.0149314081234433
389a1,2,389,10000,0.65,cP_only,0.0018775750449025481,2.2203268063678463,-6.277774204470969,-1.8371205917352764
389a1,2,389,10000,0.65,cL2_only,0.0015717195238145827,2.2203268063678463,-6.4555850208591359,-2.0149314081234433
389a1,2,389,10000,0.65,PL2_only,0.0018775750449025481,2.2203268063678463,-6.277774204470969,-1.8371205917352764
389a1,2,389,10000,0.65,all,0.0018775750449025481,2.2203268063678463,-6.277774204470969,-1.8371205917352764
389a1,2,389,10000,0.75,sharp,0.0015717195238145827,2.2203268063678463,-6.4555850208591359,-2.0149314081234433
389a1,2,389,10000,0.75,c_only,0.0015717195238145827,2.2203268063678463,-6.4555850208591359,-2.0149314081234433
389a1,2,389,10000,0.75,P_only,0.0018289474561243319,2.2203268063678463,-6.3040146381849054,-1.8633610254492128
389a1,2,389,10000,0.75,L2_only,0.0015717195238145827,2.2203268063678463,-6.4555850208591359,-2.0149314081234433
389a1,2,389,10000,0.75,cP_only,0.0018289474561243319,2.2203268063678463,-6.3040146381849054,-1.8633610254492128
389a1,2,389,10000,0.75,cL2_only,0.0015717195238145827,2.2203268063678463,-6.4555850208591359,-2.0149314081234433
389a1,2,389,10000,0.75,PL2_only,0.0018289474561243319,2.2203268063678463,-6.3040146381849054,-1.8633610254492128
389a1,2,389,10000,0.75,all,0.0018289474561243319,2.2203268063678463,-6.3040146381849054,-1.8633610254492128
389a1,2,389,10000,0.85,sharp,0.0015717195238145827,2.2203268063678463,-6.4555850208591359,-2.0149314081234433
389a1,2,389,10000,0.85,c_only,0.0015717195238145827,2.2203268063678463,-6.4555850208591359,-2.0149314081234433
389a1,2,389,10000,0.85,P_only,0.0017898511156732794,2.2203268063678463,-6.3256228381902755,-1.8849692254545829
389a1,2,389,10000,0.85,L2_only,0.0015717195238145827,2.2203268063678463,-6.4555850208591359,-2.0149314081234433
389a1,2,389,10000,0.85,cP_only,0.0017898511156732794,2.2203268063678463,-6.3256228381902755,-1.8849692254545829
389a1,2,389,10000,0.85,cL2_only,0.0015717195238145827,2.2203268063678463,-6.4555850208591359,-2.0149314081234433
389a1,2,389,10000,0.85,PL2_only,0.0017898511156732794,2.2203268063678463,-6.3256228381902755,-1.8849692254545829
389a1,2,389,10000,0.85,all,0.0017898511156732794,2.2203268063678463,-6.3256228381902755,-1.8849692254545829
389a1,2,389,10000,0.92,sharp,0.0015717195238145827,2.2203268063678463,-6.4555850208591359,-2.0149314081234433
389a1,2,389,10000,0.92,c_only,0.0015717195238145827,2.2203268063678463,-6.4555850208591359,-2.0149314081234433
389a1,2,389,10000,0.92,P_only,0.0017815722188692638,2.2203268063678463,-6.3302590355030084,-1.8896054227673158
389a1,2,389,10000,0.92,L2_only,0.0015717195238145827,2.2203268063678463,-6.4555850208591359,-2.0149314081234433
389a1,2,389,10000,0.92,cP_only,0.0017815722188692638,2.2203268063678463,-6.3302590355030084,-1.8896054227673158
389a1,2,389,10000,0.92,cL2_only,0.0015717195238145827,2.2203268063678463,-6.4555850208591359,-2.0149314081234433
389a1,2,389,10000,0.92,PL2_only,0.0017815722188692638,2.2203268063678463,-6.3302590355030084,-1.8896054227673158
389a1,2,389,10000,0.92,all,0.0017815722188692638,2.2203268063678463,-6.3302590355030084,-1.8896054227673158
389a1,2,389,30000,0,sharp,0.0015055867458350835,2.3330127080622156,-6.4985725924164059,-1.8325471762919747
389a1,2,389,30000,0,c_only,0.0015055867458350835,2.3330127080622156,-6.4985725924164059,-1.8325471762919747
389a1,2,389,30000,0,P_only,0.001880916004402903,2.3330127080622156,-6.2759963844168611,-1.6099709682924299
389a1,2,389,30000,0,L2_only,0.0015055867458350835,2.3330127080622156,-6.4985725924164059,-1.8325471762919747
389a1,2,389,30000,0,cP_only,0.001880916004402903,2.3330127080622156,-6.2759963844168611,-1.6099709682924299
389a1,2,389,30000,0,cL2_only,0.0015055867458350835,2.3330127080622156,-6.4985725924164059,-1.8325471762919747
389a1,2,389,30000,0,PL2_only,0.001880916004402903,2.3330127080622156,-6.2759963844168611,-1.6099709682924299
389a1,2,389,30000,0,all,0.001880916004402903,2.3330127080622156,-6.2759963844168611,-1.6099709682924299
389a1,2,389,30000,0.25,sharp,0.0015055867458350835,2.3330127080622156,-6.4985725924164059,-1.8325471762919747
389a1,2,389,30000,0.25,c_only,0.0015055867458350835,2.3330127080622156,-6.4985725924164059,-1.8325471762919747
389a1,2,389,30000,0.25,P_only,0.0017714409944621483,2.3330127080622156,-6.3359619424482245,-1.6699365263237933
389a1,2,389,30000,0.25,L2_only,0.0015055867458350835,2.3330127080622156,-6.4985725924164059,-1.8325471762919747
389a1,2,389,30000,0.25,cP_only,0.0017714409944621483,2.3330127080622156,-6.3359619424482245,-1.6699365263237933
389a1,2,389,30000,0.25,cL2_only,0.0015055867458350835,2.3330127080622156,-6.4985725924164059,-1.8325471762919747
389a1,2,389,30000,0.25,PL2_only,0.0017714409944621483,2.3330127080622156,-6.3359619424482245,-1.6699365263237933
389a1,2,389,30000,0.25,all,0.0017714409944621483,2.3330127080622156,-6.3359619424482245,-1.6699365263237933
389a1,2,389,30000,0.5,sharp,0.0015055867458350835,2.3330127080622156,-6.4985725924164059,-1.8325471762919747
389a1,2,389,30000,0.5,c_only,0.0015055867458350835,2.3330127080622156,-6.4985725924164059,-1.8325471762919747
389a1,2,389,30000,0.5,P_only,0.0016968238880413033,2.3330127080622156,-6.3789970765235884,-1.7129716603991572
389a1,2,389,30000,0.5,L2_only,0.0015055867458350835,2.3330127080622156,-6.4985725924164059,-1.8325471762919747
389a1,2,389,30000,0.5,cP_only,0.0016968238880413033,2.3330127080622156,-6.3789970765235884,-1.7129716603991572
389a1,2,389,30000,0.5,cL2_only,0.0015055867458350835,2.3330127080622156,-6.4985725924164059,-1.8325471762919747
389a1,2,389,30000,0.5,PL2_only,0.0016968238880413033,2.3330127080622156,-6.3789970765235884,-1.7129716603991572
389a1,2,389,30000,0.5,all,0.0016968238880413033,2.3330127080622156,-6.3789970765235884,-1.7129716603991572
389a1,2,389,30000,0.65,sharp,0.0015055867458350835,2.3330127080622156,-6.4985725924164059,-1.8325471762919747
389a1,2,389,30000,0.65,c_only,0.0015055867458350835,2.3330127080622156,-6.4985725924164059,-1.8325471762919747
389a1,2,389,30000,0.65,P_only,0.0016403521431465424,2.3330127080622156,-6.4128443387645584,-1.7468189226401272
389a1,2,389,30000,0.65,L2_only,0.0015055867458350835,2.3330127080622156,-6.4985725924164059,-1.8325471762919747
389a1,2,389,30000,0.65,cP_only,0.0016403521431465424,2.3330127080622156,-6.4128443387645584,-1.7468189226401272
389a1,2,389,30000,0.65,cL2_only,0.0015055867458350835,2.3330127080622156,-6.4985725924164059,-1.8325471762919747
389a1,2,389,30000,0.65,PL2_only,0.0016403521431465424,2.3330127080622156,-6.4128443387645584,-1.7468189226401272
389a1,2,389,30000,0.65,all,0.0016403521431465424,2.3330127080622156,-6.4128443387645584,-1.7468189226401272
389a1,2,389,30000,0.75,sharp,0.0015055867458350835,2.3330127080622156,-6.4985725924164059,-1.8325471762919747
389a1,2,389,30000,0.75,c_only,0.0015055867458350835,2.3330127080622156,-6.4985725924164059,-1.8325471762919747
389a1,2,389,30000,0.75,P_only,0.0015867831622755361,2.3330127080622156,-6.4460464804999233,-1.7800210643754921
389a1,2,389,30000,0.75,L2_only,0.0015055867458350835,2.3330127080622156,-6.4985725924164059,-1.8325471762919747
389a1,2,389,30000,0.75,cP_only,0.0015867831622755361,2.3330127080622156,-6.4460464804999233,-1.7800210643754921
389a1,2,389,30000,0.75,cL2_only,0.0015055867458350835,2.3330127080622156,-6.4985725924164059,-1.8325471762919747
389a1,2,389,30000,0.75,PL2_only,0.0015867831622755361,2.3330127080622156,-6.4460464804999233,-1.7800210643754921
389a1,2,389,30000,0.75,all,0.0015867831622755361,2.3330127080622156,-6.4460464804999233,-1.7800210643754921
389a1,2,389,30000,0.85,sharp,0.0015055867458350835,2.3330127080622156,-6.4985725924164059,-1.8325471762919747
389a1,2,389,30000,0.85,c_only,0.0015055867458350835,2.3330127080622156,-6.4985725924164059,-1.8325471762919747
389a1,2,389,30000,0.85,P_only,0.0015282342435808218,2.3330127080622156,-6.4836422992143818,-1.8176168830899506
389a1,2,389,30000,0.85,L2_only,0.0015055867458350835,2.3330127080622156,-6.4985725924164059,-1.8325471762919747
389a1,2,389,30000,0.85,cP_only,0.0015282342435808218,2.3330127080622156,-6.4836422992143818,-1.8176168830899506
389a1,2,389,30000,0.85,cL2_only,0.0015055867458350835,2.3330127080622156,-6.4985725924164059,-1.8325471762919747
389a1,2,389,30000,0.85,PL2_only,0.0015282342435808218,2.3330127080622156,-6.4836422992143818,-1.8176168830899506
389a1,2,389,30000,0.85,all,0.0015282342435808218,2.3330127080622156,-6.4836422992143818,-1.8176168830899506
389a1,2,389,30000,0.92,sharp,0.0015055867458350835,2.3330127080622156,-6.4985725924164059,-1.8325471762919747
389a1,2,389,30000,0.92,c_only,0.0015055867458350835,2.3330127080622156,-6.4985725924164059,-1.8325471762919747
389a1,2,389,30000,0.92,P_only,0.0015534475562396235,2.3330127080622156,-6.4672785881563453,-1.801253172031914
389a1,2,389,30000,0.92,L2_only,0.0015055867458350835,2.3330127080622156,-6.4985725924164059,-1.8325471762919747
389a1,2,389,30000,0.92,cP_only,0.0015534475562396235,2.3330127080622156,-6.4672785881563453,-1.801253172031914
389a1,2,389,30000,0.92,cL2_only,0.0015055867458350835,2.3330127080622156,-6.4985725924164059,-1.8325471762919747
389a1,2,389,30000,0.92,PL2_only,0.0015534475562396235,2.3330127080622156,-6.4672785881563453,-1.801253172031914
389a1,2,389,30000,0.92,all,0.0015534475562396235,2.3330127080622156,-6.4672785881563453,-1.801253172031914
389a1,2,389,100000,0,sharp,0.0012108925094811316,2.443470357682056,-6.7163975801334574,-1.8294568647693454
389a1,2,389,100000,0,c_only,0.0012108925094811316,2.443470357682056,-6.7163975801334574,-1.8294568647693454
389a1,2,389,100000,0,P_only,0.0015026821895932393,2.443470357682056,-6.5005036412732524,-1.6135629259091404
389a1,2,389,100000,0,L2_only,0.0012108925094811316,2.443470357682056,-6.7163975801334574,-1.8294568647693454
389a1,2,389,100000,0,cP_only,0.0015026821895932393,2.443470357682056,-6.5005036412732524,-1.6135629259091404
389a1,2,389,100000,0,cL2_only,0.0012108925094811316,2.443470357682056,-6.7163975801334574,-1.8294568647693454
389a1,2,389,100000,0,PL2_only,0.0015026821895932393,2.443470357682056,-6.5005036412732524,-1.6135629259091404
389a1,2,389,100000,0,all,0.0015026821895932393,2.443470357682056,-6.5005036412732524,-1.6135629259091404
389a1,2,389,100000,0.25,sharp,0.0012108925094811316,2.443470357682056,-6.7163975801334574,-1.8294568647693454
389a1,2,389,100000,0.25,c_only,0.0012108925094811316,2.443470357682056,-6.7163975801334574,-1.8294568647693454
389a1,2,389,100000,0.25,P_only,0.0013996665946529169,2.443470357682056,-6.5715212173988347,-1.6845805020347226
389a1,2,389,100000,0.25,L2_only,0.0012108925094811316,2.443470357682056,-6.7163975801334574,-1.8294568647693454
389a1,2,389,100000,0.25,cP_only,0.0013996665946529169,2.443470357682056,-6.5715212173988347,-1.6845805020347226
389a1,2,389,100000,0.25,cL2_only,0.0012108925094811316,2.443470357682056,-6.7163975801334574,-1.8294568647693454
389a1,2,389,100000,0.25,PL2_only,0.0013996665946529169,2.443470357682056,-6.5715212173988347,-1.6845805020347226
389a1,2,389,100000,0.25,all,0.0013996665946529169,2.443470357682056,-6.5715212173988347,-1.6845805020347226
389a1,2,389,100000,0.5,sharp,0.0012108925094811316,2.443470357682056,-6.7163975801334574,-1.8294568647693454
389a1,2,389,100000,0.5,c_only,0.0012108925094811316,2.443470357682056,-6.7163975801334574,-1.8294568647693454
389a1,2,389,100000,0.5,P_only,0.0012897990393648826,2.443470357682056,-6.653268856182132,-1.76632814081802
389a1,2,389,100000,0.5,L2_only,0.0012108925094811316,2.443470357682056,-6.7163975801334574,-1.8294568647693454
389a1,2,389,100000,0.5,cP_only,0.0012897990393648826,2.443470357682056,-6.653268856182132,-1.76632814081802
389a1,2,389,100000,0.5,cL2_only,0.0012108925094811316,2.443470357682056,-6.7163975801334574,-1.8294568647693454
389a1,2,389,100000,0.5,PL2_only,0.0012897990393648826,2.443470357682056,-6.653268856182132,-1.76632814081802
389a1,2,389,100000,0.5,all,0.0012897990393648826,2.443470357682056,-6.653268856182132,-1.76632814081802
389a1,2,389,100000,0.65,sharp,0.0012108925094811316,2.443470357682056,-6.7163975801334574,-1.8294568647693454
389a1,2,389,100000,0.65,c_only,0.0012108925094811316,2.443470357682056,-6.7163975801334574,-1.8294568647693454
389a1,2,389,100000,0.65,P_only,0.0012893680435400771,2.443470357682056,-6.653603069371866,-1.766662354007754
389a1,2,389,100000,0.65,L2_only,0.0012108925094811316,2.443470357682056,-6.7163975801334574,-1.8294568647693454
389a1,2,389,100000,0.65,cP_only,0.0012893680435400771,2.443470357682056,-6.653603069371866,-1.766662354007754
389a1,2,389,100000,0.65,cL2_only,0.0012108925094811316,2.443470357682056,-6.7163975801334574,-1.8294568647693454
389a1,2,389,100000,0.65,PL2_only,0.0012893680435400771,2.443470357682056,-6.653603069371866,-1.766662354007754
389a1,2,389,100000,0.65,all,0.0012893680435400771,2.443470357682056,-6.653603069371866,-1.766662354007754
389a1,2,389,100000,0.75,sharp,0.0012108925094811316,2.443470357682056,-6.7163975801334574,-1.8294568647693454
389a1,2,389,100000,0.75,c_only,0.0012108925094811316,2.443470357682056,-6.7163975801334574,-1.8294568647693454
389a1,2,389,100000,0.75,P_only,0.0013156340747937838,2.443470357682056,-6.6334365434118281,-1.7464958280477161
389a1,2,389,100000,0.75,L2_only,0.0012108925094811316,2.443470357682056,-6.7163975801334574,-1.8294568647693454
389a1,2,389,100000,0.75,cP_only,0.0013156340747937838,2.443470357682056,-6.6334365434118281,-1.7464958280477161
389a1,2,389,100000,0.75,cL2_only,0.0012108925094811316,2.443470357682056,-6.7163975801334574,-1.8294568647693454
389a1,2,389,100000,0.75,PL2_only,0.0013156340747937838,2.443470357682056,-6.6334365434118281,-1.7464958280477161
389a1,2,389,100000,0.75,all,0.0013156340747937838,2.443470357682056,-6.6334365434118281,-1.7464958280477161
389a1,2,389,100000,0.85,sharp,0.0012108925094811316,2.443470357682056,-6.7163975801334574,-1.8294568647693454
389a1,2,389,100000,0.85,c_only,0.0012108925094811316,2.443470357682056,-6.7163975801334574,-1.8294568647693454
389a1,2,389,100000,0.85,P_only,0.0013182342674318435,2.443470357682056,-6.6314621140593175,-1.7445213986952055
389a1,2,389,100000,0.85,L2_only,0.0012108925094811316,2.443470357682056,-6.7163975801334574,-1.8294568647693454
389a1,2,389,100000,0.85,cP_only,0.0013182342674318435,2.443470357682056,-6.6314621140593175,-1.7445213986952055
389a1,2,389,100000,0.85,cL2_only,0.0012108925094811316,2.443470357682056,-6.7163975801334574,-1.8294568647693454
389a1,2,389,100000,0.85,PL2_only,0.0013182342674318435,2.443470357682056,-6.6314621140593175,-1.7445213986952055
389a1,2,389,100000,0.85,all,0.0013182342674318435,2.443470357682056,-6.6314621140593175,-1.7445213986952055
389a1,2,389,100000,0.92,sharp,0.0012108925094811316,2.443470357682056,-6.7163975801334574,-1.8294568647693454
389a1,2,389,100000,0.92,c_only,0.0012108925094811316,2.443470357682056,-6.7163975801334574,-1.8294568647693454
389a1,2,389,100000,0.92,P_only,0.0012734869342060826,2.443470357682056,-6.665996523349194,-1.779055807985082
389a1,2,389,100000,0.92,L2_only,0.0012108925094811316,2.443470357682056,-6.7163975801334574,-1.8294568647693454
389a1,2,389,100000,0.92,cP_only,0.0012734869342060826,2.443470357682056,-6.665996523349194,-1.779055807985082
389a1,2,389,100000,0.92,cL2_only,0.0012108925094811316,2.443470357682056,-6.7163975801334574,-1.8294568647693454
389a1,2,389,100000,0.92,PL2_only,0.0012734869342060826,2.443470357682056,-6.665996523349194,-1.779055807985082
389a1,2,389,100000,0.92,all,0.0012734869342060826,2.443470357682056,-6.665996523349194,-1.779055807985082
389a1,2,389,300000,0,sharp,0.0012147467635043408,2.5346120896979718,-6.7132196490124629,-1.6439954696165193
389a1,2,389,300000,0,c_only,0.0012147467635043408,2.5346120896979718,-6.7132196490124629,-1.6439954696165193
389a1,2,389,300000,0,P_only,0.0012345989916101475,2.5346120896979718,-6.6970090647793565,-1.6277848853834129
389a1,2,389,300000,0,L2_only,0.0012147467635043408,2.5346120896979718,-6.7132196490124629,-1.6439954696165193
389a1,2,389,300000,0,cP_only,0.0012345989916101475,2.5346120896979718,-6.6970090647793565,-1.6277848853834129
389a1,2,389,300000,0,cL2_only,0.0012147467635043408,2.5346120896979718,-6.7132196490124629,-1.6439954696165193
389a1,2,389,300000,0,PL2_only,0.0012345989916101475,2.5346120896979718,-6.6970090647793565,-1.6277848853834129
389a1,2,389,300000,0,all,0.0012345989916101475,2.5346120896979718,-6.6970090647793565,-1.6277848853834129
389a1,2,389,300000,0.25,sharp,0.0012147467635043408,2.5346120896979718,-6.7132196490124629,-1.6439954696165193
389a1,2,389,300000,0.25,c_only,0.0012147467635043408,2.5346120896979718,-6.7132196490124629,-1.6439954696165193
389a1,2,389,300000,0.25,P_only,0.0011855253264873599,2.5346120896979718,-6.7375692891379941,-1.6683451097420505
389a1,2,389,300000,0.25,L2_only,0.0012147467635043408,2.5346120896979718,-6.7132196490124629,-1.6439954696165193
389a1,2,389,300000,0.25,cP_only,0.0011855253264873599,2.5346120896979718,-6.7375692891379941,-1.6683451097420505
389a1,2,389,300000,0.25,cL2_only,0.0012147467635043408,2.5346120896979718,-6.7132196490124629,-1.6439954696165193
389a1,2,389,300000,0.25,PL2_only,0.0011855253264873599,2.5346120896979718,-6.7375692891379941,-1.6683451097420505
389a1,2,389,300000,0.25,all,0.0011855253264873599,2.5346120896979718,-6.7375692891379941,-1.6683451097420505
389a1,2,389,300000,0.5,sharp,0.0012147467635043408,2.5346120896979718,-6.7132196490124629,-1.6439954696165193
389a1,2,389,300000,0.5,c_only,0.0012147467635043408,2.5346120896979718,-6.7132196490124629,-1.6439954696165193
389a1,2,389,300000,0.5,P_only,0.0012090353573385466,2.5346120896979718,-6.717932462666651,-1.6487082832707074
389a1,2,389,300000,0.5,L2_only,0.0012147467635043408,2.5346120896979718,-6.7132196490124629,-1.6439954696165193
389a1,2,389,300000,0.5,cP_only,0.0012090353573385466,2.5346120896979718,-6.717932462666651,-1.6487082832707074
389a1,2,389,300000,0.5,cL2_only,0.0012147467635043408,2.5346120896979718,-6.7132196490124629,-1.6439954696165193
389a1,2,389,300000,0.5,PL2_only,0.0012090353573385466,2.5346120896979718,-6.717932462666651,-1.6487082832707074
389a1,2,389,300000,0.5,all,0.0012090353573385466,2.5346120896979718,-6.717932462666651,-1.6487082832707074
389a1,2,389,300000,0.65,sharp,0.0012147467635043408,2.5346120896979718,-6.7132196490124629,-1.6439954696165193
389a1,2,389,300000,0.65,c_only,0.0012147467635043408,2.5346120896979718,-6.7132196490124629,-1.6439954696165193
389a1,2,389,300000,0.65,P_only,0.0012240983805233815,2.5346120896979718,-6.7055507218774073,-1.6363265424814637
389a1,2,389,300000,0.65,L2_only,0.0012147467635043408,2.5346120896979718,-6.7132196490124629,-1.6439954696165193
389a1,2,389,300000,0.65,cP_only,0.0012240983805233815,2.5346120896979718,-6.7055507218774073,-1.6363265424814637
389a1,2,389,300000,0.65,cL2_only,0.0012147467635043408,2.5346120896979718,-6.7132196490124629,-1.6439954696165193
389a1,2,389,300000,0.65,PL2_only,0.0012240983805233815,2.5346120896979718,-6.7055507218774073,-1.6363265424814637
389a1,2,389,300000,0.65,all,0.0012240983805233815,2.5346120896979718,-6.7055507218774073,-1.6363265424814637
389a1,2,389,300000,0.75,sharp,0.0012147467635043408,2.5346120896979718,-6.7132196490124629,-1.6439954696165193
389a1,2,389,300000,0.75,c_only,0.0012147467635043408,2.5346120896979718,-6.7132196490124629,-1.6439954696165193
389a1,2,389,300000,0.75,P_only,0.0011990495100100858,2.5346120896979718,-6.726226111036917,-1.6570019316409734
389a1,2,389,300000,0.75,L2_only,0.0012147467635043408,2.5346120896979718,-6.7132196490124629,-1.6439954696165193
389a1,2,389,300000,0.75,cP_only,0.0011990495100100858,2.5346120896979718,-6.726226111036917,-1.6570019316409734
389a1,2,389,300000,0.75,cL2_only,0.0012147467635043408,2.5346120896979718,-6.7132196490124629,-1.6439954696165193
389a1,2,389,300000,0.75,PL2_only,0.0011990495100100858,2.5346120896979718,-6.726226111036917,-1.6570019316409734
389a1,2,389,300000,0.75,all,0.0011990495100100858,2.5346120896979718,-6.726226111036917,-1.6570019316409734
389a1,2,389,300000,0.85,sharp,0.0012147467635043408,2.5346120896979718,-6.7132196490124629,-1.6439954696165193
389a1,2,389,300000,0.85,c_only,0.0012147467635043408,2.5346120896979718,-6.7132196490124629,-1.6439954696165193
389a1,2,389,300000,0.85,P_only,0.0011700616811890661,2.5346120896979718,-6.7506988125970544,-1.6814746332011108
389a1,2,389,300000,0.85,L2_only,0.0012147467635043408,2.5346120896979718,-6.7132196490124629,-1.6439954696165193
389a1,2,389,300000,0.85,cP_only,0.0011700616811890661,2.5346120896979718,-6.7506988125970544,-1.6814746332011108
389a1,2,389,300000,0.85,cL2_only,0.0012147467635043408,2.5346120896979718,-6.7132196490124629,-1.6439954696165193
389a1,2,389,300000,0.85,PL2_only,0.0011700616811890661,2.5346120896979718,-6.7506988125970544,-1.6814746332011108
389a1,2,389,300000,0.85,all,0.0011700616811890661,2.5346120896979718,-6.7506988125970544,-1.6814746332011108
389a1,2,389,300000,0.92,sharp,0.0012147467635043408,2.5346120896979718,-6.7132196490124629,-1.6439954696165193
389a1,2,389,300000,0.92,c_only,0.0012147467635043408,2.5346120896979718,-6.7132196490124629,-1.6439954696165193
389a1,2,389,300000,0.92,P_only,0.0011594572680047772,2.5346120896979718,-6.7598032557599863,-1.6905790763640427
389a1,2,389,300000,0.92,L2_only,0.0012147467635043408,2.5346120896979718,-6.7132196490124629,-1.6439954696165193
389a1,2,389,300000,0.92,cP_only,0.0011594572680047772,2.5346120896979718,-6.7598032557599863,-1.6905790763640427
389a1,2,389,300000,0.92,cL2_only,0.0012147467635043408,2.5346120896979718,-6.7132196490124629,-1.6439954696165193
389a1,2,389,300000,0.92,PL2_only,0.0011594572680047772,2.5346120896979718,-6.7598032557599863,-1.6905790763640427
389a1,2,389,300000,0.92,all,0.0011594572680047772,2.5346120896979718,-6.7598032557599863,-1.6905790763640427
389a1,2,389,1000000,0,sharp,0.00087282623130042743,2.6257919144760109,-7.043774069703141,-1.7921902407511192
389a1,2,389,1000000,0,c_only,0.00087282623130042743,2.6257919144760109,-7.043774069703141,-1.7921902407511192
389a1,2,389,1000000,0,P_only,0.00099977547041868952,2.6257919144760109,-6.9079798337739877,-1.6563960048219659
389a1,2,389,1000000,0,L2_only,0.00087282623130042743,2.6257919144760109,-7.043774069703141,-1.7921902407511192
389a1,2,389,1000000,0,cP_only,0.00099977547041868952,2.6257919144760109,-6.9079798337739877,-1.6563960048219659
389a1,2,389,1000000,0,cL2_only,0.00087282623130042743,2.6257919144760109,-7.043774069703141,-1.7921902407511192
389a1,2,389,1000000,0,PL2_only,0.00099977547041868952,2.6257919144760109,-6.9079798337739877,-1.6563960048219659
389a1,2,389,1000000,0,all,0.00099977547041868952,2.6257919144760109,-6.9079798337739877,-1.6563960048219659
389a1,2,389,1000000,0.25,sharp,0.00087282623130042743,2.6257919144760109,-7.043774069703141,-1.7921902407511192
389a1,2,389,1000000,0.25,c_only,0.00087282623130042743,2.6257919144760109,-7.043774069703141,-1.7921902407511192
389a1,2,389,1000000,0.25,P_only,0.00093017533032654237,2.6257919144760109,-6.9801374623531567,-1.7285536334011349
389a1,2,389,1000000,0.25,L2_only,0.00087282623130042743,2.6257919144760109,-7.043774069703141,-1.7921902407511192
389a1,2,389,1000000,0.25,cP_only,0.00093017533032654237,2.6257919144760109,-6.9801374623531567,-1.7285536334011349
389a1,2,389,1000000,0.25,cL2_only,0.00087282623130042743,2.6257919144760109,-7.043774069703141,-1.7921902407511192
389a1,2,389,1000000,0.25,PL2_only,0.00093017533032654237,2.6257919144760109,-6.9801374623531567,-1.7285536334011349
389a1,2,389,1000000,0.25,all,0.00093017533032654237,2.6257919144760109,-6.9801374623531567,-1.7285536334011349
389a1,2,389,1000000,0.5,sharp,0.00087282623130042743,2.6257919144760109,-7.043774069703141,-1.7921902407511192
389a1,2,389,1000000,0.5,c_only,0.00087282623130042743,2.6257919144760109,-7.043774069703141,-1.7921902407511192
389a1,2,389,1000000,0.5,P_only,0.00088893562673288378,2.6257919144760109,-7.0254857359463099,-1.7739019069942881
389a1,2,389,1000000,0.5,L2_only,0.00087282623130042743,2.6257919144760109,-7.043774069703141,-1.7921902407511192
389a1,2,389,1000000,0.5,cP_only,0.00088893562673288378,2.6257919144760109,-7.0254857359463099,-1.7739019069942881
389a1,2,389,1000000,0.5,cL2_only,0.00087282623130042743,2.6257919144760109,-7.043774069703141,-1.7921902407511192
389a1,2,389,1000000,0.5,PL2_only,0.00088893562673288378,2.6257919144760109,-7.0254857359463099,-1.7739019069942881
389a1,2,389,1000000,0.5,all,0.00088893562673288378,2.6257919144760109,-7.0254857359463099,-1.7739019069942881
389a1,2,389,1000000,0.65,sharp,0.00087282623130042743,2.6257919144760109,-7.043774069703141,-1.7921902407511192
389a1,2,389,1000000,0.65,c_only,0.00087282623130042743,2.6257919144760109,-7.043774069703141,-1.7921902407511192
389a1,2,389,1000000,0.65,P_only,0.00088170079211647399,2.6257919144760109,-7.0336577974748788,-1.782073968522857
389a1,2,389,1000000,0.65,L2_only,0.00087282623130042743,2.6257919144760109,-7.043774069703141,-1.7921902407511192
389a1,2,389,1000000,0.65,cP_only,0.00088170079211647399,2.6257919144760109,-7.0336577974748788,-1.782073968522857
389a1,2,389,1000000,0.65,cL2_only,0.00087282623130042743,2.6257919144760109,-7.043774069703141,-1.7921902407511192
389a1,2,389,1000000,0.65,PL2_only,0.00088170079211647399,2.6257919144760109,-7.0336577974748788,-1.782073968522857
389a1,2,389,1000000,0.65,all,0.00088170079211647399,2.6257919144760109,-7.0336577974748788,-1.782073968522857
389a1,2,389,1000000,0.75,sharp,0.00087282623130042743,2.6257919144760109,-7.043774069703141,-1.7921902407511192
389a1,2,389,1000000,0.75,c_only,0.00087282623130042743,2.6257919144760109,-7.043774069703141,-1.7921902407511192
389a1,2,389,1000000,0.75,P_only,0.00088814941556284843,2.6257919144760109,-7.026370568357386,-1.7747867394053642
389a1,2,389,1000000,0.75,L2_only,0.00087282623130042743,2.6257919144760109,-7.043774069703141,-1.7921902407511192
389a1,2,389,1000000,0.75,cP_only,0.00088814941556284843,2.6257919144760109,-7.026370568357386,-1.7747867394053642
389a1,2,389,1000000,0.75,cL2_only,0.00087282623130042743,2.6257919144760109,-7.043774069703141,-1.7921902407511192
389a1,2,389,1000000,0.75,PL2_only,0.00088814941556284843,2.6257919144760109,-7.026370568357386,-1.7747867394053642
389a1,2,389,1000000,0.75,all,0.00088814941556284843,2.6257919144760109,-7.026370568357386,-1.7747867394053642
389a1,2,389,1000000,0.85,sharp,0.00087282623130042743,2.6257919144760109,-7.043774069703141,-1.7921902407511192
389a1,2,389,1000000,0.85,c_only,0.00087282623130042743,2.6257919144760109,-7.043774069703141,-1.7921902407511192
389a1,2,389,1000000,0.85,P_only,0.00090361020189374034,2.6257919144760109,-7.0091124831577769,-1.7575286542057551
389a1,2,389,1000000,0.85,L2_only,0.00087282623130042743,2.6257919144760109,-7.043774069703141,-1.7921902407511192
389a1,2,389,1000000,0.85,cP_only,0.00090361020189374034,2.6257919144760109,-7.0091124831577769,-1.7575286542057551
389a1,2,389,1000000,0.85,cL2_only,0.00087282623130042743,2.6257919144760109,-7.043774069703141,-1.7921902407511192
389a1,2,389,1000000,0.85,PL2_only,0.00090361020189374034,2.6257919144760109,-7.0091124831577769,-1.7575286542057551
389a1,2,389,1000000,0.85,all,0.00090361020189374034,2.6257919144760109,-7.0091124831577769,-1.7575286542057551
389a1,2,389,1000000,0.92,sharp,0.00087282623130042743,2.6257919144760109,-7.043774069703141,-1.7921902407511192
389a1,2,389,1000000,0.92,c_only,0.00087282623130042743,2.6257919144760109,-7.043774069703141,-1.7921902407511192
389a1,2,389,1000000,0.92,P_only,0.00089920097223831921,2.6257919144760109,-7.0140039975995432,-1.7624201686475214
389a1,2,389,1000000,0.92,L2_only,0.00087282623130042743,2.6257919144760109,-7.043774069703141,-1.7921902407511192
389a1,2,389,1000000,0.92,cP_only,0.00089920097223831921,2.6257919144760109,-7.0140039975995432,-1.7624201686475214
389a1,2,389,1000000,0.92,cL2_only,0.00087282623130042743,2.6257919144760109,-7.043774069703141,-1.7921902407511192
389a1,2,389,1000000,0.92,PL2_only,0.00089920097223831921,2.6257919144760109,-7.0140039975995432,-1.7624201686475214
389a1,2,389,1000000,0.92,all,0.00089920097223831921,2.6257919144760109,-7.0140039975995432,-1.7624201686475214
